Year,Location,Competition,Round,Phase,Class,Rank,Bib,Athlete Name,Last Name,First Name,Nation,Time,Time Behind,% Behind Winner,Faults,Competition ID,Athlete ID
2025,Foix,U23 World Championships,Time Trial,Time Trial,WCSLX,1,11,Zuzana PANKOVA,PANKOVA,Zuzana,SVK,55.36,0,100.00%,,2025 Foix U23 World Championships,2025 Foix U23 World Championships WCSLX Zuzana PANKOVA
2025,Foix,U23 World Championships,Time Trial,Time Trial,WCSLX,2,10,Olga SAMKOVA,SAMKOVA,Olga,CZE,55.65,0.29,100.52%,,2025 Foix U23 World Championships,2025 Foix U23 World Championships WCSLX Olga SAMKOVA
2025,Foix,U23 World Championships,Time Trial,Time Trial,WCSLX,3,3,Tereza KNEBLOVA,KNEBLOVA,Tereza,CZE,56.43,1.07,101.93%,,2025 Foix U23 World Championships,2025 Foix U23 World Championships WCSLX Tereza KNEBLOVA
2025,Foix,U23 World Championships,Time Trial,Time Trial,WCSLX,4,2,Emma VUITTON,VUITTON,Emma,FRA,56.46,1.1,101.99%,,2025 Foix U23 World Championships,2025 Foix U23 World Championships WCSLX Emma VUITTON
2025,Foix,U23 World Championships,Time Trial,Time Trial,WCSLX,5,1,Evy LEIBFARTH,LEIBFARTH,Evy,USA,56.47,1.11,102.01%,,2025 Foix U23 World Championships,2025 Foix U23 World Championships WCSLX Evy LEIBFARTH
2025,Foix,U23 World Championships,Time Trial,Time Trial,WCSLX,6,32,Doriane DELASSUS,DELASSUS,Doriane,FRA,56.7,1.34,102.42%,,2025 Foix U23 World Championships,2025 Foix U23 World Championships WCSLX Doriane DELASSUS
2025,Foix,U23 World Championships,Time Trial,Time Trial,WCSLX,7,9,Lois LEAVER,LEAVER,Lois,GBR,56.75,1.39,102.51%,,2025 Foix U23 World Championships,2025 Foix U23 World Championships WCSLX Lois LEAVER
2025,Foix,U23 World Championships,Time Trial,Time Trial,WCSLX,8,44,Lucia PISTONI,PISTONI,Lucia,ITA,57.19,1.83,103.31%,,2025 Foix U23 World Championships,2025 Foix U23 World Championships WCSLX Lucia PISTONI
2025,Foix,U23 World Championships,Time Trial,Time Trial,WCSLX,9,14,Dominika BRZESKA,BRZESKA,Dominika,POL,57.41,2.05,103.70%,,2025 Foix U23 World Championships,2025 Foix U23 World Championships WCSLX Dominika BRZESKA
2025,Foix,U23 World Championships,Time Trial,Time Trial,WCSLX,10,8,Haizea SEGURA,SEGURA,Haizea,ESP,57.63,2.27,104.10%,,2025 Foix U23 World Championships,2025 Foix U23 World Championships WCSLX Haizea SEGURA
2025,Foix,U23 World Championships,Time Trial,Time Trial,WCSLX,11,15,Leire GONI,GONI,Leire,ESP,57.73,2.37,104.28%,,2025 Foix U23 World Championships,2025 Foix U23 World Championships WCSLX Leire GONI
2025,Foix,U23 World Championships,Time Trial,Time Trial,WCSLX,12,16,Paulina PIRRO,PIRRO,Paulina,GER,57.8,2.44,104.41%,,2025 Foix U23 World Championships,2025 Foix U23 World Championships WCSLX Paulina PIRRO
2025,Foix,U23 World Championships,Time Trial,Time Trial,WCSLX,13,4,Katerina BEKOVA,BEKOVA,Katerina,CZE,57.96,2.6,104.70%,,2025 Foix U23 World Championships,2025 Foix U23 World Championships WCSLX Katerina BEKOVA
2025,Foix,U23 World Championships,Time Trial,Time Trial,WCSLX,14,43,Taisiia LOGACHEVA,LOGACHEVA,Taisiia,AIN,58.02,2.66,104.80%,,2025 Foix U23 World Championships,2025 Foix U23 World Championships WCSLX Taisiia LOGACHEVA
2025,Foix,U23 World Championships,Time Trial,Time Trial,WCSLX,15,5,Eva Alina HOCEVAR,HOCEVAR,Eva Alina,SLO,58.16,2.8,105.06%,,2025 Foix U23 World Championships,2025 Foix U23 World Championships WCSLX Eva Alina HOCEVAR
2025,Foix,U23 World Championships,Time Trial,Time Trial,WCSLX,16,28,Antonia PLOCHMANN,PLOCHMANN,Antonia,GER,58.21,2.85,105.15%,,2025 Foix U23 World Championships,2025 Foix U23 World Championships WCSLX Antonia PLOCHMANN
2025,Foix,U23 World Championships,Time Trial,Time Trial,WCSLX,17,37,Macy KANG,KANG,Macy,GBR,58.49,3.13,105.65%,,2025 Foix U23 World Championships,2025 Foix U23 World Championships WCSLX Macy KANG
2025,Foix,U23 World Championships,Time Trial,Time Trial,WCSLX,18,36,Charlotte WILD,WILD,Charlotte,GER,58.57,3.21,105.80%,,2025 Foix U23 World Championships,2025 Foix U23 World Championships WCSLX Charlotte WILD
2025,Foix,U23 World Championships,Time Trial,Time Trial,WCSLX,19,27,Oleksandra HORLOVA,HORLOVA,Oleksandra,UKR,58.6,3.24,105.85%,,2025 Foix U23 World Championships,2025 Foix U23 World Championships WCSLX Oleksandra HORLOVA
2025,Foix,U23 World Championships,Time Trial,Time Trial,WCSLX,20,50,Angelina MAKACHEVA,MAKACHEVA,Angelina,AIN,58.61,3.25,105.87%,,2025 Foix U23 World Championships,2025 Foix U23 World Championships WCSLX Angelina MAKACHEVA
2025,Foix,U23 World Championships,Time Trial,Time Trial,WCSLX,21,38,Perrine JOUBERT,JOUBERT,Perrine,FRA,58.66,3.3,105.96%,,2025 Foix U23 World Championships,2025 Foix U23 World Championships WCSLX Perrine JOUBERT
2025,Foix,U23 World Championships,Time Trial,Time Trial,WCSLX,22,31,Beatrice OLSON,OLSON,Beatrice,CAN,58.74,3.38,106.11%,,2025 Foix U23 World Championships,2025 Foix U23 World Championships WCSLX Beatrice OLSON
2025,Foix,U23 World Championships,Time Trial,Time Trial,WCSLX,23,19,Ivana CHLEBOVA,CHLEBOVA,Ivana,SVK,58.81,3.45,106.23%,,2025 Foix U23 World Championships,2025 Foix U23 World Championships WCSLX Ivana CHLEBOVA
2025,Foix,U23 World Championships,Time Trial,Time Trial,WCSLX,24,46,Marina NOVYSH,NOVYSH,Marina,AIN,58.84,3.48,106.29%,,2025 Foix U23 World Championships,2025 Foix U23 World Championships WCSLX Marina NOVYSH
2025,Foix,U23 World Championships,Time Trial,Time Trial,WCSLX,25,23,Fia BUETIKOFER,BUETIKOFER,Fia,SUI,58.88,3.52,106.36%,,2025 Foix U23 World Championships,2025 Foix U23 World Championships WCSLX Fia BUETIKOFER
2025,Foix,U23 World Championships,Time Trial,Time Trial,WCSLX,26,26,Jana PLANES,PLANES,Jana,ESP,59.01,3.65,106.59%,,2025 Foix U23 World Championships,2025 Foix U23 World Championships WCSLX Jana PLANES
2025,Foix,U23 World Championships,Time Trial,Time Trial,WCSLX,27,7,Naja PINTERIC,PINTERIC,Naja,SLO,59.25,3.89,107.03%,,2025 Foix U23 World Championships,2025 Foix U23 World Championships WCSLX Naja PINTERIC
2025,Foix,U23 World Championships,Time Trial,Time Trial,WCSLX,28,20,Svenja MATTI,MATTI,Svenja,SUI,59.43,4.07,107.35%,,2025 Foix U23 World Championships,2025 Foix U23 World Championships WCSLX Svenja MATTI
2025,Foix,U23 World Championships,Time Trial,Time Trial,WCSLX,29,13,Georgia O'CALLAGHAN,O'CALLAGHAN,Georgia,AUS,59.48,4.12,107.44%,,2025 Foix U23 World Championships,2025 Foix U23 World Championships WCSLX Georgia O'CALLAGHAN
2025,Foix,U23 World Championships,Time Trial,Time Trial,WCSLX,30,18,Ria SRIBAR,SRIBAR,Ria,USA,59.57,4.21,107.60%,,2025 Foix U23 World Championships,2025 Foix U23 World Championships WCSLX Ria SRIBAR
2025,Foix,U23 World Championships,Time Trial,Time Trial,WCSLX,31,17,Laura PLATA,PLATA,Laura,COL,59.93,4.57,108.26%,,2025 Foix U23 World Championships,2025 Foix U23 World Championships WCSLX Laura PLATA
2025,Foix,U23 World Championships,Time Trial,Time Trial,WCSLX,32,12,Marcella ALTMAN,ALTMAN,Marcella,USA,60.09,4.73,108.54%,,2025 Foix U23 World Championships,2025 Foix U23 World Championships WCSLX Marcella ALTMAN
2025,Foix,U23 World Championships,Time Trial,Time Trial,WCSLX,33,34,Valentyna HORLOVA,HORLOVA,Valentyna,UKR,60.49,5.13,109.27%,,2025 Foix U23 World Championships,2025 Foix U23 World Championships WCSLX Valentyna HORLOVA
2025,Foix,U23 World Championships,Time Trial,Time Trial,WCSLX,34,33,Caterina PIGNAT,PIGNAT,Caterina,ITA,60.58,5.22,109.43%,,2025 Foix U23 World Championships,2025 Foix U23 World Championships WCSLX Caterina PIGNAT
2025,Foix,U23 World Championships,Time Trial,Time Trial,WCSLX,35,47,Ting-I WU,WU,Ting-I,TPE,61.16,5.8,110.48%,,2025 Foix U23 World Championships,2025 Foix U23 World Championships WCSLX Ting-I WU
2025,Foix,U23 World Championships,Time Trial,Time Trial,WCSLX,36,6,Florencia AGUIRRE GONZALEZ,AGUIRRE GONZALEZ,Florencia,CHI,61.91,6.55,111.83%,,2025 Foix U23 World Championships,2025 Foix U23 World Championships WCSLX Florencia AGUIRRE GONZALEZ
2025,Foix,U23 World Championships,Time Trial,Time Trial,WCSLX,37,41,Katherine SHATTOCK,SHATTOCK,Katherine,GBR,62.65,7.29,113.17%,,2025 Foix U23 World Championships,2025 Foix U23 World Championships WCSLX Katherine SHATTOCK
2025,Foix,U23 World Championships,Time Trial,Time Trial,WCSLX,38,35,Emanuela LUKNAROVA,LUKNAROVA,Emanuela,SVK,63.65,8.29,114.97%,,2025 Foix U23 World Championships,2025 Foix U23 World Championships WCSLX Emanuela LUKNAROVA
2025,Foix,U23 World Championships,Time Trial,Time Trial,WCSLX,39,40,Kahlia CULLWICK,CULLWICK,Kahlia,NZL,63.81,8.45,115.26%,,2025 Foix U23 World Championships,2025 Foix U23 World Championships WCSLX Kahlia CULLWICK
2025,Foix,U23 World Championships,Time Trial,Time Trial,WCSLX,40,24,Claire CLEMENTS,CLEMENTS,Claire,AUS,64.44,9.08,116.40%,,2025 Foix U23 World Championships,2025 Foix U23 World Championships WCSLX Claire CLEMENTS
2025,Foix,U23 World Championships,Time Trial,Time Trial,WCSLX,41,39,Waris MILLS,MILLS,Waris,RSA,64.67,9.31,116.82%,,2025 Foix U23 World Championships,2025 Foix U23 World Championships WCSLX Waris MILLS
2025,Foix,U23 World Championships,Time Trial,Time Trial,WCSLX,42,22,Iris SOMMERNES,SOMMERNES,Iris,NOR,64.87,9.51,117.18%,,2025 Foix U23 World Championships,2025 Foix U23 World Championships WCSLX Iris SOMMERNES
2025,Foix,U23 World Championships,Time Trial,Time Trial,WCSLX,43,29,Anastassiya ANANYEVA,ANANYEVA,Anastassiya,KAZ,65.36,10,118.06%,,2025 Foix U23 World Championships,2025 Foix U23 World Championships WCSLX Anastassiya ANANYEVA
2025,Foix,U23 World Championships,Time Trial,Time Trial,WCSLX,44,21,Sarah CROSBEE,CROSBEE,Sarah,AUS,65.68,10.32,118.64%,,2025 Foix U23 World Championships,2025 Foix U23 World Championships WCSLX Sarah CROSBEE
2025,Foix,U23 World Championships,Time Trial,Time Trial,WCSLX,45,25,Jessica DUC,DUC,Jessica,SUI,67.73,12.37,122.34%,,2025 Foix U23 World Championships,2025 Foix U23 World Championships WCSLX Jessica DUC
2025,Foix,U23 World Championships,Time Trial,Time Trial,WCSLX,46,45,Shikha CHOUHAN,CHOUHAN,Shikha,IND,68.9,13.54,124.46%,,2025 Foix U23 World Championships,2025 Foix U23 World Championships WCSLX Shikha CHOUHAN
2025,Foix,U23 World Championships,Time Trial,Time Trial,WCSLX,47,30,Yekaterina TARANTSEVA,TARANTSEVA,Yekaterina,KAZ,69.95,14.59,126.35%,,2025 Foix U23 World Championships,2025 Foix U23 World Championships WCSLX Yekaterina TARANTSEVA
2025,Foix,U23 World Championships,Time Trial,Time Trial,WCSLX,48,52,Marta ZIZMARE,ZIZMARE,Marta,LAT,71.04,15.68,128.32%,,2025 Foix U23 World Championships,2025 Foix U23 World Championships WCSLX Marta ZIZMARE
2025,Foix,U23 World Championships,Time Trial,Time Trial,WCSLX,49,51,Eoid BERRIO,BERRIO,Eoid,PER,73.82,18.46,133.35%,,2025 Foix U23 World Championships,2025 Foix U23 World Championships WCSLX Eoid BERRIO
2025,Foix,U23 World Championships,Time Trial,Time Trial,WCSLX,50,49,Leonor CARVALHO,CARVALHO,Leonor,POR,72.56,17.2,131.07%,FLT (R),2025 Foix U23 World Championships,2025 Foix U23 World Championships WCSLX Leonor CARVALHO
2025,Foix,U23 World Championships,Time Trial,Time Trial,WCSLX,51,42,Jaruwan NIAMTHONG,NIAMTHONG,Jaruwan,THA,63.95,8.59,115.52%,FLT (3),2025 Foix U23 World Championships,2025 Foix U23 World Championships WCSLX Jaruwan NIAMTHONG
2025,Foix,U23 World Championships,Time Trial,Time Trial,WCSLX,52,48,Emmi WOOD,WOOD,Emmi,RSA,66.79,11.43,120.65%,FLT (3),2025 Foix U23 World Championships,2025 Foix U23 World Championships WCSLX Emmi WOOD
2025,Foix,U23 World Championships,Time Trial,Time Trial,MCSLX,1,1,Sam LEAVER,LEAVER,Sam,GBR,50.62,0,100.00%,,2025 Foix U23 World Championships,2025 Foix U23 World Championships MCSLX Sam LEAVER
2025,Foix,U23 World Championships,Time Trial,Time Trial,MCSLX,2,6,Matyas NOVAK,NOVAK,Matyas,CZE,50.92,0.3,100.59%,,2025 Foix U23 World Championships,2025 Foix U23 World Championships MCSLX Matyas NOVAK
2025,Foix,U23 World Championships,Time Trial,Time Trial,MCSLX,3,3,Jakub KREJCI,KREJCI,Jakub,CZE,51.06,0.44,100.87%,,2025 Foix U23 World Championships,2025 Foix U23 World Championships MCSLX Jakub KREJCI
2025,Foix,U23 World Championships,Time Trial,Time Trial,MCSLX,4,54,Gino BENINI,BENINI,Gino,FRA,51.32,0.7,101.38%,,2025 Foix U23 World Championships,2025 Foix U23 World Championships MCSLX Gino BENINI
2025,Foix,U23 World Championships,Time Trial,Time Trial,MCSLX,5,7,Titouan CASTRYCK,CASTRYCK,Titouan,FRA,51.41,0.79,101.56%,,2025 Foix U23 World Championships,2025 Foix U23 World Championships MCSLX Titouan CASTRYCK
2025,Foix,U23 World Championships,Time Trial,Time Trial,MCSLX,6,17,Xabier FERRAZZI,FERRAZZI,Xabier,ITA,51.51,0.89,101.76%,,2025 Foix U23 World Championships,2025 Foix U23 World Championships MCSLX Xabier FERRAZZI
2025,Foix,U23 World Championships,Time Trial,Time Trial,MCSLX,7,43,Martin CORNU,CORNU,Martin,FRA,51.56,0.94,101.86%,,2025 Foix U23 World Championships,2025 Foix U23 World Championships MCSLX Martin CORNU
2025,Foix,U23 World Championships,Time Trial,Time Trial,MCSLX,8,12,Artem IVCHENKO,IVCHENKO,Artem,UKR,51.85,1.23,102.43%,,2025 Foix U23 World Championships,2025 Foix U23 World Championships MCSLX Artem IVCHENKO
2025,Foix,U23 World Championships,Time Trial,Time Trial,MCSLX,9,5,Alex BALDONI,BALDONI,Alex,CAN,51.87,1.25,102.47%,,2025 Foix U23 World Championships,2025 Foix U23 World Championships MCSLX Alex BALDONI
2025,Foix,U23 World Championships,Time Trial,Time Trial,MCSLX,10,10,Nicholas COLLIER,COLLIER,Nicholas,NZL,52.12,1.5,102.96%,,2025 Foix U23 World Championships,2025 Foix U23 World Championships MCSLX Nicholas COLLIER
2025,Foix,U23 World Championships,Time Trial,Time Trial,MCSLX,11,4,Merle LONG,LONG,Merle,AUS,52.37,1.75,103.46%,,2025 Foix U23 World Championships,2025 Foix U23 World Championships MCSLX Merle LONG
2025,Foix,U23 World Championships,Time Trial,Time Trial,MCSLX,12,65,Egor SMIRNOV,SMIRNOV,Egor,AIN,52.41,1.79,103.54%,,2025 Foix U23 World Championships,2025 Foix U23 World Championships MCSLX Egor SMIRNOV
2025,Foix,U23 World Championships,Time Trial,Time Trial,MCSLX,13,9,Kyler James LONG,LONG,Kyler James,USA,52.46,1.84,103.63%,,2025 Foix U23 World Championships,2025 Foix U23 World Championships MCSLX Kyler James LONG
2025,Foix,U23 World Championships,Time Trial,Time Trial,MCSLX,14,18,Pitt ROHRER,ROHRER,Pitt,SUI,52.57,1.95,103.85%,,2025 Foix U23 World Championships,2025 Foix U23 World Championships MCSLX Pitt ROHRER
2025,Foix,U23 World Championships,Time Trial,Time Trial,MCSLX,15,2,Tadeusz KUCHNO,KUCHNO,Tadeusz,POL,52.63,2.01,103.97%,,2025 Foix U23 World Championships,2025 Foix U23 World Championships MCSLX Tadeusz KUCHNO
2025,Foix,U23 World Championships,Time Trial,Time Trial,MCSLX,16,24,Oleksandr FEDORENKO,FEDORENKO,Oleksandr,UKR,52.65,2.03,104.01%,,2025 Foix U23 World Championships,2025 Foix U23 World Championships MCSLX Oleksandr FEDORENKO
2025,Foix,U23 World Championships,Time Trial,Time Trial,MCSLX,17,13,Dominic CURTIN,CURTIN,Dominic,AUS,52.74,2.12,104.19%,,2025 Foix U23 World Championships,2025 Foix U23 World Championships MCSLX Dominic CURTIN
2025,Foix,U23 World Championships,Time Trial,Time Trial,MCSLX,18,25,Kaelin FRIEDENSON,FRIEDENSON,Kaelin,USA,52.75,2.13,104.21%,,2025 Foix U23 World Championships,2025 Foix U23 World Championships MCSLX Kaelin FRIEDENSON
2025,Foix,U23 World Championships,Time Trial,Time Trial,MCSLX,19,21,Martin RUDORFER,RUDORFER,Martin,CZE,52.91,2.29,104.52%,,2025 Foix U23 World Championships,2025 Foix U23 World Championships MCSLX Martin RUDORFER
2025,Foix,U23 World Championships,Time Trial,Time Trial,MCSLX,20,71,Thomas MAYER,MAYER,Thomas,GBR,52.93,2.31,104.56%,,2025 Foix U23 World Championships,2025 Foix U23 World Championships MCSLX Thomas MAYER
2025,Foix,U23 World Championships,Time Trial,Time Trial,MCSLX,21,16,Manel CONTRERAS,CONTRERAS,Manel,ESP,53.14,2.52,104.98%,,2025 Foix U23 World Championships,2025 Foix U23 World Championships MCSLX Manel CONTRERAS
2025,Foix,U23 World Championships,Time Trial,Time Trial,MCSLX,22,47,Patrick GUTKNECHT,GUTKNECHT,Patrick,SUI,53.14,2.52,104.98%,,2025 Foix U23 World Championships,2025 Foix U23 World Championships MCSLX Patrick GUTKNECHT
2025,Foix,U23 World Championships,Time Trial,Time Trial,MCSLX,23,28,Jan LOCNIKAR,LOCNIKAR,Jan,SLO,53.16,2.54,105.02%,,2025 Foix U23 World Championships,2025 Foix U23 World Championships MCSLX Jan LOCNIKAR
2025,Foix,U23 World Championships,Time Trial,Time Trial,MCSLX,24,53,Ivan KOZLOV,KOZLOV,Ivan,AIN,53.31,2.69,105.31%,,2025 Foix U23 World Championships,2025 Foix U23 World Championships MCSLX Ivan KOZLOV
2025,Foix,U23 World Championships,Time Trial,Time Trial,MCSLX,25,14,Michele PISTONI,PISTONI,Michele,ITA,53.43,2.81,105.55%,,2025 Foix U23 World Championships,2025 Foix U23 World Championships MCSLX Michele PISTONI
2025,Foix,U23 World Championships,Time Trial,Time Trial,MCSLX,26,26,Miquel FARRAN,FARRAN,Miquel,ESP,53.59,2.97,105.87%,,2025 Foix U23 World Championships,2025 Foix U23 World Championships MCSLX Miquel FARRAN
2025,Foix,U23 World Championships,Time Trial,Time Trial,MCSLX,27,34,Alex SEGURA,SEGURA,Alex,ESP,53.64,3.02,105.97%,,2025 Foix U23 World Championships,2025 Foix U23 World Championships MCSLX Alex SEGURA
2025,Foix,U23 World Championships,Time Trial,Time Trial,MCSLX,28,37,Riley GALEA,GALEA,Riley,AUS,53.65,3.03,105.99%,,2025 Foix U23 World Championships,2025 Foix U23 World Championships MCSLX Riley GALEA
2025,Foix,U23 World Championships,Time Trial,Time Trial,MCSLX,29,23,Oliver PUCHNER,PUCHNER,Oliver,NZL,53.7,3.08,106.08%,,2025 Foix U23 World Championships,2025 Foix U23 World Championships MCSLX Oliver PUCHNER
2025,Foix,U23 World Championships,Time Trial,Time Trial,MCSLX,30,84,Koki KITAMURA,KITAMURA,Koki,JPN,53.92,3.3,106.52%,,2025 Foix U23 World Championships,2025 Foix U23 World Championships MCSLX Koki KITAMURA
2025,Foix,U23 World Championships,Time Trial,Time Trial,MCSLX,31,50,Felix SACHERS,SACHERS,Felix,GER,54.22,3.6,107.11%,,2025 Foix U23 World Championships,2025 Foix U23 World Championships MCSLX Felix SACHERS
2025,Foix,U23 World Championships,Time Trial,Time Trial,MCSLX,32,30,Thomas UKALOVIC,UKALOVIC,Thomas,CRO,54.36,3.74,107.39%,,2025 Foix U23 World Championships,2025 Foix U23 World Championships MCSLX Thomas UKALOVIC
2025,Foix,U23 World Championships,Time Trial,Time Trial,MCSLX,33,45,Simon ZEITLHOFER,ZEITLHOFER,Simon,AUT,54.41,3.79,107.49%,,2025 Foix U23 World Championships,2025 Foix U23 World Championships MCSLX Simon ZEITLHOFER
2025,Foix,U23 World Championships,Time Trial,Time Trial,MCSLX,34,22,Moritz KREMSLEHNER,KREMSLEHNER,Moritz,AUT,54.43,3.81,107.53%,,2025 Foix U23 World Championships,2025 Foix U23 World Championships MCSLX Moritz KREMSLEHNER
2025,Foix,U23 World Championships,Time Trial,Time Trial,MCSLX,35,15,Jesus MARTINEZ,MARTINEZ,Jesus,CHI,54.48,3.86,107.63%,,2025 Foix U23 World Championships,2025 Foix U23 World Championships MCSLX Jesus MARTINEZ
2025,Foix,U23 World Championships,Time Trial,Time Trial,MCSLX,36,19,Mikolaj MASTALSKI,MASTALSKI,Mikolaj,POL,54.62,4,107.90%,,2025 Foix U23 World Championships,2025 Foix U23 World Championships MCSLX Mikolaj MASTALSKI
2025,Foix,U23 World Championships,Time Trial,Time Trial,MCSLX,37,27,Serhii SOVKO,SOVKO,Serhii,UKR,54.77,4.15,108.20%,,2025 Foix U23 World Championships,2025 Foix U23 World Championships MCSLX Serhii SOVKO
2025,Foix,U23 World Championships,Time Trial,Time Trial,MCSLX,38,66,Filip DUDA,DUDA,Filip,SVK,54.97,4.35,108.59%,,2025 Foix U23 World Championships,2025 Foix U23 World Championships MCSLX Filip DUDA
2025,Foix,U23 World Championships,Time Trial,Time Trial,MCSLX,39,78,Matej SEVCIK,SEVCIK,Matej,SVK,55.06,4.44,108.77%,,2025 Foix U23 World Championships,2025 Foix U23 World Championships MCSLX Matej SEVCIK
2025,Foix,U23 World Championships,Time Trial,Time Trial,MCSLX,40,39,Filip STANKO,STANKO,Filip,SVK,55.15,4.53,108.95%,,2025 Foix U23 World Championships,2025 Foix U23 World Championships MCSLX Filip STANKO
2025,Foix,U23 World Championships,Time Trial,Time Trial,MCSLX,41,64,Rene JEKLIN,JEKLIN,Rene,SLO,55.2,4.58,109.05%,,2025 Foix U23 World Championships,2025 Foix U23 World Championships MCSLX Rene JEKLIN
2025,Foix,U23 World Championships,Time Trial,Time Trial,MCSLX,42,56,David BECKE,BECKE,David,GER,55.55,4.93,109.74%,,2025 Foix U23 World Championships,2025 Foix U23 World Championships MCSLX David BECKE
2025,Foix,U23 World Championships,Time Trial,Time Trial,MCSLX,43,60,Ludovico CUIGNON,CUIGNON,Ludovico,ITA,55.75,5.13,110.13%,,2025 Foix U23 World Championships,2025 Foix U23 World Championships MCSLX Ludovico CUIGNON
2025,Foix,U23 World Championships,Time Trial,Time Trial,MCSLX,44,48,Dominic KASPER,KASPER,Dominic,SUI,55.77,5.15,110.17%,,2025 Foix U23 World Championships,2025 Foix U23 World Championships MCSLX Dominic KASPER
2025,Foix,U23 World Championships,Time Trial,Time Trial,MCSLX,45,33,Finn ANDERSON,ANDERSON,Finn,NZL,55.91,5.29,110.45%,,2025 Foix U23 World Championships,2025 Foix U23 World Championships MCSLX Finn ANDERSON
2025,Foix,U23 World Championships,Time Trial,Time Trial,MCSLX,46,63,Yu MISHIMA,MISHIMA,Yu,JPN,55.91,5.29,110.45%,,2025 Foix U23 World Championships,2025 Foix U23 World Championships MCSLX Yu MISHIMA
2025,Foix,U23 World Championships,Time Trial,Time Trial,MCSLX,47,44,Martins PLAUDIS,PLAUDIS,Martins,LAT,55.93,5.31,110.49%,,2025 Foix U23 World Championships,2025 Foix U23 World Championships MCSLX Martins PLAUDIS
2025,Foix,U23 World Championships,Time Trial,Time Trial,MCSLX,48,8,Salim JEMAI,JEMAI,Salim,TUN,55.97,5.35,110.57%,,2025 Foix U23 World Championships,2025 Foix U23 World Championships MCSLX Salim JEMAI
2025,Foix,U23 World Championships,Time Trial,Time Trial,MCSLX,49,46,Nils BIERMANS,BIERMANS,Nils,NED,56.22,5.6,111.06%,,2025 Foix U23 World Championships,2025 Foix U23 World Championships MCSLX Nils BIERMANS
2025,Foix,U23 World Championships,Time Trial,Time Trial,MCSLX,50,80,Padraig COWAN,COWAN,Padraig,IRL,56.69,6.07,111.99%,,2025 Foix U23 World Championships,2025 Foix U23 World Championships MCSLX Padraig COWAN
2025,Foix,U23 World Championships,Time Trial,Time Trial,MCSLX,51,35,Luca CANO MOLE,CANO MOLE,Luca,PER,56.87,6.25,112.35%,,2025 Foix U23 World Championships,2025 Foix U23 World Championships MCSLX Luca CANO MOLE
2025,Foix,U23 World Championships,Time Trial,Time Trial,MCSLX,52,59,Nahuel ESCOBAR PUGGIA,ESCOBAR PUGGIA,Nahuel,ARG,56.89,6.27,112.39%,,2025 Foix U23 World Championships,2025 Foix U23 World Championships MCSLX Nahuel ESCOBAR PUGGIA
2025,Foix,U23 World Championships,Time Trial,Time Trial,MCSLX,53,42,Klass Francisks ROZENTALS,ROZENTALS,Klass Francisks,LAT,57.09,6.47,112.78%,,2025 Foix U23 World Championships,2025 Foix U23 World Championships MCSLX Klass Francisks ROZENTALS
2025,Foix,U23 World Championships,Time Trial,Time Trial,MCSLX,54,38,Terence SARAMANDIF,SARAMANDIF,Terence,MRI,57.55,6.93,113.69%,,2025 Foix U23 World Championships,2025 Foix U23 World Championships MCSLX Terence SARAMANDIF
2025,Foix,U23 World Championships,Time Trial,Time Trial,MCSLX,55,61,Imangali MAMBETOV,MAMBETOV,Imangali,KAZ,57.72,7.1,114.03%,,2025 Foix U23 World Championships,2025 Foix U23 World Championships MCSLX Imangali MAMBETOV
2025,Foix,U23 World Championships,Time Trial,Time Trial,MCSLX,56,41,Ossian FIANDER,FIANDER,Ossian,SWE,58.16,7.54,114.90%,,2025 Foix U23 World Championships,2025 Foix U23 World Championships MCSLX Ossian FIANDER
2025,Foix,U23 World Championships,Time Trial,Time Trial,MCSLX,57,67,Daisuke NESHIME,NESHIME,Daisuke,JPN,58.23,7.61,115.03%,,2025 Foix U23 World Championships,2025 Foix U23 World Championships MCSLX Daisuke NESHIME
2025,Foix,U23 World Championships,Time Trial,Time Trial,MCSLX,58,51,Nathaniel FRANCIS,FRANCIS,Nathaniel,USA,58.3,7.68,115.17%,,2025 Foix U23 World Championships,2025 Foix U23 World Championships MCSLX Nathaniel FRANCIS
2025,Foix,U23 World Championships,Time Trial,Time Trial,MCSLX,59,77,Geral SOTO,SOTO,Geral,CHI,58.35,7.73,115.27%,,2025 Foix U23 World Championships,2025 Foix U23 World Championships MCSLX Geral SOTO
2025,Foix,U23 World Championships,Time Trial,Time Trial,MCSLX,60,79,Jung-Cheng WU,WU,Jung-Cheng,TPE,58.42,7.8,115.41%,,2025 Foix U23 World Championships,2025 Foix U23 World Championships MCSLX Jung-Cheng WU
2025,Foix,U23 World Championships,Time Trial,Time Trial,MCSLX,61,52,Victor Eduardo CARNEIRO,CARNEIRO,Victor Eduardo,BRA,59.09,8.47,116.73%,,2025 Foix U23 World Championships,2025 Foix U23 World Championships MCSLX Victor Eduardo CARNEIRO
2025,Foix,U23 World Championships,Time Trial,Time Trial,MCSLX,62,70,Piyanath KOETSUK,KOETSUK,Piyanath,THA,59.32,8.7,117.19%,,2025 Foix U23 World Championships,2025 Foix U23 World Championships MCSLX Piyanath KOETSUK
2025,Foix,U23 World Championships,Time Trial,Time Trial,MCSLX,63,20,Manuel TRIPANO,TRIPANO,Manuel,ARG,59.46,8.84,117.46%,,2025 Foix U23 World Championships,2025 Foix U23 World Championships MCSLX Manuel TRIPANO
2025,Foix,U23 World Championships,Time Trial,Time Trial,MCSLX,64,68,Matthew VAN HEERDEN,VAN HEERDEN,Matthew,RSA,59.48,8.86,117.50%,,2025 Foix U23 World Championships,2025 Foix U23 World Championships MCSLX Matthew VAN HEERDEN
2025,Foix,U23 World Championships,Time Trial,Time Trial,MCSLX,65,11,Jakob SAVLI,SAVLI,Jakob,SLO,59.51,8.89,117.56%,,2025 Foix U23 World Championships,2025 Foix U23 World Championships MCSLX Jakob SAVLI
2025,Foix,U23 World Championships,Time Trial,Time Trial,MCSLX,66,74,Gustaf FIANDER,FIANDER,Gustaf,SWE,59.59,8.97,117.72%,,2025 Foix U23 World Championships,2025 Foix U23 World Championships MCSLX Gustaf FIANDER
2025,Foix,U23 World Championships,Time Trial,Time Trial,MCSLX,67,40,Fernando REINOSO,REINOSO,Fernando,MEX,59.84,9.22,118.21%,,2025 Foix U23 World Championships,2025 Foix U23 World Championships MCSLX Fernando REINOSO
2025,Foix,U23 World Championships,Time Trial,Time Trial,MCSLX,68,36,Michal CIAGLO,CIAGLO,Michal,POL,60.11,9.49,118.75%,,2025 Foix U23 World Championships,2025 Foix U23 World Championships MCSLX Michal CIAGLO
2025,Foix,U23 World Championships,Time Trial,Time Trial,MCSLX,69,82,Pedro MARTINS,MARTINS,Pedro,POR,60.11,9.49,118.75%,,2025 Foix U23 World Championships,2025 Foix U23 World Championships MCSLX Pedro MARTINS
2025,Foix,U23 World Championships,Time Trial,Time Trial,MCSLX,70,57,Moorim PARK,PARK,Moorim,KOR,60.12,9.5,118.77%,,2025 Foix U23 World Championships,2025 Foix U23 World Championships MCSLX Moorim PARK
2025,Foix,U23 World Championships,Time Trial,Time Trial,MCSLX,71,58,Carl FIANDER,FIANDER,Carl,SWE,61.1,10.48,120.70%,,2025 Foix U23 World Championships,2025 Foix U23 World Championships MCSLX Carl FIANDER
2025,Foix,U23 World Championships,Time Trial,Time Trial,MCSLX,72,75,Brayden RAW,RAW,Brayden,RSA,61.25,10.63,121.00%,,2025 Foix U23 World Championships,2025 Foix U23 World Championships MCSLX Brayden RAW
2025,Foix,U23 World Championships,Time Trial,Time Trial,MCSLX,73,32,Lachlan FARADAY,FARADAY,Lachlan,CAN,61.29,10.67,121.08%,,2025 Foix U23 World Championships,2025 Foix U23 World Championships MCSLX Lachlan FARADAY
2025,Foix,U23 World Championships,Time Trial,Time Trial,MCSLX,74,73,Martins MACIJAUSKS,MACIJAUSKS,Martins,LAT,61.3,10.68,121.10%,,2025 Foix U23 World Championships,2025 Foix U23 World Championships MCSLX Martins MACIJAUSKS
2025,Foix,U23 World Championships,Time Trial,Time Trial,MCSLX,75,31,Isaac ZIMMERMAN,ZIMMERMAN,Isaac,CAN,61.37,10.75,121.24%,,2025 Foix U23 World Championships,2025 Foix U23 World Championships MCSLX Isaac ZIMMERMAN
2025,Foix,U23 World Championships,Time Trial,Time Trial,MCSLX,76,69,Sergei ANTONOV,ANTONOV,Sergei,KAZ,62.35,11.73,123.17%,,2025 Foix U23 World Championships,2025 Foix U23 World Championships MCSLX Sergei ANTONOV
2025,Foix,U23 World Championships,Time Trial,Time Trial,MCSLX,77,55,Noah WILHELMER,WILHELMER,Noah,AUT,63.68,13.06,125.80%,,2025 Foix U23 World Championships,2025 Foix U23 World Championships MCSLX Noah WILHELMER
2025,Foix,U23 World Championships,Time Trial,Time Trial,MCSLX,78,49,Pradhyumna Singh RATHOD,RATHOD,Pradhyumna Singh,IND,65.83,15.21,130.05%,,2025 Foix U23 World Championships,2025 Foix U23 World Championships MCSLX Pradhyumna Singh RATHOD
2025,Foix,U23 World Championships,Time Trial,Time Trial,MCSLX,79,83,Mustafa PARLAK,PARLAK,Mustafa,TUR,69.1,18.48,136.51%,,2025 Foix U23 World Championships,2025 Foix U23 World Championships MCSLX Mustafa PARLAK
2025,Foix,U23 World Championships,Time Trial,Time Trial,MCSLX,80,81,Chonlasit PHUTTRAKSA,PHUTTRAKSA,Chonlasit,THA,75.89,25.27,149.92%,,2025 Foix U23 World Championships,2025 Foix U23 World Championships MCSLX Chonlasit PHUTTRAKSA
2025,Foix,U23 World Championships,Time Trial,Time Trial,MCSLX,81,29,Enrico DIETZ,DIETZ,Enrico,GER,53.41,2.79,105.51%,,2025 Foix U23 World Championships,2025 Foix U23 World Championships MCSLX Enrico DIETZ
2025,Foix,U23 World Championships,Time Trial,Time Trial,MCSLX,82,62,Edward MCDONALD,MCDONALD,Edward,GBR,58.19,7.57,114.95%,,2025 Foix U23 World Championships,2025 Foix U23 World Championships MCSLX Edward MCDONALD
2025,Foix,U23 World Championships,Time Trial,Time Trial,MCSLX,83,72,Gael ETTWILLER,ETTWILLER,Gael,LUX,58.64,8.02,115.84%,,2025 Foix U23 World Championships,2025 Foix U23 World Championships MCSLX Gael ETTWILLER
2025,Foix,U23 World Championships,Time Trial,Time Trial,MCSLX,84,76,Fu-Hua CHANG,CHANG,Fu-Hua,TPE,66.91,16.29,132.18%,,2025 Foix U23 World Championships,2025 Foix U23 World Championships MCSLX Fu-Hua CHANG
2025,Foix,U23 World Championships,Brackets,Final,WCSLX,1,,Doriane DELASSUS,DELASSUS,Doriane,FRA,,,,,2025 Foix U23 World Championships,2025 Foix U23 World Championships WCSLX Doriane DELASSUS
2025,Foix,U23 World Championships,Brackets,Final,WCSLX,2,,Lois LEAVER,LEAVER,Lois,GBR,,,,,2025 Foix U23 World Championships,2025 Foix U23 World Championships WCSLX Lois LEAVER
2025,Foix,U23 World Championships,Brackets,Final,WCSLX,3,,Katerina BEKOVA,BEKOVA,Katerina,CZE,,,,,2025 Foix U23 World Championships,2025 Foix U23 World Championships WCSLX Katerina BEKOVA
2025,Foix,U23 World Championships,Brackets,Final,WCSLX,4,,Evy LEIBFARTH,LEIBFARTH,Evy,USA,,,,,2025 Foix U23 World Championships,2025 Foix U23 World Championships WCSLX Evy LEIBFARTH
2025,Foix,U23 World Championships,Brackets,Semi-Final,WCSLX,5,,Haizea SEGURA,SEGURA,Haizea,ESP,,,,,2025 Foix U23 World Championships,2025 Foix U23 World Championships WCSLX Haizea SEGURA
2025,Foix,U23 World Championships,Brackets,Semi-Final,WCSLX,6,,Marcella ALTMAN,ALTMAN,Marcella,USA,,,,,2025 Foix U23 World Championships,2025 Foix U23 World Championships WCSLX Marcella ALTMAN
2025,Foix,U23 World Championships,Brackets,Semi-Final,WCSLX,7,,Tereza KNEBLOVA,KNEBLOVA,Tereza,CZE,,,,,2025 Foix U23 World Championships,2025 Foix U23 World Championships WCSLX Tereza KNEBLOVA
2025,Foix,U23 World Championships,Brackets,Semi-Final,WCSLX,8,,Lucia PISTONI,PISTONI,Lucia,ITA,,,,,2025 Foix U23 World Championships,2025 Foix U23 World Championships WCSLX Lucia PISTONI
2025,Foix,U23 World Championships,Brackets,Quarter-Final,WCSLX,9,,Eva Alina HOCEVAR,HOCEVAR,Eva Alina,SLO,,,,,2025 Foix U23 World Championships,2025 Foix U23 World Championships WCSLX Eva Alina HOCEVAR
2025,Foix,U23 World Championships,Brackets,Quarter-Final,WCSLX,10,,Antonia PLOCHMANN,PLOCHMANN,Antonia,GER,,,,,2025 Foix U23 World Championships,2025 Foix U23 World Championships WCSLX Antonia PLOCHMANN
2025,Foix,U23 World Championships,Brackets,Quarter-Final,WCSLX,11,,Naja PINTERIC,PINTERIC,Naja,SLO,,,,,2025 Foix U23 World Championships,2025 Foix U23 World Championships WCSLX Naja PINTERIC
2025,Foix,U23 World Championships,Brackets,Quarter-Final,WCSLX,12,,Svenja MATTI,MATTI,Svenja,SUI,,,,,2025 Foix U23 World Championships,2025 Foix U23 World Championships WCSLX Svenja MATTI
2025,Foix,U23 World Championships,Brackets,Quarter-Final,WCSLX,13,,Olga SAMKOVA,SAMKOVA,Olga,CZE,,,,,2025 Foix U23 World Championships,2025 Foix U23 World Championships WCSLX Olga SAMKOVA
2025,Foix,U23 World Championships,Brackets,Quarter-Final,WCSLX,14,,Taisiia LOGACHEVA,LOGACHEVA,Taisiia,AIN,,,,,2025 Foix U23 World Championships,2025 Foix U23 World Championships WCSLX Taisiia LOGACHEVA
2025,Foix,U23 World Championships,Brackets,Quarter-Final,WCSLX,15,,Marina NOVYSH,NOVYSH,Marina,AIN,,,,,2025 Foix U23 World Championships,2025 Foix U23 World Championships WCSLX Marina NOVYSH
2025,Foix,U23 World Championships,Brackets,Quarter-Final,WCSLX,16,,Georgia O'CALLAGHAN,O'CALLAGHAN,Georgia,AUS,,,,,2025 Foix U23 World Championships,2025 Foix U23 World Championships WCSLX Georgia O'CALLAGHAN
2025,Foix,U23 World Championships,Brackets,Heats,WCSLX,17,,Emma VUITTON,VUITTON,Emma,FRA,,,,,2025 Foix U23 World Championships,2025 Foix U23 World Championships WCSLX Emma VUITTON
2025,Foix,U23 World Championships,Brackets,Heats,WCSLX,18,,Leire GONI,GONI,Leire,ESP,,,,,2025 Foix U23 World Championships,2025 Foix U23 World Championships WCSLX Leire GONI
2025,Foix,U23 World Championships,Brackets,Heats,WCSLX,19,,Macy KANG,KANG,Macy,GBR,,,,,2025 Foix U23 World Championships,2025 Foix U23 World Championships WCSLX Macy KANG
2025,Foix,U23 World Championships,Brackets,Heats,WCSLX,20,,Oleksandra HORLOVA,HORLOVA,Oleksandra,UKR,,,,,2025 Foix U23 World Championships,2025 Foix U23 World Championships WCSLX Oleksandra HORLOVA
2025,Foix,U23 World Championships,Brackets,Heats,WCSLX,21,,Perrine JOUBERT,JOUBERT,Perrine,FRA,,,,,2025 Foix U23 World Championships,2025 Foix U23 World Championships WCSLX Perrine JOUBERT
2025,Foix,U23 World Championships,Brackets,Heats,WCSLX,22,,Ivana CHLEBOVA,CHLEBOVA,Ivana,SVK,,,,,2025 Foix U23 World Championships,2025 Foix U23 World Championships WCSLX Ivana CHLEBOVA
2025,Foix,U23 World Championships,Brackets,Heats,WCSLX,23,,Fia BUETIKOFER,BUETIKOFER,Fia,SUI,,,,,2025 Foix U23 World Championships,2025 Foix U23 World Championships WCSLX Fia BUETIKOFER
2025,Foix,U23 World Championships,Brackets,Heats,WCSLX,24,,Laura PLATA,PLATA,Laura,COL,,,,,2025 Foix U23 World Championships,2025 Foix U23 World Championships WCSLX Laura PLATA
2025,Foix,U23 World Championships,Brackets,Heats,WCSLX,25,,Zuzana PANKOVA,PANKOVA,Zuzana,SVK,,,,,2025 Foix U23 World Championships,2025 Foix U23 World Championships WCSLX Zuzana PANKOVA
2025,Foix,U23 World Championships,Brackets,Heats,WCSLX,26,,Dominika BRZESKA,BRZESKA,Dominika,POL,,,,,2025 Foix U23 World Championships,2025 Foix U23 World Championships WCSLX Dominika BRZESKA
2025,Foix,U23 World Championships,Brackets,Heats,WCSLX,27,,Paulina PIRRO,PIRRO,Paulina,GER,,,,,2025 Foix U23 World Championships,2025 Foix U23 World Championships WCSLX Paulina PIRRO
2025,Foix,U23 World Championships,Brackets,Heats,WCSLX,28,,Charlotte WILD,WILD,Charlotte,GER,,,,,2025 Foix U23 World Championships,2025 Foix U23 World Championships WCSLX Charlotte WILD
2025,Foix,U23 World Championships,Brackets,Heats,WCSLX,29,,Angelina MAKACHEVA,MAKACHEVA,Angelina,AIN,,,,,2025 Foix U23 World Championships,2025 Foix U23 World Championships WCSLX Angelina MAKACHEVA
2025,Foix,U23 World Championships,Brackets,Heats,WCSLX,30,,Beatrice OLSON,OLSON,Beatrice,CAN,,,,,2025 Foix U23 World Championships,2025 Foix U23 World Championships WCSLX Beatrice OLSON
2025,Foix,U23 World Championships,Brackets,Heats,WCSLX,31,,Jana PLANES,PLANES,Jana,ESP,,,,,2025 Foix U23 World Championships,2025 Foix U23 World Championships WCSLX Jana PLANES
2025,Foix,U23 World Championships,Brackets,Heats,WCSLX,32,,Ria SRIBAR,SRIBAR,Ria,USA,,,,,2025 Foix U23 World Championships,2025 Foix U23 World Championships WCSLX Ria SRIBAR
2025,Foix,Junior World Championships,Brackets,Final,MCSLX,1,,Ziga Lin HOCEVAR,HOCEVAR,Ziga Lin,SLO,,,,,2025 Foix Junior World Championships,2025 Foix Junior World Championships MCSLX Ziga Lin HOCEVAR
2025,Foix,Junior World Championships,Brackets,Final,MCSLX,2,,Oier DIAZ,DIAZ,Oier,ESP,,,,,2025 Foix Junior World Championships,2025 Foix Junior World Championships MCSLX Oier DIAZ
2025,Foix,Junior World Championships,Brackets,Final,MCSLX,3,,Faust CLOTET JUANMARTI,CLOTET JUANMARTI,Faust,ESP,,,,,2025 Foix Junior World Championships,2025 Foix Junior World Championships MCSLX Faust CLOTET JUANMARTI
2025,Foix,Junior World Championships,Brackets,Final,MCSLX,4,,Martin PANZER,PANZER,Martin,CZE,,,,,2025 Foix Junior World Championships,2025 Foix Junior World Championships MCSLX Martin PANZER
2025,Foix,Junior World Championships,Brackets,Semi-Final,MCSLX,5,,Kilian KAEDING,KAEDING,Kilian,GER,,,,,2025 Foix Junior World Championships,2025 Foix Junior World Championships MCSLX Kilian KAEDING
2025,Foix,Junior World Championships,Brackets,Semi-Final,MCSLX,7,,Gwion WILLIAMS,WILLIAMS,Gwion,GBR,,,,,2025 Foix Junior World Championships,2025 Foix Junior World Championships MCSLX Gwion WILLIAMS
2025,Foix,Junior World Championships,Brackets,Semi-Final,MCSLX,8,,Michal KOPECEK,KOPECEK,Michal,CZE,,,,,2025 Foix Junior World Championships,2025 Foix Junior World Championships MCSLX Michal KOPECEK
2025,Foix,Junior World Championships,Brackets,Quarter-Final,MCSLX,9,,Titouan ESTANGUET,ESTANGUET,Titouan,FRA,,,,,2025 Foix Junior World Championships,2025 Foix Junior World Championships MCSLX Titouan ESTANGUET
2025,Foix,Junior World Championships,Brackets,Quarter-Final,MCSLX,10,,Harry KIRBY,KIRBY,Harry,GBR,,,,,2025 Foix Junior World Championships,2025 Foix Junior World Championships MCSLX Harry KIRBY
2025,Foix,Junior World Championships,Brackets,Quarter-Final,MCSLX,11,,Kalle NEUMANN,NEUMANN,Kalle,GER,,,,,2025 Foix Junior World Championships,2025 Foix Junior World Championships MCSLX Kalle NEUMANN
2025,Foix,Junior World Championships,Brackets,Quarter-Final,MCSLX,12,,Marek KULCZYCKI,KULCZYCKI,Marek,POL,,,,,2025 Foix Junior World Championships,2025 Foix Junior World Championships MCSLX Marek KULCZYCKI
2025,Foix,Junior World Championships,Brackets,Quarter-Final,MCSLX,13,,Arik BUETIKOFER,BUETIKOFER,Arik,SUI,,,,,2025 Foix Junior World Championships,2025 Foix Junior World Championships MCSLX Arik BUETIKOFER
2025,Foix,Junior World Championships,Brackets,Quarter-Final,MCSLX,14,,Jayden PARKER,PARKER,Jayden,NZL,,,,,2025 Foix Junior World Championships,2025 Foix Junior World Championships MCSLX Jayden PARKER
2025,Foix,Junior World Championships,Brackets,Quarter-Final,MCSLX,15,,Paul LEHNER,LEHNER,Paul,GER,,,,,2025 Foix Junior World Championships,2025 Foix Junior World Championships MCSLX Paul LEHNER
2025,Foix,Junior World Championships,Brackets,Quarter-Final,MCSLX,16,,David SKUBIK,SKUBIK,David,SVK,,,,,2025 Foix Junior World Championships,2025 Foix Junior World Championships MCSLX David SKUBIK
2025,Foix,Junior World Championships,Brackets,Heats,MCSLX,17,,Arkhyp KRACHKO,KRACHKO,Arkhyp,UKR,,,,,2025 Foix Junior World Championships,2025 Foix Junior World Championships MCSLX Arkhyp KRACHKO
2025,Foix,Junior World Championships,Brackets,Heats,MCSLX,18,,Tao PETIT,PETIT,Tao,FRA,,,,,2025 Foix Junior World Championships,2025 Foix Junior World Championships MCSLX Tao PETIT
2025,Foix,Junior World Championships,Brackets,Heats,MCSLX,19,,Nil CHECA BARO,CHECA BARO,Nil,AND,,,,,2025 Foix Junior World Championships,2025 Foix Junior World Championships MCSLX Nil CHECA BARO
2025,Foix,Junior World Championships,Brackets,Heats,MCSLX,20,,Tyler GEVAERT,GEVAERT,Tyler,CAN,,,,,2025 Foix Junior World Championships,2025 Foix Junior World Championships MCSLX Tyler GEVAERT
2025,Foix,Junior World Championships,Brackets,Heats,MCSLX,21,,Dominic THOMAS,THOMAS,Dominic,GBR,,,,,2025 Foix Junior World Championships,2025 Foix Junior World Championships MCSLX Dominic THOMAS
2025,Foix,Junior World Championships,Brackets,Heats,MCSLX,23,,Rostyslav MATVIIENKO,MATVIIENKO,Rostyslav,UKR,,,,,2025 Foix Junior World Championships,2025 Foix Junior World Championships MCSLX Rostyslav MATVIIENKO
2025,Foix,Junior World Championships,Brackets,Heats,MCSLX,24,,Keisaku KODA,KODA,Keisaku,JPN,,,,,2025 Foix Junior World Championships,2025 Foix Junior World Championships MCSLX Keisaku KODA
2025,Foix,Junior World Championships,Brackets,Heats,MCSLX,25,,Clement DAVY,DAVY,Clement,FRA,,,,,2025 Foix Junior World Championships,2025 Foix Junior World Championships MCSLX Clement DAVY
2025,Foix,Junior World Championships,Brackets,Heats,MCSLX,26,,Nicola PISTONI,PISTONI,Nicola,ITA,,,,,2025 Foix Junior World Championships,2025 Foix Junior World Championships MCSLX Nicola PISTONI
2025,Foix,Junior World Championships,Brackets,Heats,MCSLX,27,,Martin VENETIANER,VENETIANER,Martin,SVK,,,,,2025 Foix Junior World Championships,2025 Foix Junior World Championships MCSLX Martin VENETIANER
2025,Foix,Junior World Championships,Brackets,Heats,MCSLX,28,,Sevan BILLAUT,BILLAUT,Sevan,AUS,,,,,2025 Foix Junior World Championships,2025 Foix Junior World Championships MCSLX Sevan BILLAUT
2025,Foix,Junior World Championships,Brackets,Heats,MCSLX,29,,Marek PETRIK,PETRIK,Marek,CZE,,,,,2025 Foix Junior World Championships,2025 Foix Junior World Championships MCSLX Marek PETRIK
2025,Foix,Junior World Championships,Brackets,Heats,MCSLX,30,,Jernej KRAMER,KRAMER,Jernej,SLO,,,,,2025 Foix Junior World Championships,2025 Foix Junior World Championships MCSLX Jernej KRAMER
2025,Foix,Junior World Championships,Brackets,Heats,MCSLX,31,,Afonso PINHEIRO,PINHEIRO,Afonso,POR,,,,,2025 Foix Junior World Championships,2025 Foix Junior World Championships MCSLX Afonso PINHEIRO
2025,Foix,U23 World Championships,Brackets,Final,MCSLX,1,,Nicholas COLLIER,COLLIER,Nicholas,NZL,,,,,2025 Foix U23 World Championships,2025 Foix U23 World Championships MCSLX Nicholas COLLIER
2025,Foix,U23 World Championships,Brackets,Final,MCSLX,2,,Titouan CASTRYCK,CASTRYCK,Titouan,FRA,,,,,2025 Foix U23 World Championships,2025 Foix U23 World Championships MCSLX Titouan CASTRYCK
2025,Foix,U23 World Championships,Brackets,Final,MCSLX,3,,Xabier FERRAZZI,FERRAZZI,Xabier,ITA,,,,,2025 Foix U23 World Championships,2025 Foix U23 World Championships MCSLX Xabier FERRAZZI
2025,Foix,U23 World Championships,Brackets,Final,MCSLX,4,,Gino BENINI,BENINI,Gino,FRA,,,,,2025 Foix U23 World Championships,2025 Foix U23 World Championships MCSLX Gino BENINI
2025,Foix,U23 World Championships,Brackets,Semi-Final,MCSLX,5,,Sam LEAVER,LEAVER,Sam,GBR,,,,,2025 Foix U23 World Championships,2025 Foix U23 World Championships MCSLX Sam LEAVER
2025,Foix,U23 World Championships,Brackets,Semi-Final,MCSLX,6,,Patrick GUTKNECHT,GUTKNECHT,Patrick,SUI,,,,,2025 Foix U23 World Championships,2025 Foix U23 World Championships MCSLX Patrick GUTKNECHT
2025,Foix,U23 World Championships,Brackets,Semi-Final,MCSLX,7,,Tadeusz KUCHNO,KUCHNO,Tadeusz,POL,,,,,2025 Foix U23 World Championships,2025 Foix U23 World Championships MCSLX Tadeusz KUCHNO
2025,Foix,U23 World Championships,Brackets,Semi-Final,MCSLX,8,,Oleksandr FEDORENKO,FEDORENKO,Oleksandr,UKR,,,,,2025 Foix U23 World Championships,2025 Foix U23 World Championships MCSLX Oleksandr FEDORENKO
2025,Foix,U23 World Championships,Brackets,Quarter-Final,MCSLX,9,,Matyas NOVAK,NOVAK,Matyas,CZE,,,,,2025 Foix U23 World Championships,2025 Foix U23 World Championships MCSLX Matyas NOVAK
2025,Foix,U23 World Championships,Brackets,Quarter-Final,MCSLX,10,,Thomas MAYER,MAYER,Thomas,GBR,,,,,2025 Foix U23 World Championships,2025 Foix U23 World Championships MCSLX Thomas MAYER
2025,Foix,U23 World Championships,Brackets,Quarter-Final,MCSLX,11,,Ivan KOZLOV,KOZLOV,Ivan,AIN,,,,,2025 Foix U23 World Championships,2025 Foix U23 World Championships MCSLX Ivan KOZLOV
2025,Foix,U23 World Championships,Brackets,Quarter-Final,MCSLX,12,,Koki KITAMURA,KITAMURA,Koki,JPN,,,,,2025 Foix U23 World Championships,2025 Foix U23 World Championships MCSLX Koki KITAMURA
2025,Foix,U23 World Championships,Brackets,Quarter-Final,MCSLX,13,,Jakub KREJCI,KREJCI,Jakub,CZE,,,,,2025 Foix U23 World Championships,2025 Foix U23 World Championships MCSLX Jakub KREJCI
2025,Foix,U23 World Championships,Brackets,Quarter-Final,MCSLX,14,,Martin CORNU,CORNU,Martin,FRA,,,,,2025 Foix U23 World Championships,2025 Foix U23 World Championships MCSLX Martin CORNU
2025,Foix,U23 World Championships,Brackets,Quarter-Final,MCSLX,15,,Alex BALDONI,BALDONI,Alex,CAN,,,,,2025 Foix U23 World Championships,2025 Foix U23 World Championships MCSLX Alex BALDONI
2025,Foix,U23 World Championships,Brackets,Quarter-Final,MCSLX,16,,Egor SMIRNOV,SMIRNOV,Egor,AIN,,,,,2025 Foix U23 World Championships,2025 Foix U23 World Championships MCSLX Egor SMIRNOV
2025,Foix,U23 World Championships,Brackets,Heats,MCSLX,17,,Merle LONG,LONG,Merle,AUS,,,,,2025 Foix U23 World Championships,2025 Foix U23 World Championships MCSLX Merle LONG
2025,Foix,U23 World Championships,Brackets,Heats,MCSLX,18,,Kyler James LONG,LONG,Kyler James,USA,,,,,2025 Foix U23 World Championships,2025 Foix U23 World Championships MCSLX Kyler James LONG
2025,Foix,U23 World Championships,Brackets,Heats,MCSLX,19,,Dominic CURTIN,CURTIN,Dominic,AUS,,,,,2025 Foix U23 World Championships,2025 Foix U23 World Championships MCSLX Dominic CURTIN
2025,Foix,U23 World Championships,Brackets,Heats,MCSLX,20,,Kaelin FRIEDENSON,FRIEDENSON,Kaelin,USA,,,,,2025 Foix U23 World Championships,2025 Foix U23 World Championships MCSLX Kaelin FRIEDENSON
2025,Foix,U23 World Championships,Brackets,Heats,MCSLX,21,,Martin RUDORFER,RUDORFER,Martin,CZE,,,,,2025 Foix U23 World Championships,2025 Foix U23 World Championships MCSLX Martin RUDORFER
2025,Foix,U23 World Championships,Brackets,Heats,MCSLX,22,,Jan LOCNIKAR,LOCNIKAR,Jan,SLO,,,,,2025 Foix U23 World Championships,2025 Foix U23 World Championships MCSLX Jan LOCNIKAR
2025,Foix,U23 World Championships,Brackets,Heats,MCSLX,23,,Michele PISTONI,PISTONI,Michele,ITA,,,,,2025 Foix U23 World Championships,2025 Foix U23 World Championships MCSLX Michele PISTONI
2025,Foix,U23 World Championships,Brackets,Heats,MCSLX,24,,Riley GALEA,GALEA,Riley,AUS,,,,,2025 Foix U23 World Championships,2025 Foix U23 World Championships MCSLX Riley GALEA
2025,Foix,U23 World Championships,Brackets,Heats,MCSLX,25,,Artem IVCHENKO,IVCHENKO,Artem,UKR,,,,,2025 Foix U23 World Championships,2025 Foix U23 World Championships MCSLX Artem IVCHENKO
2025,Foix,U23 World Championships,Brackets,Heats,MCSLX,26,,Pitt ROHRER,ROHRER,Pitt,SUI,,,,,2025 Foix U23 World Championships,2025 Foix U23 World Championships MCSLX Pitt ROHRER
2025,Foix,U23 World Championships,Brackets,Heats,MCSLX,27,,Manel CONTRERAS,CONTRERAS,Manel,ESP,,,,,2025 Foix U23 World Championships,2025 Foix U23 World Championships MCSLX Manel CONTRERAS
2025,Foix,U23 World Championships,Brackets,Heats,MCSLX,28,,Miquel FARRAN,FARRAN,Miquel,ESP,,,,,2025 Foix U23 World Championships,2025 Foix U23 World Championships MCSLX Miquel FARRAN
2025,Foix,U23 World Championships,Brackets,Heats,MCSLX,29,,Alex SEGURA,SEGURA,Alex,ESP,,,,,2025 Foix U23 World Championships,2025 Foix U23 World Championships MCSLX Alex SEGURA
2025,Foix,U23 World Championships,Brackets,Heats,MCSLX,30,,Oliver PUCHNER,PUCHNER,Oliver,NZL,,,,,2025 Foix U23 World Championships,2025 Foix U23 World Championships MCSLX Oliver PUCHNER
2025,Foix,U23 World Championships,Brackets,Heats,MCSLX,31,,Felix SACHERS,SACHERS,Felix,GER,,,,,2025 Foix U23 World Championships,2025 Foix U23 World Championships MCSLX Felix SACHERS
2025,Foix,U23 World Championships,Brackets,Heats,MCSLX,32,,Thomas UKALOVIC,UKALOVIC,Thomas,CRO,,,,,2025 Foix U23 World Championships,2025 Foix U23 World Championships MCSLX Thomas UKALOVIC
2025,Foix,Junior World Championships,Time Trial,Time Trial,MCSLX,1,1,Ziga Lin HOCEVAR,HOCEVAR,Ziga Lin,SLO,51.21,0,100.00%,,2025 Foix Junior World Championships,2025 Foix Junior World Championships MCSLX Ziga Lin HOCEVAR
2025,Foix,Junior World Championships,Time Trial,Time Trial,MCSLX,2,3,Faust CLOTET JUANMARTI,CLOTET JUANMARTI,Faust,ESP,51.52,0.31,100.61%,,2025 Foix Junior World Championships,2025 Foix Junior World Championships MCSLX Faust CLOTET JUANMARTI
2025,Foix,Junior World Championships,Time Trial,Time Trial,MCSLX,3,67,Clement DAVY,DAVY,Clement,FRA,52.78,1.57,103.07%,,2025 Foix Junior World Championships,2025 Foix Junior World Championships MCSLX Clement DAVY
2025,Foix,Junior World Championships,Time Trial,Time Trial,MCSLX,4,13,Arkhyp KRACHKO,KRACHKO,Arkhyp,UKR,52.83,1.62,103.16%,,2025 Foix Junior World Championships,2025 Foix Junior World Championships MCSLX Arkhyp KRACHKO
2025,Foix,Junior World Championships,Time Trial,Time Trial,MCSLX,5,4,Titouan ESTANGUET,ESTANGUET,Titouan,FRA,52.96,1.75,103.42%,,2025 Foix Junior World Championships,2025 Foix Junior World Championships MCSLX Titouan ESTANGUET
2025,Foix,Junior World Championships,Time Trial,Time Trial,MCSLX,6,60,Harry KIRBY,KIRBY,Harry,GBR,53.11,1.9,103.71%,,2025 Foix Junior World Championships,2025 Foix Junior World Championships MCSLX Harry KIRBY
2025,Foix,Junior World Championships,Time Trial,Time Trial,MCSLX,7,9,Oier DIAZ,DIAZ,Oier,ESP,53.2,1.99,103.89%,,2025 Foix Junior World Championships,2025 Foix Junior World Championships MCSLX Oier DIAZ
2025,Foix,Junior World Championships,Time Trial,Time Trial,MCSLX,8,31,Kalle NEUMANN,NEUMANN,Kalle,GER,53.3,2.09,104.08%,,2025 Foix Junior World Championships,2025 Foix Junior World Championships MCSLX Kalle NEUMANN
2025,Foix,Junior World Championships,Time Trial,Time Trial,MCSLX,9,17,Martin PANZER,PANZER,Martin,CZE,53.37,2.16,104.22%,,2025 Foix Junior World Championships,2025 Foix Junior World Championships MCSLX Martin PANZER
2025,Foix,Junior World Championships,Time Trial,Time Trial,MCSLX,10,50,Tao PETIT,PETIT,Tao,FRA,53.39,2.18,104.26%,,2025 Foix Junior World Championships,2025 Foix Junior World Championships MCSLX Tao PETIT
2025,Foix,Junior World Championships,Time Trial,Time Trial,MCSLX,11,27,Gwion WILLIAMS,WILLIAMS,Gwion,GBR,53.41,2.2,104.30%,,2025 Foix Junior World Championships,2025 Foix Junior World Championships MCSLX Gwion WILLIAMS
2025,Foix,Junior World Championships,Time Trial,Time Trial,MCSLX,12,37,Kilian KAEDING,KAEDING,Kilian,GER,53.8,2.59,105.06%,,2025 Foix Junior World Championships,2025 Foix Junior World Championships MCSLX Kilian KAEDING
2025,Foix,Junior World Championships,Time Trial,Time Trial,MCSLX,13,2,Arik BUETIKOFER,BUETIKOFER,Arik,SUI,53.88,2.67,105.21%,,2025 Foix Junior World Championships,2025 Foix Junior World Championships MCSLX Arik BUETIKOFER
2025,Foix,Junior World Championships,Time Trial,Time Trial,MCSLX,14,15,Didac FOZ,FOZ,Didac,ESP,54.13,2.92,105.70%,,2025 Foix Junior World Championships,2025 Foix Junior World Championships MCSLX Didac FOZ
2025,Foix,Junior World Championships,Time Trial,Time Trial,MCSLX,15,18,Nil CHECA BARO,CHECA BARO,Nil,AND,54.28,3.07,105.99%,,2025 Foix Junior World Championships,2025 Foix Junior World Championships MCSLX Nil CHECA BARO
2025,Foix,Junior World Championships,Time Trial,Time Trial,MCSLX,16,24,Jayden PARKER,PARKER,Jayden,NZL,54.29,3.08,106.01%,,2025 Foix Junior World Championships,2025 Foix Junior World Championships MCSLX Jayden PARKER
2025,Foix,Junior World Championships,Time Trial,Time Trial,MCSLX,17,65,Nicola PISTONI,PISTONI,Nicola,ITA,54.32,3.11,106.07%,,2025 Foix Junior World Championships,2025 Foix Junior World Championships MCSLX Nicola PISTONI
2025,Foix,Junior World Championships,Time Trial,Time Trial,MCSLX,18,23,Marek KULCZYCKI,KULCZYCKI,Marek,POL,54.34,3.13,106.11%,,2025 Foix Junior World Championships,2025 Foix Junior World Championships MCSLX Marek KULCZYCKI
2025,Foix,Junior World Championships,Time Trial,Time Trial,MCSLX,19,21,Paul LEHNER,LEHNER,Paul,GER,54.41,3.2,106.25%,,2025 Foix Junior World Championships,2025 Foix Junior World Championships MCSLX Paul LEHNER
2025,Foix,Junior World Championships,Time Trial,Time Trial,MCSLX,20,6,Michal KOPECEK,KOPECEK,Michal,CZE,54.76,3.55,106.93%,,2025 Foix Junior World Championships,2025 Foix Junior World Championships MCSLX Michal KOPECEK
2025,Foix,Junior World Championships,Time Trial,Time Trial,MCSLX,21,36,Tyler GEVAERT,GEVAERT,Tyler,CAN,54.94,3.73,107.28%,,2025 Foix Junior World Championships,2025 Foix Junior World Championships MCSLX Tyler GEVAERT
2025,Foix,Junior World Championships,Time Trial,Time Trial,MCSLX,22,72,Martin VENETIANER,VENETIANER,Martin,SVK,54.94,3.73,107.28%,,2025 Foix Junior World Championships,2025 Foix Junior World Championships MCSLX Martin VENETIANER
2025,Foix,Junior World Championships,Time Trial,Time Trial,MCSLX,23,8,Sevan BILLAUT,BILLAUT,Sevan,AUS,55.07,3.86,107.54%,,2025 Foix Junior World Championships,2025 Foix Junior World Championships MCSLX Sevan BILLAUT
2025,Foix,Junior World Championships,Time Trial,Time Trial,MCSLX,24,51,Dominic THOMAS,THOMAS,Dominic,GBR,55.09,3.88,107.58%,,2025 Foix Junior World Championships,2025 Foix Junior World Championships MCSLX Dominic THOMAS
2025,Foix,Junior World Championships,Time Trial,Time Trial,MCSLX,25,48,Marek PETRIK,PETRIK,Marek,CZE,55.16,3.95,107.71%,,2025 Foix Junior World Championships,2025 Foix Junior World Championships MCSLX Marek PETRIK
2025,Foix,Junior World Championships,Time Trial,Time Trial,MCSLX,26,20,David SKUBIK,SKUBIK,David,SVK,55.24,4.03,107.87%,,2025 Foix Junior World Championships,2025 Foix Junior World Championships MCSLX David SKUBIK
2025,Foix,Junior World Championships,Time Trial,Time Trial,MCSLX,27,5,Fergus PAGE-BROWN,PAGE-BROWN,Fergus,AUS,55.28,4.07,107.95%,,2025 Foix Junior World Championships,2025 Foix Junior World Championships MCSLX Fergus PAGE-BROWN
2025,Foix,Junior World Championships,Time Trial,Time Trial,MCSLX,28,58,Jernej KRAMER,KRAMER,Jernej,SLO,55.54,4.33,108.46%,,2025 Foix Junior World Championships,2025 Foix Junior World Championships MCSLX Jernej KRAMER
2025,Foix,Junior World Championships,Time Trial,Time Trial,MCSLX,29,40,Afonso PINHEIRO,PINHEIRO,Afonso,POR,55.69,4.48,108.75%,,2025 Foix Junior World Championships,2025 Foix Junior World Championships MCSLX Afonso PINHEIRO
2025,Foix,Junior World Championships,Time Trial,Time Trial,MCSLX,30,19,Rostyslav MATVIIENKO,MATVIIENKO,Rostyslav,UKR,56.2,4.99,109.74%,,2025 Foix Junior World Championships,2025 Foix Junior World Championships MCSLX Rostyslav MATVIIENKO
2025,Foix,Junior World Championships,Time Trial,Time Trial,MCSLX,31,38,Brando BELOT DE LA HUNAUDAYE,BELOT DE LA HUNAUDAYE,Brando,ITA,56.67,5.46,110.66%,,2025 Foix Junior World Championships,2025 Foix Junior World Championships MCSLX Brando BELOT DE LA HUNAUDAYE
2025,Foix,Junior World Championships,Time Trial,Time Trial,MCSLX,32,52,Keisaku KODA,KODA,Keisaku,JPN,56.91,5.7,111.13%,,2025 Foix Junior World Championships,2025 Foix Junior World Championships MCSLX Keisaku KODA
2025,Foix,Junior World Championships,Time Trial,Time Trial,MCSLX,33,59,Matej RADOVICH,RADOVICH,Matej,SVK,57.5,6.29,112.28%,,2025 Foix Junior World Championships,2025 Foix Junior World Championships MCSLX Matej RADOVICH
2025,Foix,Junior World Championships,Time Trial,Time Trial,MCSLX,34,35,Igor PUCZEL,PUCZEL,Igor,POL,57.65,6.44,112.58%,,2025 Foix Junior World Championships,2025 Foix Junior World Championships MCSLX Igor PUCZEL
2025,Foix,Junior World Championships,Time Trial,Time Trial,MCSLX,35,49,Hung-Yu CHU,CHU,Hung-Yu,TPE,57.66,6.45,112.60%,,2025 Foix Junior World Championships,2025 Foix Junior World Championships MCSLX Hung-Yu CHU
2025,Foix,Junior World Championships,Time Trial,Time Trial,MCSLX,36,34,Kornelijus DAUNORAS,DAUNORAS,Kornelijus,LTU,57.88,6.67,113.02%,,2025 Foix Junior World Championships,2025 Foix Junior World Championships MCSLX Kornelijus DAUNORAS
2025,Foix,Junior World Championships,Time Trial,Time Trial,MCSLX,37,32,Adrijus AVERKINAS,AVERKINAS,Adrijus,LTU,57.93,6.72,113.12%,,2025 Foix Junior World Championships,2025 Foix Junior World Championships MCSLX Adrijus AVERKINAS
2025,Foix,Junior World Championships,Time Trial,Time Trial,MCSLX,38,29,Nikhil NIJHAWAN,NIJHAWAN,Nikhil,USA,57.96,6.75,113.18%,,2025 Foix Junior World Championships,2025 Foix Junior World Championships MCSLX Nikhil NIJHAWAN
2025,Foix,Junior World Championships,Time Trial,Time Trial,MCSLX,39,56,Maj PAJK,PAJK,Maj,SLO,58.07,6.86,113.40%,,2025 Foix Junior World Championships,2025 Foix Junior World Championships MCSLX Maj PAJK
2025,Foix,Junior World Championships,Time Trial,Time Trial,MCSLX,40,33,Milo OBLINGER,OBLINGER,Milo,SUI,58.09,6.88,113.43%,,2025 Foix Junior World Championships,2025 Foix Junior World Championships MCSLX Milo OBLINGER
2025,Foix,Junior World Championships,Time Trial,Time Trial,MCSLX,41,73,Delfo BOSSHARD,BOSSHARD,Delfo,SUI,58.12,6.91,113.49%,,2025 Foix Junior World Championships,2025 Foix Junior World Championships MCSLX Delfo BOSSHARD
2025,Foix,Junior World Championships,Time Trial,Time Trial,MCSLX,42,54,Joachim BERTHELOT,BERTHELOT,Joachim,PER,58.13,6.92,113.51%,,2025 Foix Junior World Championships,2025 Foix Junior World Championships MCSLX Joachim BERTHELOT
2025,Foix,Junior World Championships,Time Trial,Time Trial,MCSLX,43,25,Finnigan BLACKBURN,BLACKBURN,Finnigan,USA,58.31,7.1,113.86%,,2025 Foix Junior World Championships,2025 Foix Junior World Championships MCSLX Finnigan BLACKBURN
2025,Foix,Junior World Championships,Time Trial,Time Trial,MCSLX,44,28,Asher SMITH,SMITH,Asher,NZL,58.32,7.11,113.88%,,2025 Foix Junior World Championships,2025 Foix Junior World Championships MCSLX Asher SMITH
2025,Foix,Junior World Championships,Time Trial,Time Trial,MCSLX,45,44,Jakob SEEBACHER,SEEBACHER,Jakob,AUT,58.6,7.39,114.43%,,2025 Foix Junior World Championships,2025 Foix Junior World Championships MCSLX Jakob SEEBACHER
2025,Foix,Junior World Championships,Time Trial,Time Trial,MCSLX,46,22,Joseph SAMPSON,SAMPSON,Joseph,NZL,58.83,7.62,114.88%,,2025 Foix Junior World Championships,2025 Foix Junior World Championships MCSLX Joseph SAMPSON
2025,Foix,Junior World Championships,Time Trial,Time Trial,MCSLX,47,26,Loic LAMBERMONT,LAMBERMONT,Loic,NED,58.9,7.69,115.02%,,2025 Foix Junior World Championships,2025 Foix Junior World Championships MCSLX Loic LAMBERMONT
2025,Foix,Junior World Championships,Time Trial,Time Trial,MCSLX,48,41,Adrian LIGNE,LIGNE,Adrian,SWE,59,7.79,115.21%,,2025 Foix Junior World Championships,2025 Foix Junior World Championships MCSLX Adrian LIGNE
2025,Foix,Junior World Championships,Time Trial,Time Trial,MCSLX,49,42,Anton BOIVIN,BOIVIN,Anton,BEL,59.13,7.92,115.47%,,2025 Foix Junior World Championships,2025 Foix Junior World Championships MCSLX Anton BOIVIN
2025,Foix,Junior World Championships,Time Trial,Time Trial,MCSLX,50,10,Aar MAGAN,MAGAN,Aar,DJI,59.58,8.37,116.34%,,2025 Foix Junior World Championships,2025 Foix Junior World Championships MCSLX Aar MAGAN
2025,Foix,Junior World Championships,Time Trial,Time Trial,MCSLX,51,57,Antonio LIMA,LIMA,Antonio,POR,59.66,8.45,116.50%,,2025 Foix Junior World Championships,2025 Foix Junior World Championships MCSLX Antonio LIMA
2025,Foix,Junior World Championships,Time Trial,Time Trial,MCSLX,52,66,Gordey SHCHEHLOV,SHCHEHLOV,Gordey,POR,59.72,8.51,116.62%,,2025 Foix Junior World Championships,2025 Foix Junior World Championships MCSLX Gordey SHCHEHLOV
2025,Foix,Junior World Championships,Time Trial,Time Trial,MCSLX,53,69,Klavs AUZNIEKS,AUZNIEKS,Klavs,LAT,59.76,8.55,116.70%,,2025 Foix Junior World Championships,2025 Foix Junior World Championships MCSLX Klavs AUZNIEKS
2025,Foix,Junior World Championships,Time Trial,Time Trial,MCSLX,54,70,Shunsuke TANAKA,TANAKA,Shunsuke,JPN,59.8,8.59,116.77%,,2025 Foix Junior World Championships,2025 Foix Junior World Championships MCSLX Shunsuke TANAKA
2025,Foix,Junior World Championships,Time Trial,Time Trial,MCSLX,55,68,Scott VENNIKER,VENNIKER,Scott,RSA,60.05,8.84,117.26%,,2025 Foix Junior World Championships,2025 Foix Junior World Championships MCSLX Scott VENNIKER
2025,Foix,Junior World Championships,Time Trial,Time Trial,MCSLX,56,64,Teppei SAITO,SAITO,Teppei,JPN,60.47,9.26,118.08%,,2025 Foix Junior World Championships,2025 Foix Junior World Championships MCSLX Teppei SAITO
2025,Foix,Junior World Championships,Time Trial,Time Trial,MCSLX,57,39,Isaac LONG,LONG,Isaac,USA,60.82,9.61,118.77%,,2025 Foix Junior World Championships,2025 Foix Junior World Championships MCSLX Isaac LONG
2025,Foix,Junior World Championships,Time Trial,Time Trial,MCSLX,58,45,Juan Antonio CARRASCO CADILLO,CARRASCO CADILLO,Juan Antonio,PER,61.78,10.57,120.64%,,2025 Foix Junior World Championships,2025 Foix Junior World Championships MCSLX Juan Antonio CARRASCO CADILLO
2025,Foix,Junior World Championships,Time Trial,Time Trial,MCSLX,59,55,Yu-Chia LIN,LIN,Yu-Chia,TPE,61.88,10.67,120.84%,,2025 Foix Junior World Championships,2025 Foix Junior World Championships MCSLX Yu-Chia LIN
2025,Foix,Junior World Championships,Time Trial,Time Trial,MCSLX,60,43,Rokas POPIERA,POPIERA,Rokas,LTU,62.28,11.07,121.62%,,2025 Foix Junior World Championships,2025 Foix Junior World Championships MCSLX Rokas POPIERA
2025,Foix,Junior World Championships,Time Trial,Time Trial,MCSLX,61,62,Nicolas RIVADENEYRA,RIVADENEYRA,Nicolas,ECU,62.57,11.36,122.18%,,2025 Foix Junior World Championships,2025 Foix Junior World Championships MCSLX Nicolas RIVADENEYRA
2025,Foix,Junior World Championships,Time Trial,Time Trial,MCSLX,62,12,Alexandr KOROBOV,KOROBOV,Alexandr,KAZ,62.81,11.6,122.65%,,2025 Foix Junior World Championships,2025 Foix Junior World Championships MCSLX Alexandr KOROBOV
2025,Foix,Junior World Championships,Time Trial,Time Trial,MCSLX,63,30,George NOR,NOR,George,CAN,62.96,11.75,122.94%,,2025 Foix Junior World Championships,2025 Foix Junior World Championships MCSLX George NOR
2025,Foix,Junior World Championships,Time Trial,Time Trial,MCSLX,64,11,Max STEINBRENNER,STEINBRENNER,Max,AUT,63.92,12.71,124.82%,,2025 Foix Junior World Championships,2025 Foix Junior World Championships MCSLX Max STEINBRENNER
2025,Foix,Junior World Championships,Time Trial,Time Trial,MCSLX,65,14,Michal SMIESKO,SMIESKO,Michal,CAN,64.66,13.45,126.26%,,2025 Foix Junior World Championships,2025 Foix Junior World Championships MCSLX Michal SMIESKO
2025,Foix,Junior World Championships,Time Trial,Time Trial,MCSLX,66,71,Lukas ROHRMEISTER,ROHRMEISTER,Lukas,AUT,68.6,17.39,133.96%,,2025 Foix Junior World Championships,2025 Foix Junior World Championships MCSLX Lukas ROHRMEISTER
2025,Foix,Junior World Championships,Time Trial,Time Trial,MCSLX,67,63,Dags POKSANS,POKSANS,Dags,LAT,73.83,22.62,144.17%,,2025 Foix Junior World Championships,2025 Foix Junior World Championships MCSLX Dags POKSANS
2025,Foix,Junior World Championships,Time Trial,Time Trial,MCSLX,68,47,Barrie TEUNISSEN,TEUNISSEN,Barrie,NED,75.22,24.01,146.89%,,2025 Foix Junior World Championships,2025 Foix Junior World Championships MCSLX Barrie TEUNISSEN
2025,Foix,Junior World Championships,Time Trial,Time Trial,MCSLX,69,61,James GOTTE,GOTTE,James,RSA,120.35,69.14,235.01%,,2025 Foix Junior World Championships,2025 Foix Junior World Championships MCSLX James GOTTE
2025,Foix,Junior World Championships,Time Trial,Time Trial,MCSLX,70,16,Raage MAGAN,MAGAN,Raage,DJI,60.71,9.5,118.55%,FLT (7),2025 Foix Junior World Championships,2025 Foix Junior World Championships MCSLX Raage MAGAN
2025,Foix,Junior World Championships,Time Trial,Time Trial,MCSLX,71,7,James STAMP,STAMP,James,AUS,56.86,5.65,111.03%,FLT (3),2025 Foix Junior World Championships,2025 Foix Junior World Championships MCSLX James STAMP
2025,Foix,Junior World Championships,Brackets,Final,WCSLX,1,,Mina BLUME,BLUME,Mina,GER,,,,,2025 Foix Junior World Championships,2025 Foix Junior World Championships WCSLX Mina BLUME
2025,Foix,Junior World Championships,Brackets,Final,WCSLX,2,,Britta JUNG,JUNG,Britta,GER,,,,,2025 Foix Junior World Championships,2025 Foix Junior World Championships WCSLX Britta JUNG
2025,Foix,Junior World Championships,Brackets,Final,WCSLX,3,,Ainara GOIKOETXEA,GOIKOETXEA,Ainara,ESP,,,,,2025 Foix Junior World Championships,2025 Foix Junior World Championships WCSLX Ainara GOIKOETXEA
2025,Foix,Junior World Championships,Brackets,Final,WCSLX,4,,Olwen YATES,YATES,Olwen,GBR,,,,,2025 Foix Junior World Championships,2025 Foix Junior World Championships WCSLX Olwen YATES
2025,Foix,Junior World Championships,Brackets,Semi-Final,WCSLX,5,,Margot LAPEZE,LAPEZE,Margot,FRA,,,,,2025 Foix Junior World Championships,2025 Foix Junior World Championships WCSLX Margot LAPEZE
2025,Foix,Junior World Championships,Brackets,Semi-Final,WCSLX,6,,Anna FABIANOVA,FABIANOVA,Anna,CZE,,,,,2025 Foix Junior World Championships,2025 Foix Junior World Championships WCSLX Anna FABIANOVA
2025,Foix,Junior World Championships,Brackets,Semi-Final,WCSLX,7,,Anna SIMONA,SIMONA,Anna,ESP,,,,,2025 Foix Junior World Championships,2025 Foix Junior World Championships WCSLX Anna SIMONA
2025,Foix,Junior World Championships,Brackets,Quarter-Final,WCSLX,9,,Jana BELMONTE,BELMONTE,Jana,ESP,,,,,2025 Foix Junior World Championships,2025 Foix Junior World Championships WCSLX Jana BELMONTE
2025,Foix,Junior World Championships,Brackets,Quarter-Final,WCSLX,10,,Elizaveta RIABIKOVA,RIABIKOVA,Elizaveta,AIN,,,,,2025 Foix Junior World Championships,2025 Foix Junior World Championships WCSLX Elizaveta RIABIKOVA
2025,Foix,Junior World Championships,Brackets,Quarter-Final,WCSLX,11,,Carla RHEIN,RHEIN,Carla,SUI,,,,,2025 Foix Junior World Championships,2025 Foix Junior World Championships WCSLX Carla RHEIN
2025,Foix,Junior World Championships,Brackets,Quarter-Final,WCSLX,12,,Nerea CASTIGLIONE,CASTIGLIONE,Nerea,ARG,,,,,2025 Foix Junior World Championships,2025 Foix Junior World Championships WCSLX Nerea CASTIGLIONE
2025,Foix,Junior World Championships,Brackets,Quarter-Final,WCSLX,13,,Lucie VACULOVA,VACULOVA,Lucie,CZE,,,,,2025 Foix Junior World Championships,2025 Foix Junior World Championships WCSLX Lucie VACULOVA
2025,Foix,Junior World Championships,Brackets,Quarter-Final,WCSLX,14,,Eyleen VUILLEUMIER,VUILLEUMIER,Eyleen,SUI,,,,,2025 Foix Junior World Championships,2025 Foix Junior World Championships WCSLX Eyleen VUILLEUMIER
2025,Foix,Junior World Championships,Brackets,Quarter-Final,WCSLX,15,,Isabella ALTMAN,ALTMAN,Isabella,USA,,,,,2025 Foix Junior World Championships,2025 Foix Junior World Championships WCSLX Isabella ALTMAN
2025,Foix,Junior World Championships,Brackets,Quarter-Final,WCSLX,16,,Lilou MANIET,MANIET,Lilou,BEL,,,,,2025 Foix Junior World Championships,2025 Foix Junior World Championships WCSLX Lilou MANIET
2025,Foix,Junior World Championships,Brackets,Heats,WCSLX,17,,Hanna DANEK,DANEK,Hanna,POL,,,,,2025 Foix Junior World Championships,2025 Foix Junior World Championships WCSLX Hanna DANEK
2025,Foix,Junior World Championships,Brackets,Heats,WCSLX,18,,Carden OETTING,OETTING,Carden,USA,,,,,2025 Foix Junior World Championships,2025 Foix Junior World Championships WCSLX Carden OETTING
2025,Foix,Junior World Championships,Brackets,Heats,WCSLX,19,,Mine ONOZAWA,ONOZAWA,Mine,JPN,,,,,2025 Foix Junior World Championships,2025 Foix Junior World Championships WCSLX Mine ONOZAWA
2025,Foix,Junior World Championships,Brackets,Heats,WCSLX,20,,Codie DAVIDSON,DAVIDSON,Codie,AUS,,,,,2025 Foix Junior World Championships,2025 Foix Junior World Championships WCSLX Codie DAVIDSON
2025,Foix,Junior World Championships,Brackets,Heats,WCSLX,21,,Gianna CADUFF,CADUFF,Gianna,SUI,,,,,2025 Foix Junior World Championships,2025 Foix Junior World Championships WCSLX Gianna CADUFF
2025,Foix,Junior World Championships,Brackets,Heats,WCSLX,22,,Tess PATEMAN,PATEMAN,Tess,NZL,,,,,2025 Foix Junior World Championships,2025 Foix Junior World Championships WCSLX Tess PATEMAN
2025,Foix,Junior World Championships,Brackets,Heats,WCSLX,23,,Darcey MCMULLINS,MCMULLINS,Darcey,GBR,,,,,2025 Foix Junior World Championships,2025 Foix Junior World Championships WCSLX Darcey MCMULLINS
2025,Foix,Junior World Championships,Brackets,Heats,WCSLX,24,,Olivia LONG,LONG,Olivia,USA,,,,,2025 Foix Junior World Championships,2025 Foix Junior World Championships WCSLX Olivia LONG
2025,Foix,Junior World Championships,Brackets,Heats,WCSLX,25,,Arina KONTCHAKOV,KONTCHAKOV,Arina,GBR,,,,,2025 Foix Junior World Championships,2025 Foix Junior World Championships WCSLX Arina KONTCHAKOV
2025,Foix,Junior World Championships,Brackets,Heats,WCSLX,26,,Neele KRECH,KRECH,Neele,GER,,,,,2025 Foix Junior World Championships,2025 Foix Junior World Championships WCSLX Neele KRECH
2025,Foix,Junior World Championships,Brackets,Heats,WCSLX,27,,Klara VOJTIKOVA,VOJTIKOVA,Klara,CZE,,,,,2025 Foix Junior World Championships,2025 Foix Junior World Championships WCSLX Klara VOJTIKOVA
2025,Foix,Junior World Championships,Brackets,Heats,WCSLX,28,,Karolina ABRAHAMOVA,ABRAHAMOVA,Karolina,SVK,,,,,2025 Foix Junior World Championships,2025 Foix Junior World Championships WCSLX Karolina ABRAHAMOVA
2025,Foix,Junior World Championships,Brackets,Heats,WCSLX,29,,Lea SENICA,SENICA,Lea,SLO,,,,,2025 Foix Junior World Championships,2025 Foix Junior World Championships WCSLX Lea SENICA
2025,Foix,Junior World Championships,Brackets,Heats,WCSLX,30,,Freja BOOCOCK,BOOCOCK,Freja,AUS,,,,,2025 Foix Junior World Championships,2025 Foix Junior World Championships WCSLX Freja BOOCOCK
2025,Foix,Junior World Championships,Brackets,Heats,WCSLX,31,,Zara ZAHORSKA,ZAHORSKA,Zara,SVK,,,,,2025 Foix Junior World Championships,2025 Foix Junior World Championships WCSLX Zara ZAHORSKA
2025,Foix,Junior World Championships,Brackets,Heats,WCSLX,32,,Paige ZIMMERMAN,ZIMMERMAN,Paige,CAN,,,,,2025 Foix Junior World Championships,2025 Foix Junior World Championships WCSLX Paige ZIMMERMAN
2025,Foix,Junior World Championships,Time Trial,Time Trial,WCSLX,1,2,Anna SIMONA,SIMONA,Anna,ESP,57.69,0,100.00%,,2025 Foix Junior World Championships,2025 Foix Junior World Championships WCSLX Anna SIMONA
2025,Foix,Junior World Championships,Time Trial,Time Trial,WCSLX,2,9,Arina KONTCHAKOV,KONTCHAKOV,Arina,GBR,57.97,0.28,100.49%,,2025 Foix Junior World Championships,2025 Foix Junior World Championships WCSLX Arina KONTCHAKOV
2025,Foix,Junior World Championships,Time Trial,Time Trial,WCSLX,3,40,Britta JUNG,JUNG,Britta,GER,57.97,0.28,100.49%,,2025 Foix Junior World Championships,2025 Foix Junior World Championships WCSLX Britta JUNG
2025,Foix,Junior World Championships,Time Trial,Time Trial,WCSLX,4,19,Neele KRECH,KRECH,Neele,GER,58.28,0.59,101.02%,,2025 Foix Junior World Championships,2025 Foix Junior World Championships WCSLX Neele KRECH
2025,Foix,Junior World Championships,Time Trial,Time Trial,WCSLX,5,15,Klara VOJTIKOVA,VOJTIKOVA,Klara,CZE,58.63,0.94,101.63%,,2025 Foix Junior World Championships,2025 Foix Junior World Championships WCSLX Klara VOJTIKOVA
2025,Foix,Junior World Championships,Time Trial,Time Trial,WCSLX,6,21,Hanna DANEK,DANEK,Hanna,POL,58.73,1.04,101.80%,,2025 Foix Junior World Championships,2025 Foix Junior World Championships WCSLX Hanna DANEK
2025,Foix,Junior World Championships,Time Trial,Time Trial,WCSLX,7,52,Olwen YATES,YATES,Olwen,GBR,58.83,1.14,101.98%,,2025 Foix Junior World Championships,2025 Foix Junior World Championships WCSLX Olwen YATES
2025,Foix,Junior World Championships,Time Trial,Time Trial,WCSLX,8,25,Karolina ABRAHAMOVA,ABRAHAMOVA,Karolina,SVK,58.88,1.19,102.06%,,2025 Foix Junior World Championships,2025 Foix Junior World Championships WCSLX Karolina ABRAHAMOVA
2025,Foix,Junior World Championships,Time Trial,Time Trial,WCSLX,9,13,Mina BLUME,BLUME,Mina,GER,59.18,1.49,102.58%,,2025 Foix Junior World Championships,2025 Foix Junior World Championships WCSLX Mina BLUME
2025,Foix,Junior World Championships,Time Trial,Time Trial,WCSLX,10,14,Carden OETTING,OETTING,Carden,USA,59.33,1.64,102.84%,,2025 Foix Junior World Championships,2025 Foix Junior World Championships WCSLX Carden OETTING
2025,Foix,Junior World Championships,Time Trial,Time Trial,WCSLX,11,10,Margot LAPEZE,LAPEZE,Margot,FRA,59.56,1.87,103.24%,,2025 Foix Junior World Championships,2025 Foix Junior World Championships WCSLX Margot LAPEZE
2025,Foix,Junior World Championships,Time Trial,Time Trial,WCSLX,12,38,Mine ONOZAWA,ONOZAWA,Mine,JPN,59.57,1.88,103.26%,,2025 Foix Junior World Championships,2025 Foix Junior World Championships WCSLX Mine ONOZAWA
2025,Foix,Junior World Championships,Time Trial,Time Trial,WCSLX,13,18,Anna FABIANOVA,FABIANOVA,Anna,CZE,59.9,2.21,103.83%,,2025 Foix Junior World Championships,2025 Foix Junior World Championships WCSLX Anna FABIANOVA
2025,Foix,Junior World Championships,Time Trial,Time Trial,WCSLX,14,43,Lucie VACULOVA,VACULOVA,Lucie,CZE,59.98,2.29,103.97%,,2025 Foix Junior World Championships,2025 Foix Junior World Championships WCSLX Lucie VACULOVA
2025,Foix,Junior World Championships,Time Trial,Time Trial,WCSLX,15,4,Rosie REX,REX,Rosie,NZL,60.08,2.39,104.14%,,2025 Foix Junior World Championships,2025 Foix Junior World Championships WCSLX Rosie REX
2025,Foix,Junior World Championships,Time Trial,Time Trial,WCSLX,16,5,Eyleen VUILLEUMIER,VUILLEUMIER,Eyleen,SUI,60.11,2.42,104.19%,,2025 Foix Junior World Championships,2025 Foix Junior World Championships WCSLX Eyleen VUILLEUMIER
2025,Foix,Junior World Championships,Time Trial,Time Trial,WCSLX,17,30,Lea SENICA,SENICA,Lea,SLO,60.11,2.42,104.19%,,2025 Foix Junior World Championships,2025 Foix Junior World Championships WCSLX Lea SENICA
2025,Foix,Junior World Championships,Time Trial,Time Trial,WCSLX,18,3,Isabella ALTMAN,ALTMAN,Isabella,USA,60.38,2.69,104.66%,,2025 Foix Junior World Championships,2025 Foix Junior World Championships WCSLX Isabella ALTMAN
2025,Foix,Junior World Championships,Time Trial,Time Trial,WCSLX,19,11,Freja BOOCOCK,BOOCOCK,Freja,AUS,60.62,2.93,105.08%,,2025 Foix Junior World Championships,2025 Foix Junior World Championships WCSLX Freja BOOCOCK
2025,Foix,Junior World Championships,Time Trial,Time Trial,WCSLX,20,6,Ainara GOIKOETXEA,GOIKOETXEA,Ainara,ESP,60.94,3.25,105.63%,,2025 Foix Junior World Championships,2025 Foix Junior World Championships WCSLX Ainara GOIKOETXEA
2025,Foix,Junior World Championships,Time Trial,Time Trial,WCSLX,21,20,Lilou MANIET,MANIET,Lilou,BEL,61.43,3.74,106.48%,,2025 Foix Junior World Championships,2025 Foix Junior World Championships WCSLX Lilou MANIET
2025,Foix,Junior World Championships,Time Trial,Time Trial,WCSLX,22,46,Zara ZAHORSKA,ZAHORSKA,Zara,SVK,61.45,3.76,106.52%,,2025 Foix Junior World Championships,2025 Foix Junior World Championships WCSLX Zara ZAHORSKA
2025,Foix,Junior World Championships,Time Trial,Time Trial,WCSLX,23,26,Paige ZIMMERMAN,ZIMMERMAN,Paige,CAN,61.49,3.8,106.59%,,2025 Foix Junior World Championships,2025 Foix Junior World Championships WCSLX Paige ZIMMERMAN
2025,Foix,Junior World Championships,Time Trial,Time Trial,WCSLX,24,12,Jana BELMONTE,BELMONTE,Jana,ESP,61.62,3.93,106.81%,,2025 Foix Junior World Championships,2025 Foix Junior World Championships WCSLX Jana BELMONTE
2025,Foix,Junior World Championships,Time Trial,Time Trial,WCSLX,25,1,Codie DAVIDSON,DAVIDSON,Codie,AUS,62.65,4.96,108.60%,,2025 Foix Junior World Championships,2025 Foix Junior World Championships WCSLX Codie DAVIDSON
2025,Foix,Junior World Championships,Time Trial,Time Trial,WCSLX,26,42,Elizaveta RIABIKOVA,RIABIKOVA,Elizaveta,AIN,62.68,4.99,108.65%,,2025 Foix Junior World Championships,2025 Foix Junior World Championships WCSLX Elizaveta RIABIKOVA
2025,Foix,Junior World Championships,Time Trial,Time Trial,WCSLX,27,23,Carla RHEIN,RHEIN,Carla,SUI,63.16,5.47,109.48%,,2025 Foix Junior World Championships,2025 Foix Junior World Championships WCSLX Carla RHEIN
2025,Foix,Junior World Championships,Time Trial,Time Trial,WCSLX,28,8,Nerea CASTIGLIONE,CASTIGLIONE,Nerea,ARG,63.38,5.69,109.86%,,2025 Foix Junior World Championships,2025 Foix Junior World Championships WCSLX Nerea CASTIGLIONE
2025,Foix,Junior World Championships,Time Trial,Time Trial,WCSLX,29,34,Gianna CADUFF,CADUFF,Gianna,SUI,63.6,5.91,110.24%,,2025 Foix Junior World Championships,2025 Foix Junior World Championships WCSLX Gianna CADUFF
2025,Foix,Junior World Championships,Time Trial,Time Trial,WCSLX,30,16,Tess PATEMAN,PATEMAN,Tess,NZL,64.17,6.48,111.23%,,2025 Foix Junior World Championships,2025 Foix Junior World Championships WCSLX Tess PATEMAN
2025,Foix,Junior World Championships,Time Trial,Time Trial,WCSLX,31,32,Darcey MCMULLINS,MCMULLINS,Darcey,GBR,64.33,6.64,111.51%,,2025 Foix Junior World Championships,2025 Foix Junior World Championships WCSLX Darcey MCMULLINS
2025,Foix,Junior World Championships,Time Trial,Time Trial,WCSLX,32,33,Olivia LONG,LONG,Olivia,USA,64.48,6.79,111.77%,,2025 Foix Junior World Championships,2025 Foix Junior World Championships WCSLX Olivia LONG
2025,Foix,Junior World Championships,Time Trial,Time Trial,WCSLX,33,39,Hanon TANAKA,TANAKA,Hanon,JPN,64.76,7.07,112.26%,,2025 Foix Junior World Championships,2025 Foix Junior World Championships WCSLX Hanon TANAKA
2025,Foix,Junior World Championships,Time Trial,Time Trial,WCSLX,34,27,Ona PERELEGRE,PERELEGRE,Ona,AND,64.83,7.14,112.38%,,2025 Foix Junior World Championships,2025 Foix Junior World Championships WCSLX Ona PERELEGRE
2025,Foix,Junior World Championships,Time Trial,Time Trial,WCSLX,35,22,Di YAN,YAN,Di,CHN,65.25,7.56,113.10%,,2025 Foix Junior World Championships,2025 Foix Junior World Championships WCSLX Di YAN
2025,Foix,Junior World Championships,Time Trial,Time Trial,WCSLX,36,41,Alua MAULETKAN,MAULETKAN,Alua,KAZ,67.88,10.19,117.66%,,2025 Foix Junior World Championships,2025 Foix Junior World Championships WCSLX Alua MAULETKAN
2025,Foix,Junior World Championships,Time Trial,Time Trial,WCSLX,37,45,Elizabete KURVINA,KURVINA,Elizabete,LAT,68.62,10.93,118.95%,,2025 Foix Junior World Championships,2025 Foix Junior World Championships WCSLX Elizabete KURVINA
2025,Foix,Junior World Championships,Time Trial,Time Trial,WCSLX,38,31,Patrycja IWANIEC,IWANIEC,Patrycja,POL,68.79,11.1,119.24%,,2025 Foix Junior World Championships,2025 Foix Junior World Championships WCSLX Patrycja IWANIEC
2025,Foix,Junior World Championships,Time Trial,Time Trial,WCSLX,39,7,Ada MACKIE,MACKIE,Ada,AUS,69.23,11.54,120.00%,,2025 Foix Junior World Championships,2025 Foix Junior World Championships WCSLX Ada MACKIE
2025,Foix,Junior World Championships,Time Trial,Time Trial,WCSLX,40,47,Ceren AVCU,AVCU,Ceren,TUR,69.65,11.96,120.73%,,2025 Foix Junior World Championships,2025 Foix Junior World Championships WCSLX Ceren AVCU
2025,Foix,Junior World Championships,Time Trial,Time Trial,WCSLX,41,36,Sophia Suzane Hada MOUHOUB,MOUHOUB,Sophia Suzane Hada,ALG,69.97,12.28,121.29%,,2025 Foix Junior World Championships,2025 Foix Junior World Championships WCSLX Sophia Suzane Hada MOUHOUB
2025,Foix,Junior World Championships,Time Trial,Time Trial,WCSLX,42,35,Anhelina KHARLAMOVA,KHARLAMOVA,Anhelina,UKR,70.05,12.36,121.42%,,2025 Foix Junior World Championships,2025 Foix Junior World Championships WCSLX Anhelina KHARLAMOVA
2025,Foix,Junior World Championships,Time Trial,Time Trial,WCSLX,43,44,Rafaela SANCHEZ,SANCHEZ,Rafaela,ECU,75.39,17.7,130.68%,,2025 Foix Junior World Championships,2025 Foix Junior World Championships WCSLX Rafaela SANCHEZ
2025,Foix,Junior World Championships,Time Trial,Time Trial,WCSLX,44,49,Martha BIYINZIKA,BIYINZIKA,Martha,UGA,75.47,17.78,130.82%,,2025 Foix Junior World Championships,2025 Foix Junior World Championships WCSLX Martha BIYINZIKA
2025,Foix,Junior World Championships,Time Trial,Time Trial,WCSLX,45,29,Eliza TARE,TARE,Eliza,LAT,75.67,17.98,131.17%,,2025 Foix Junior World Championships,2025 Foix Junior World Championships WCSLX Eliza TARE
2025,Foix,Junior World Championships,Time Trial,Time Trial,WCSLX,46,50,Meryem TAOUFIK,TAOUFIK,Meryem,MAR,80.39,22.7,139.35%,,2025 Foix Junior World Championships,2025 Foix Junior World Championships WCSLX Meryem TAOUFIK
2025,Foix,Junior World Championships,Time Trial,Time Trial,WCSLX,47,28,Rosalina TEUNISSEN,TEUNISSEN,Rosalina,NED,81.68,23.99,141.58%,,2025 Foix Junior World Championships,2025 Foix Junior World Championships WCSLX Rosalina TEUNISSEN
2025,Foix,Junior World Championships,Time Trial,Time Trial,WCSLX,48,37,Hannah TROWER,TROWER,Hannah,RSA,76.6,18.91,132.78%,FLT (5),2025 Foix Junior World Championships,2025 Foix Junior World Championships WCSLX Hannah TROWER
2025,Foix,Junior World Championships,Time Trial,Time Trial,WCSLX,49,51,Honorine PICHARD,PICHARD,Honorine,FRA,62.4,4.71,108.16%,FLT (3),2025 Foix Junior World Championships,2025 Foix Junior World Championships WCSLX Honorine PICHARD
2025,Foix,Junior World Championships,Time Trial,Time Trial,WCSLX,50,48,Isabel LOVATO,LOVATO,Isabel,ITA,66.18,8.49,114.72%,FLT (3),2025 Foix Junior World Championships,2025 Foix Junior World Championships WCSLX Isabel LOVATO
2025,Foix,Junior World Championships,Time Trial,Time Trial,WCSLX,51,17,Veerle VAN VLIET,VAN VLIET,Veerle,NED,89.6,31.91,155.31%,FLT (3),2025 Foix Junior World Championships,2025 Foix Junior World Championships WCSLX Veerle VAN VLIET
2025,Foix,Junior World Championships,Time Trial,Time Trial,WCSLX,52,24,Laurette LALY,LALY,Laurette,FRA,63.25,5.56,109.64%,,2025 Foix Junior World Championships,2025 Foix Junior World Championships WCSLX Laurette LALY
2024,Liptovsky Mikulus,U23 World Championships,Time Trial,Time Trial,WCSLX,1,5,Lois LEAVER,LEAVER,Lois,GBR,73.33,0,100.00%,,2024 Liptovsky Mikulus U23 World Championships,2024 Liptovsky Mikulus U23 World Championships WCSLX Lois LEAVER
2024,Liptovsky Mikulus,U23 World Championships,Time Trial,Time Trial,WCSLX,2,3,Katerina BEKOVA,BEKOVA,Katerina,CZE,73.54,0.21,100.29%,,2024 Liptovsky Mikulus U23 World Championships,2024 Liptovsky Mikulus U23 World Championships WCSLX Katerina BEKOVA
2024,Liptovsky Mikulus,U23 World Championships,Time Trial,Time Trial,WCSLX,3,7,Ellis MILLER,MILLER,Ellis,GBR,73.99,0.66,100.90%,,2024 Liptovsky Mikulus U23 World Championships,2024 Liptovsky Mikulus U23 World Championships WCSLX Ellis MILLER
2024,Liptovsky Mikulus,U23 World Championships,Time Trial,Time Trial,WCSLX,4,44,Doriane DELASSUS,DELASSUS,Doriane,FRA,74.31,0.98,101.34%,,2024 Liptovsky Mikulus U23 World Championships,2024 Liptovsky Mikulus U23 World Championships WCSLX Doriane DELASSUS
2024,Liptovsky Mikulus,U23 World Championships,Time Trial,Time Trial,WCSLX,5,10,Emily APEL,APEL,Emily,GER,74.52,1.19,101.62%,,2024 Liptovsky Mikulus U23 World Championships,2024 Liptovsky Mikulus U23 World Championships WCSLX Emily APEL
2024,Liptovsky Mikulus,U23 World Championships,Time Trial,Time Trial,WCSLX,6,2,Tereza KNEBLOVA,KNEBLOVA,Tereza,CZE,75.2,1.87,102.55%,,2024 Liptovsky Mikulus U23 World Championships,2024 Liptovsky Mikulus U23 World Championships WCSLX Tereza KNEBLOVA
2024,Liptovsky Mikulus,U23 World Championships,Time Trial,Time Trial,WCSLX,7,1,Emma VUITTON,VUITTON,Emma,FRA,75.32,1.99,102.71%,,2024 Liptovsky Mikulus U23 World Championships,2024 Liptovsky Mikulus U23 World Championships WCSLX Emma VUITTON
2024,Liptovsky Mikulus,U23 World Championships,Time Trial,Time Trial,WCSLX,8,12,Annkatrin PLOCHMANN,PLOCHMANN,Annkatrin,GER,76.15,2.82,103.85%,,2024 Liptovsky Mikulus U23 World Championships,2024 Liptovsky Mikulus U23 World Championships WCSLX Annkatrin PLOCHMANN
2024,Liptovsky Mikulus,U23 World Championships,Time Trial,Time Trial,WCSLX,9,8,Leire GONI,GONI,Leire,ESP,76.23,2.9,103.95%,,2024 Liptovsky Mikulus U23 World Championships,2024 Liptovsky Mikulus U23 World Championships WCSLX Leire GONI
2024,Liptovsky Mikulus,U23 World Championships,Time Trial,Time Trial,WCSLX,10,35,Eva PIETRACHA,PIETRACHA,Eva,FRA,76.68,3.35,104.57%,,2024 Liptovsky Mikulus U23 World Championships,2024 Liptovsky Mikulus U23 World Championships WCSLX Eva PIETRACHA
2024,Liptovsky Mikulus,U23 World Championships,Time Trial,Time Trial,WCSLX,11,19,Dominika BRZESKA,BRZESKA,Dominika,POL,76.84,3.51,104.79%,,2024 Liptovsky Mikulus U23 World Championships,2024 Liptovsky Mikulus U23 World Championships WCSLX Dominika BRZESKA
2024,Liptovsky Mikulus,U23 World Championships,Time Trial,Time Trial,WCSLX,12,30,Antonia PLOCHMANN,PLOCHMANN,Antonia,GER,77.35,4.02,105.48%,,2024 Liptovsky Mikulus U23 World Championships,2024 Liptovsky Mikulus U23 World Championships WCSLX Antonia PLOCHMANN
2024,Liptovsky Mikulus,U23 World Championships,Time Trial,Time Trial,WCSLX,13,16,Ria SRIBAR,SRIBAR,Ria,USA,77.37,4.04,105.51%,,2024 Liptovsky Mikulus U23 World Championships,2024 Liptovsky Mikulus U23 World Championships WCSLX Ria SRIBAR
2024,Liptovsky Mikulus,U23 World Championships,Time Trial,Time Trial,WCSLX,14,37,Katherine SHATTOCK,SHATTOCK,Katherine,GBR,77.65,4.32,105.89%,,2024 Liptovsky Mikulus U23 World Championships,2024 Liptovsky Mikulus U23 World Championships WCSLX Katherine SHATTOCK
2024,Liptovsky Mikulus,U23 World Championships,Time Trial,Time Trial,WCSLX,15,22,Ivana CHLEBOVA,CHLEBOVA,Ivana,SVK,77.95,4.62,106.30%,,2024 Liptovsky Mikulus U23 World Championships,2024 Liptovsky Mikulus U23 World Championships WCSLX Ivana CHLEBOVA
2024,Liptovsky Mikulus,U23 World Championships,Time Trial,Time Trial,WCSLX,16,23,Svenja MATTI,MATTI,Svenja,SUI,78.39,5.06,106.90%,,2024 Liptovsky Mikulus U23 World Championships,2024 Liptovsky Mikulus U23 World Championships WCSLX Svenja MATTI
2024,Liptovsky Mikulus,U23 World Championships,Time Trial,Time Trial,WCSLX,17,39,Lin LI,LI,Lin,CHN,78.46,5.13,107.00%,,2024 Liptovsky Mikulus U23 World Championships,2024 Liptovsky Mikulus U23 World Championships WCSLX Lin LI
2024,Liptovsky Mikulus,U23 World Championships,Time Trial,Time Trial,WCSLX,18,32,Jessica DUC,DUC,Jessica,SUI,78.53,5.2,107.09%,,2024 Liptovsky Mikulus U23 World Championships,2024 Liptovsky Mikulus U23 World Championships WCSLX Jessica DUC
2024,Liptovsky Mikulus,U23 World Championships,Time Trial,Time Trial,WCSLX,19,33,Nora LOPEZ,LOPEZ,Nora,ESP,78.73,5.4,107.36%,,2024 Liptovsky Mikulus U23 World Championships,2024 Liptovsky Mikulus U23 World Championships WCSLX Nora LOPEZ
2024,Liptovsky Mikulus,U23 World Championships,Time Trial,Time Trial,WCSLX,20,6,Hannah THOMAS,THOMAS,Hannah,NZL,78.93,5.6,107.64%,,2024 Liptovsky Mikulus U23 World Championships,2024 Liptovsky Mikulus U23 World Championships WCSLX Hannah THOMAS
2024,Liptovsky Mikulus,U23 World Championships,Time Trial,Time Trial,WCSLX,21,17,Marcella ALTMAN,ALTMAN,Marcella,USA,78.93,5.6,107.64%,,2024 Liptovsky Mikulus U23 World Championships,2024 Liptovsky Mikulus U23 World Championships WCSLX Marcella ALTMAN
2024,Liptovsky Mikulus,U23 World Championships,Time Trial,Time Trial,WCSLX,22,4,Lea BALDONI,BALDONI,Lea,CAN,79.09,5.76,107.85%,,2024 Liptovsky Mikulus U23 World Championships,2024 Liptovsky Mikulus U23 World Championships WCSLX Lea BALDONI
2024,Liptovsky Mikulus,U23 World Championships,Time Trial,Time Trial,WCSLX,23,31,Petronela IZOVA,IZOVA,Petronela,SVK,79.69,6.36,108.67%,,2024 Liptovsky Mikulus U23 World Championships,2024 Liptovsky Mikulus U23 World Championships WCSLX Petronela IZOVA
2024,Liptovsky Mikulus,U23 World Championships,Time Trial,Time Trial,WCSLX,24,21,Florencia AGUIRRE GONZALEZ,AGUIRRE GONZALEZ,Florencia,CHI,80.4,7.07,109.64%,,2024 Liptovsky Mikulus U23 World Championships,2024 Liptovsky Mikulus U23 World Championships WCSLX Florencia AGUIRRE GONZALEZ
2024,Liptovsky Mikulus,U23 World Championships,Time Trial,Time Trial,WCSLX,25,13,Jaimee WILSON,WILSON,Jaimee,NZL,80.43,7.1,109.68%,,2024 Liptovsky Mikulus U23 World Championships,2024 Liptovsky Mikulus U23 World Championships WCSLX Jaimee WILSON
2024,Liptovsky Mikulus,U23 World Championships,Time Trial,Time Trial,WCSLX,26,49,Laura PLATA,PLATA,Laura,COL,80.62,7.29,109.94%,,2024 Liptovsky Mikulus U23 World Championships,2024 Liptovsky Mikulus U23 World Championships WCSLX Laura PLATA
2024,Liptovsky Mikulus,U23 World Championships,Time Trial,Time Trial,WCSLX,27,46,Perrine JOUBERT,JOUBERT,Perrine,FRA,80.66,7.33,110.00%,,2024 Liptovsky Mikulus U23 World Championships,2024 Liptovsky Mikulus U23 World Championships WCSLX Perrine JOUBERT
2024,Liptovsky Mikulus,U23 World Championships,Time Trial,Time Trial,WCSLX,28,26,Beatrice OLSON,OLSON,Beatrice,CAN,80.71,7.38,110.06%,,2024 Liptovsky Mikulus U23 World Championships,2024 Liptovsky Mikulus U23 World Championships WCSLX Beatrice OLSON
2024,Liptovsky Mikulus,U23 World Championships,Time Trial,Time Trial,WCSLX,29,34,Oleksandra HORLOVA,HORLOVA,Oleksandra,UKR,81.31,7.98,110.88%,,2024 Liptovsky Mikulus U23 World Championships,2024 Liptovsky Mikulus U23 World Championships WCSLX Oleksandra HORLOVA
2024,Liptovsky Mikulus,U23 World Championships,Time Trial,Time Trial,WCSLX,30,15,Iris SOMMERNES,SOMMERNES,Iris,NOR,81.75,8.42,111.48%,,2024 Liptovsky Mikulus U23 World Championships,2024 Liptovsky Mikulus U23 World Championships WCSLX Iris SOMMERNES
2024,Liptovsky Mikulus,U23 World Championships,Time Trial,Time Trial,WCSLX,31,43,Shiting LI,LI,Shiting,CHN,82.34,9.01,112.29%,,2024 Liptovsky Mikulus U23 World Championships,2024 Liptovsky Mikulus U23 World Championships WCSLX Shiting LI
2024,Liptovsky Mikulus,U23 World Championships,Time Trial,Time Trial,WCSLX,32,9,Georgia O'CALLAGHAN,O'CALLAGHAN,Georgia,AUS,82.54,9.21,112.56%,,2024 Liptovsky Mikulus U23 World Championships,2024 Liptovsky Mikulus U23 World Championships WCSLX Georgia O'CALLAGHAN
2024,Liptovsky Mikulus,U23 World Championships,Time Trial,Time Trial,WCSLX,33,45,Barbora VAJSOVA,VAJSOVA,Barbora,SVK,82.89,9.56,113.04%,,2024 Liptovsky Mikulus U23 World Championships,2024 Liptovsky Mikulus U23 World Championships WCSLX Barbora VAJSOVA
2024,Liptovsky Mikulus,U23 World Championships,Time Trial,Time Trial,WCSLX,34,41,Macy KANG,KANG,Macy,GBR,82.98,9.65,113.16%,,2024 Liptovsky Mikulus U23 World Championships,2024 Liptovsky Mikulus U23 World Championships WCSLX Macy KANG
2024,Liptovsky Mikulus,U23 World Championships,Time Trial,Time Trial,WCSLX,35,14,Pipi UHL,UHL,Pipi,NZL,83.53,10.2,113.91%,,2024 Liptovsky Mikulus U23 World Championships,2024 Liptovsky Mikulus U23 World Championships WCSLX Pipi UHL
2024,Liptovsky Mikulus,U23 World Championships,Time Trial,Time Trial,WCSLX,36,42,Xuemei YAN,YAN,Xuemei,CHN,83.98,10.65,114.52%,,2024 Liptovsky Mikulus U23 World Championships,2024 Liptovsky Mikulus U23 World Championships WCSLX Xuemei YAN
2024,Liptovsky Mikulus,U23 World Championships,Time Trial,Time Trial,WCSLX,37,40,Valentyna HORLOVA,HORLOVA,Valentyna,UKR,84.83,11.5,115.68%,,2024 Liptovsky Mikulus U23 World Championships,2024 Liptovsky Mikulus U23 World Championships WCSLX Valentyna HORLOVA
2024,Liptovsky Mikulus,U23 World Championships,Time Trial,Time Trial,WCSLX,38,20,Anastassiya ANANYEVA,ANANYEVA,Anastassiya,KAZ,85.65,12.32,116.80%,,2024 Liptovsky Mikulus U23 World Championships,2024 Liptovsky Mikulus U23 World Championships WCSLX Anastassiya ANANYEVA
2024,Liptovsky Mikulus,U23 World Championships,Time Trial,Time Trial,WCSLX,39,47,Shina MA,MA,Shina,CHN,86.01,12.68,117.29%,,2024 Liptovsky Mikulus U23 World Championships,2024 Liptovsky Mikulus U23 World Championships WCSLX Shina MA
2024,Liptovsky Mikulus,U23 World Championships,Time Trial,Time Trial,WCSLX,40,48,Daniela SOFIA,SOFIA,Daniela,BRA,88.93,15.6,121.27%,,2024 Liptovsky Mikulus U23 World Championships,2024 Liptovsky Mikulus U23 World Championships WCSLX Daniela SOFIA
2024,Liptovsky Mikulus,U23 World Championships,Time Trial,Time Trial,WCSLX,41,25,Veronika SALASEVICIUTE-TURBINOVA,SALASEVICIUTE-TURBINOVA,Veronika,LTU,90.46,17.13,123.36%,,2024 Liptovsky Mikulus U23 World Championships,2024 Liptovsky Mikulus U23 World Championships WCSLX Veronika SALASEVICIUTE-TURBINOVA
2024,Liptovsky Mikulus,U23 World Championships,Time Trial,Time Trial,WCSLX,42,36,Olga SAMKOVA,SAMKOVA,Olga,CZE,74.79,1.46,101.99%,FLT (7),2024 Liptovsky Mikulus U23 World Championships,2024 Liptovsky Mikulus U23 World Championships WCSLX Olga SAMKOVA
2024,Liptovsky Mikulus,U23 World Championships,Time Trial,Time Trial,WCSLX,43,27,Klara KNEBLOVA,KNEBLOVA,Klara,CZE,76.1,2.77,103.78%,FLT (7),2024 Liptovsky Mikulus U23 World Championships,2024 Liptovsky Mikulus U23 World Championships WCSLX Klara KNEBLOVA
2024,Liptovsky Mikulus,U23 World Championships,Time Trial,Time Trial,WCSLX,44,29,Clara GONZALEZ,GONZALEZ,Clara,ESP,77.27,3.94,105.37%,FLT (7),2024 Liptovsky Mikulus U23 World Championships,2024 Liptovsky Mikulus U23 World Championships WCSLX Clara GONZALEZ
2024,Liptovsky Mikulus,U23 World Championships,Time Trial,Time Trial,WCSLX,45,18,Maite ODRIOZOLA,ODRIOZOLA,Maite,ESP,80.3,6.97,109.50%,FLT (7),2024 Liptovsky Mikulus U23 World Championships,2024 Liptovsky Mikulus U23 World Championships WCSLX Maite ODRIOZOLA
2024,Liptovsky Mikulus,U23 World Championships,Time Trial,Time Trial,WCSLX,46,50,Ting-I WU,WU,Ting-I,TPE,81.02,7.69,110.49%,FLT (7),2024 Liptovsky Mikulus U23 World Championships,2024 Liptovsky Mikulus U23 World Championships WCSLX Ting-I WU
2024,Liptovsky Mikulus,U23 World Championships,Time Trial,Time Trial,WCSLX,47,38,Jaruwan NIAMTHONG,NIAMTHONG,Jaruwan,THA,84.09,10.76,114.67%,FLT (7),2024 Liptovsky Mikulus U23 World Championships,2024 Liptovsky Mikulus U23 World Championships WCSLX Jaruwan NIAMTHONG
2024,Liptovsky Mikulus,U23 World Championships,Time Trial,Time Trial,WCSLX,48,28,Momoka NAGASU,NAGASU,Momoka,JPN,77.49,4.16,105.67%,FLT (1),2024 Liptovsky Mikulus U23 World Championships,2024 Liptovsky Mikulus U23 World Championships WCSLX Momoka NAGASU
2024,Liptovsky Mikulus,Junior World Championships,Time Trial,Time Trial,WCSLX,1,38,Klara VOJTIKOVA,VOJTIKOVA,Klara,CZE,76.66,0,100.00%,,2024 Liptovsky Mikulus Junior World Championships,2024 Liptovsky Mikulus Junior World Championships WCSLX Klara VOJTIKOVA
2024,Liptovsky Mikulus,Junior World Championships,Time Trial,Time Trial,WCSLX,2,3,Haizea SEGURA,SEGURA,Haizea,ESP,76.78,0.12,100.16%,,2024 Liptovsky Mikulus Junior World Championships,2024 Liptovsky Mikulus Junior World Championships WCSLX Haizea SEGURA
2024,Liptovsky Mikulus,Junior World Championships,Time Trial,Time Trial,WCSLX,3,21,Christin HEYDENREICH,HEYDENREICH,Christin,GER,76.9,0.24,100.31%,,2024 Liptovsky Mikulus Junior World Championships,2024 Liptovsky Mikulus Junior World Championships WCSLX Christin HEYDENREICH
2024,Liptovsky Mikulus,Junior World Championships,Time Trial,Time Trial,WCSLX,4,1,Naja PINTERIC,PINTERIC,Naja,SLO,77.26,0.6,100.78%,,2024 Liptovsky Mikulus Junior World Championships,2024 Liptovsky Mikulus Junior World Championships WCSLX Naja PINTERIC
2024,Liptovsky Mikulus,Junior World Championships,Time Trial,Time Trial,WCSLX,5,20,Valentyna KOCIROVA,KOCIROVA,Valentyna,CZE,77.96,1.3,101.70%,,2024 Liptovsky Mikulus Junior World Championships,2024 Liptovsky Mikulus Junior World Championships WCSLX Valentyna KOCIROVA
2024,Liptovsky Mikulus,Junior World Championships,Time Trial,Time Trial,WCSLX,6,39,Mina BLUME,BLUME,Mina,GER,78.49,1.83,102.39%,,2024 Liptovsky Mikulus Junior World Championships,2024 Liptovsky Mikulus Junior World Championships WCSLX Mina BLUME
2024,Liptovsky Mikulus,Junior World Championships,Time Trial,Time Trial,WCSLX,7,16,Eyleen VUILLEUMIER,VUILLEUMIER,Eyleen,SUI,78.72,2.06,102.69%,,2024 Liptovsky Mikulus Junior World Championships,2024 Liptovsky Mikulus Junior World Championships WCSLX Eyleen VUILLEUMIER
2024,Liptovsky Mikulus,Junior World Championships,Time Trial,Time Trial,WCSLX,8,2,Codie DAVIDSON,DAVIDSON,Codie,AUS,79.1,2.44,103.18%,,2024 Liptovsky Mikulus Junior World Championships,2024 Liptovsky Mikulus Junior World Championships WCSLX Codie DAVIDSON
2024,Liptovsky Mikulus,Junior World Championships,Time Trial,Time Trial,WCSLX,9,9,Ainara GOIKOETXEA,GOIKOETXEA,Ainara,ESP,79.22,2.56,103.34%,,2024 Liptovsky Mikulus Junior World Championships,2024 Liptovsky Mikulus Junior World Championships WCSLX Ainara GOIKOETXEA
2024,Liptovsky Mikulus,Junior World Championships,Time Trial,Time Trial,WCSLX,10,18,Bara GALUSKOVA,GALUSKOVA,Bara,CZE,79.95,3.29,104.29%,,2024 Liptovsky Mikulus Junior World Championships,2024 Liptovsky Mikulus Junior World Championships WCSLX Bara GALUSKOVA
2024,Liptovsky Mikulus,Junior World Championships,Time Trial,Time Trial,WCSLX,11,50,Nova MUELLER,MUELLER,Nova,GER,80.44,3.78,104.93%,,2024 Liptovsky Mikulus Junior World Championships,2024 Liptovsky Mikulus Junior World Championships WCSLX Nova MUELLER
2024,Liptovsky Mikulus,Junior World Championships,Time Trial,Time Trial,WCSLX,12,31,Lea SENICA,SENICA,Lea,SLO,80.48,3.82,104.98%,,2024 Liptovsky Mikulus Junior World Championships,2024 Liptovsky Mikulus Junior World Championships WCSLX Lea SENICA
2024,Liptovsky Mikulus,Junior World Championships,Time Trial,Time Trial,WCSLX,13,24,Margot LAPEZE,LAPEZE,Margot,FRA,80.65,3.99,105.20%,,2024 Liptovsky Mikulus Junior World Championships,2024 Liptovsky Mikulus Junior World Championships WCSLX Margot LAPEZE
2024,Liptovsky Mikulus,Junior World Championships,Time Trial,Time Trial,WCSLX,14,33,Sadie STERRY,STERRY,Sadie,GBR,80.87,4.21,105.49%,,2024 Liptovsky Mikulus Junior World Championships,2024 Liptovsky Mikulus Junior World Championships WCSLX Sadie STERRY
2024,Liptovsky Mikulus,Junior World Championships,Time Trial,Time Trial,WCSLX,15,48,Sofia ALFER,ALFER,Sofia,GBR,80.96,4.3,105.61%,,2024 Liptovsky Mikulus Junior World Championships,2024 Liptovsky Mikulus Junior World Championships WCSLX Sofia ALFER
2024,Liptovsky Mikulus,Junior World Championships,Time Trial,Time Trial,WCSLX,16,11,Arina KONTCHAKOV,KONTCHAKOV,Arina,GBR,81.39,4.73,106.17%,,2024 Liptovsky Mikulus Junior World Championships,2024 Liptovsky Mikulus Junior World Championships WCSLX Arina KONTCHAKOV
2024,Liptovsky Mikulus,Junior World Championships,Time Trial,Time Trial,WCSLX,17,27,Karolina ABRAHAMOVA,ABRAHAMOVA,Karolina,SVK,81.4,4.74,106.18%,,2024 Liptovsky Mikulus Junior World Championships,2024 Liptovsky Mikulus Junior World Championships WCSLX Karolina ABRAHAMOVA
2024,Liptovsky Mikulus,Junior World Championships,Time Trial,Time Trial,WCSLX,18,32,Darcey MCMULLINS,MCMULLINS,Darcey,GBR,81.58,4.92,106.42%,,2024 Liptovsky Mikulus Junior World Championships,2024 Liptovsky Mikulus Junior World Championships WCSLX Darcey MCMULLINS
2024,Liptovsky Mikulus,Junior World Championships,Time Trial,Time Trial,WCSLX,19,10,Isabella ALTMAN,ALTMAN,Isabella,USA,81.59,4.93,106.43%,,2024 Liptovsky Mikulus Junior World Championships,2024 Liptovsky Mikulus Junior World Championships WCSLX Isabella ALTMAN
2024,Liptovsky Mikulus,Junior World Championships,Time Trial,Time Trial,WCSLX,20,5,Claire CLEMENTS,CLEMENTS,Claire,AUS,81.62,4.96,106.47%,,2024 Liptovsky Mikulus Junior World Championships,2024 Liptovsky Mikulus Junior World Championships WCSLX Claire CLEMENTS
2024,Liptovsky Mikulus,Junior World Championships,Time Trial,Time Trial,WCSLX,21,26,Caterina PIGNAT,PIGNAT,Caterina,ITA,81.82,5.16,106.73%,,2024 Liptovsky Mikulus Junior World Championships,2024 Liptovsky Mikulus Junior World Championships WCSLX Caterina PIGNAT
2024,Liptovsky Mikulus,Junior World Championships,Time Trial,Time Trial,WCSLX,22,4,Yekaterina TARANTSEVA,TARANTSEVA,Yekaterina,KAZ,81.84,5.18,106.76%,,2024 Liptovsky Mikulus Junior World Championships,2024 Liptovsky Mikulus Junior World Championships WCSLX Yekaterina TARANTSEVA
2024,Liptovsky Mikulus,Junior World Championships,Time Trial,Time Trial,WCSLX,23,13,Anna SIMONA,SIMONA,Anna,ESP,82.68,6.02,107.85%,,2024 Liptovsky Mikulus Junior World Championships,2024 Liptovsky Mikulus Junior World Championships WCSLX Anna SIMONA
2024,Liptovsky Mikulus,Junior World Championships,Time Trial,Time Trial,WCSLX,24,43,Yuanyuan HE,HE,Yuanyuan,CHN,83.21,6.55,108.54%,,2024 Liptovsky Mikulus Junior World Championships,2024 Liptovsky Mikulus Junior World Championships WCSLX Yuanyuan HE
2024,Liptovsky Mikulus,Junior World Championships,Time Trial,Time Trial,WCSLX,25,6,Rosie REX,REX,Rosie,NZL,83.22,6.56,108.56%,,2024 Liptovsky Mikulus Junior World Championships,2024 Liptovsky Mikulus Junior World Championships WCSLX Rosie REX
2024,Liptovsky Mikulus,Junior World Championships,Time Trial,Time Trial,WCSLX,26,22,Carden OETTING,OETTING,Carden,USA,83.31,6.65,108.67%,,2024 Liptovsky Mikulus Junior World Championships,2024 Liptovsky Mikulus Junior World Championships WCSLX Carden OETTING
2024,Liptovsky Mikulus,Junior World Championships,Time Trial,Time Trial,WCSLX,27,35,Florance MOINIAN,MOINIAN,Florance,SUI,83.72,7.06,109.21%,,2024 Liptovsky Mikulus Junior World Championships,2024 Liptovsky Mikulus Junior World Championships WCSLX Florance MOINIAN
2024,Liptovsky Mikulus,Junior World Championships,Time Trial,Time Trial,WCSLX,28,49,Aleksandra DUSIK,DUSIK,Aleksandra,POL,84.08,7.42,109.68%,,2024 Liptovsky Mikulus Junior World Championships,2024 Liptovsky Mikulus Junior World Championships WCSLX Aleksandra DUSIK
2024,Liptovsky Mikulus,Junior World Championships,Time Trial,Time Trial,WCSLX,29,8,Sarah CROSBEE,CROSBEE,Sarah,AUS,84.2,7.54,109.84%,,2024 Liptovsky Mikulus Junior World Championships,2024 Liptovsky Mikulus Junior World Championships WCSLX Sarah CROSBEE
2024,Liptovsky Mikulus,Junior World Championships,Time Trial,Time Trial,WCSLX,30,37,Anais MOINIAN,MOINIAN,Anais,SUI,84.31,7.65,109.98%,,2024 Liptovsky Mikulus Junior World Championships,2024 Liptovsky Mikulus Junior World Championships WCSLX Anais MOINIAN
2024,Liptovsky Mikulus,Junior World Championships,Time Trial,Time Trial,WCSLX,31,23,Veerle VAN VLIET,VAN VLIET,Veerle,NED,84.78,8.12,110.59%,,2024 Liptovsky Mikulus Junior World Championships,2024 Liptovsky Mikulus Junior World Championships WCSLX Veerle VAN VLIET
2024,Liptovsky Mikulus,Junior World Championships,Time Trial,Time Trial,WCSLX,32,36,Yuhan ZOU,ZOU,Yuhan,CHN,85.95,9.29,112.12%,,2024 Liptovsky Mikulus Junior World Championships,2024 Liptovsky Mikulus Junior World Championships WCSLX Yuhan ZOU
2024,Liptovsky Mikulus,Junior World Championships,Time Trial,Time Trial,WCSLX,33,44,Meiduo PU,PU,Meiduo,CHN,85.97,9.31,112.14%,,2024 Liptovsky Mikulus Junior World Championships,2024 Liptovsky Mikulus Junior World Championships WCSLX Meiduo PU
2024,Liptovsky Mikulus,Junior World Championships,Time Trial,Time Trial,WCSLX,34,15,Ada MACKIE,MACKIE,Ada,AUS,86.42,9.76,112.73%,,2024 Liptovsky Mikulus Junior World Championships,2024 Liptovsky Mikulus Junior World Championships WCSLX Ada MACKIE
2024,Liptovsky Mikulus,Junior World Championships,Time Trial,Time Trial,WCSLX,35,12,Tess PATEMAN,PATEMAN,Tess,NZL,86.85,10.19,113.29%,,2024 Liptovsky Mikulus Junior World Championships,2024 Liptovsky Mikulus Junior World Championships WCSLX Tess PATEMAN
2024,Liptovsky Mikulus,Junior World Championships,Time Trial,Time Trial,WCSLX,36,14,Mayah DOONEY,DOONEY,Mayah,NZL,89.14,12.48,116.28%,,2024 Liptovsky Mikulus Junior World Championships,2024 Liptovsky Mikulus Junior World Championships WCSLX Mayah DOONEY
2024,Liptovsky Mikulus,Junior World Championships,Time Trial,Time Trial,WCSLX,37,47,Anhelina KHARLAMOVA,KHARLAMOVA,Anhelina,UKR,89.57,12.91,116.84%,,2024 Liptovsky Mikulus Junior World Championships,2024 Liptovsky Mikulus Junior World Championships WCSLX Anhelina KHARLAMOVA
2024,Liptovsky Mikulus,Junior World Championships,Time Trial,Time Trial,WCSLX,38,42,Chengcheng SONG,SONG,Chengcheng,CHN,89.77,13.11,117.10%,,2024 Liptovsky Mikulus Junior World Championships,2024 Liptovsky Mikulus Junior World Championships WCSLX Chengcheng SONG
2024,Liptovsky Mikulus,Junior World Championships,Time Trial,Time Trial,WCSLX,39,29,Vladyslava SURMA,SURMA,Vladyslava,UKR,91.54,14.88,119.41%,,2024 Liptovsky Mikulus Junior World Championships,2024 Liptovsky Mikulus Junior World Championships WCSLX Vladyslava SURMA
2024,Liptovsky Mikulus,Junior World Championships,Time Trial,Time Trial,WCSLX,40,45,Ruby KOSEK,KOSEK,Ruby,USA,91.63,14.97,119.53%,,2024 Liptovsky Mikulus Junior World Championships,2024 Liptovsky Mikulus Junior World Championships WCSLX Ruby KOSEK
2024,Liptovsky Mikulus,Junior World Championships,Time Trial,Time Trial,WCSLX,41,40,Eliza TARE,TARE,Eliza,LAT,98.82,22.16,128.91%,,2024 Liptovsky Mikulus Junior World Championships,2024 Liptovsky Mikulus Junior World Championships WCSLX Eliza TARE
2024,Liptovsky Mikulus,Junior World Championships,Time Trial,Time Trial,WCSLX,42,28,Jana PLANES,PLANES,Jana,ESP,77.24,0.58,100.76%,FLT (7),2024 Liptovsky Mikulus Junior World Championships,2024 Liptovsky Mikulus Junior World Championships WCSLX Jana PLANES
2024,Liptovsky Mikulus,Junior World Championships,Time Trial,Time Trial,WCSLX,43,7,Lena QUEMERAIS,QUEMERAIS,Lena,FRA,78.96,2.3,103.00%,FLT (7),2024 Liptovsky Mikulus Junior World Championships,2024 Liptovsky Mikulus Junior World Championships WCSLX Lena QUEMERAIS
2024,Liptovsky Mikulus,Junior World Championships,Time Trial,Time Trial,WCSLX,44,34,Camille BRUGVIN,BRUGVIN,Camille,FRA,83.39,6.73,108.78%,FLT (7),2024 Liptovsky Mikulus Junior World Championships,2024 Liptovsky Mikulus Junior World Championships WCSLX Camille BRUGVIN
2024,Liptovsky Mikulus,Junior World Championships,Time Trial,Time Trial,WCSLX,45,17,Lucy CRINO,CRINO,Lucy,USA,83.63,6.97,109.09%,FLT (7),2024 Liptovsky Mikulus Junior World Championships,2024 Liptovsky Mikulus Junior World Championships WCSLX Lucy CRINO
2024,Liptovsky Mikulus,Junior World Championships,Time Trial,Time Trial,WCSLX,46,51,Hannah TROWER,TROWER,Hannah,RSA,113.13,36.47,147.57%,FLT (6),2024 Liptovsky Mikulus Junior World Championships,2024 Liptovsky Mikulus Junior World Championships WCSLX Hannah TROWER
2024,Liptovsky Mikulus,Junior World Championships,Time Trial,Time Trial,WCSLX,47,19,Klara MRAZKOVA,MRAZKOVA,Klara,CZE,77.97,1.31,101.71%,FLT (5),2024 Liptovsky Mikulus Junior World Championships,2024 Liptovsky Mikulus Junior World Championships WCSLX Klara MRAZKOVA
2024,Liptovsky Mikulus,Junior World Championships,Time Trial,Time Trial,WCSLX,48,46,Neele KRECH,KRECH,Neele,GER,80.44,3.78,104.93%,,2024 Liptovsky Mikulus Junior World Championships,2024 Liptovsky Mikulus Junior World Championships WCSLX Neele KRECH
2024,Liptovsky Mikulus,U23 World Championships,Brackets,Final,WCSLX,1,,Emma VUITTON,VUITTON,Emma,FRA,,,,,2024 Liptovsky Mikulus U23 World Championships,2024 Liptovsky Mikulus U23 World Championships WCSLX Emma VUITTON
2024,Liptovsky Mikulus,U23 World Championships,Brackets,Final,WCSLX,2,,Leire GONI,GONI,Leire,ESP,,,,,2024 Liptovsky Mikulus U23 World Championships,2024 Liptovsky Mikulus U23 World Championships WCSLX Leire GONI
2024,Liptovsky Mikulus,U23 World Championships,Brackets,Final,WCSLX,3,,Katerina BEKOVA,BEKOVA,Katerina,CZE,,,,,2024 Liptovsky Mikulus U23 World Championships,2024 Liptovsky Mikulus U23 World Championships WCSLX Katerina BEKOVA
2024,Liptovsky Mikulus,U23 World Championships,Brackets,Final,WCSLX,4,,Emily APEL,APEL,Emily,GER,,,,,2024 Liptovsky Mikulus U23 World Championships,2024 Liptovsky Mikulus U23 World Championships WCSLX Emily APEL
2024,Liptovsky Mikulus,U23 World Championships,Brackets,Semi-Final,WCSLX,5,,Tereza KNEBLOVA,KNEBLOVA,Tereza,CZE,,,,,2024 Liptovsky Mikulus U23 World Championships,2024 Liptovsky Mikulus U23 World Championships WCSLX Tereza KNEBLOVA
2024,Liptovsky Mikulus,U23 World Championships,Brackets,Semi-Final,WCSLX,6,,Hannah THOMAS,THOMAS,Hannah,NZL,,,,,2024 Liptovsky Mikulus U23 World Championships,2024 Liptovsky Mikulus U23 World Championships WCSLX Hannah THOMAS
2024,Liptovsky Mikulus,U23 World Championships,Brackets,Semi-Final,WCSLX,7,,Annkatrin PLOCHMANN,PLOCHMANN,Annkatrin,GER,,,,,2024 Liptovsky Mikulus U23 World Championships,2024 Liptovsky Mikulus U23 World Championships WCSLX Annkatrin PLOCHMANN
2024,Liptovsky Mikulus,U23 World Championships,Brackets,Semi-Final,WCSLX,8,,Katherine SHATTOCK,SHATTOCK,Katherine,GBR,,,,,2024 Liptovsky Mikulus U23 World Championships,2024 Liptovsky Mikulus U23 World Championships WCSLX Katherine SHATTOCK
2024,Liptovsky Mikulus,U23 World Championships,Brackets,Quarter-Final,WCSLX,9,,Dominika BRZESKA,BRZESKA,Dominika,POL,,,,,2024 Liptovsky Mikulus U23 World Championships,2024 Liptovsky Mikulus U23 World Championships WCSLX Dominika BRZESKA
2024,Liptovsky Mikulus,U23 World Championships,Brackets,Quarter-Final,WCSLX,10,,Lea BALDONI,BALDONI,Lea,CAN,,,,,2024 Liptovsky Mikulus U23 World Championships,2024 Liptovsky Mikulus U23 World Championships WCSLX Lea BALDONI
2024,Liptovsky Mikulus,U23 World Championships,Brackets,Quarter-Final,WCSLX,12,,Momoka NAGASU,NAGASU,Momoka,JPN,,,,,2024 Liptovsky Mikulus U23 World Championships,2024 Liptovsky Mikulus U23 World Championships WCSLX Momoka NAGASU
2024,Liptovsky Mikulus,U23 World Championships,Brackets,Quarter-Final,WCSLX,13,,Lois LEAVER,LEAVER,Lois,GBR,,,,,2024 Liptovsky Mikulus U23 World Championships,2024 Liptovsky Mikulus U23 World Championships WCSLX Lois LEAVER
2024,Liptovsky Mikulus,U23 World Championships,Brackets,Quarter-Final,WCSLX,14,,Ria SRIBAR,SRIBAR,Ria,USA,,,,,2024 Liptovsky Mikulus U23 World Championships,2024 Liptovsky Mikulus U23 World Championships WCSLX Ria SRIBAR
2024,Liptovsky Mikulus,U23 World Championships,Brackets,Quarter-Final,WCSLX,15,,Nora LOPEZ,LOPEZ,Nora,ESP,,,,,2024 Liptovsky Mikulus U23 World Championships,2024 Liptovsky Mikulus U23 World Championships WCSLX Nora LOPEZ
2024,Liptovsky Mikulus,U23 World Championships,Brackets,Quarter-Final,WCSLX,16,,Jaruwan NIAMTHONG,NIAMTHONG,Jaruwan,THA,,,,,2024 Liptovsky Mikulus U23 World Championships,2024 Liptovsky Mikulus U23 World Championships WCSLX Jaruwan NIAMTHONG
2024,Liptovsky Mikulus,U23 World Championships,Brackets,Heats,WCSLX,17,,Ellis MILLER,MILLER,Ellis,GBR,,,,,2024 Liptovsky Mikulus U23 World Championships,2024 Liptovsky Mikulus U23 World Championships WCSLX Ellis MILLER
2024,Liptovsky Mikulus,U23 World Championships,Brackets,Heats,WCSLX,18,,Eva PIETRACHA,PIETRACHA,Eva,FRA,,,,,2024 Liptovsky Mikulus U23 World Championships,2024 Liptovsky Mikulus U23 World Championships WCSLX Eva PIETRACHA
2024,Liptovsky Mikulus,U23 World Championships,Brackets,Heats,WCSLX,19,,Ivana CHLEBOVA,CHLEBOVA,Ivana,SVK,,,,,2024 Liptovsky Mikulus U23 World Championships,2024 Liptovsky Mikulus U23 World Championships WCSLX Ivana CHLEBOVA
2024,Liptovsky Mikulus,U23 World Championships,Brackets,Heats,WCSLX,20,,Svenja MATTI,MATTI,Svenja,SUI,,,,,2024 Liptovsky Mikulus U23 World Championships,2024 Liptovsky Mikulus U23 World Championships WCSLX Svenja MATTI
2024,Liptovsky Mikulus,U23 World Championships,Brackets,Heats,WCSLX,21,,Iris SOMMERNES,SOMMERNES,Iris,NOR,,,,,2024 Liptovsky Mikulus U23 World Championships,2024 Liptovsky Mikulus U23 World Championships WCSLX Iris SOMMERNES
2024,Liptovsky Mikulus,U23 World Championships,Brackets,Heats,WCSLX,22,,Anastassiya ANANYEVA,ANANYEVA,Anastassiya,KAZ,,,,,2024 Liptovsky Mikulus U23 World Championships,2024 Liptovsky Mikulus U23 World Championships WCSLX Anastassiya ANANYEVA
2024,Liptovsky Mikulus,U23 World Championships,Brackets,Heats,WCSLX,23,,Daniela SOFIA,SOFIA,Daniela,BRA,,,,,2024 Liptovsky Mikulus U23 World Championships,2024 Liptovsky Mikulus U23 World Championships WCSLX Daniela SOFIA
2024,Liptovsky Mikulus,U23 World Championships,Brackets,Heats,WCSLX,25,,Doriane DELASSUS,DELASSUS,Doriane,FRA,,,,,2024 Liptovsky Mikulus U23 World Championships,2024 Liptovsky Mikulus U23 World Championships WCSLX Doriane DELASSUS
2024,Liptovsky Mikulus,U23 World Championships,Brackets,Heats,WCSLX,26,,Antonia PLOCHMANN,PLOCHMANN,Antonia,GER,,,,,2024 Liptovsky Mikulus U23 World Championships,2024 Liptovsky Mikulus U23 World Championships WCSLX Antonia PLOCHMANN
2024,Liptovsky Mikulus,U23 World Championships,Brackets,Heats,WCSLX,27,,Lin LI,LI,Lin,CHN,,,,,2024 Liptovsky Mikulus U23 World Championships,2024 Liptovsky Mikulus U23 World Championships WCSLX Lin LI
2024,Liptovsky Mikulus,U23 World Championships,Brackets,Heats,WCSLX,29,,Florencia AGUIRRE GONZALEZ,AGUIRRE GONZALEZ,Florencia,CHI,,,,,2024 Liptovsky Mikulus U23 World Championships,2024 Liptovsky Mikulus U23 World Championships WCSLX Florencia AGUIRRE GONZALEZ
2024,Liptovsky Mikulus,U23 World Championships,Brackets,Heats,WCSLX,30,,Laura PLATA,PLATA,Laura,COL,,,,,2024 Liptovsky Mikulus U23 World Championships,2024 Liptovsky Mikulus U23 World Championships WCSLX Laura PLATA
2024,Liptovsky Mikulus,U23 World Championships,Brackets,Heats,WCSLX,31,,Oleksandra HORLOVA,HORLOVA,Oleksandra,UKR,,,,,2024 Liptovsky Mikulus U23 World Championships,2024 Liptovsky Mikulus U23 World Championships WCSLX Oleksandra HORLOVA
2024,Liptovsky Mikulus,Junior World Championships,Brackets,Final,WCSLX,1,,Naja PINTERIC,PINTERIC,Naja,SLO,,,,,2024 Liptovsky Mikulus Junior World Championships,2024 Liptovsky Mikulus Junior World Championships WCSLX Naja PINTERIC
2024,Liptovsky Mikulus,Junior World Championships,Brackets,Final,WCSLX,2,,Haizea SEGURA,SEGURA,Haizea,ESP,,,,,2024 Liptovsky Mikulus Junior World Championships,2024 Liptovsky Mikulus Junior World Championships WCSLX Haizea SEGURA
2024,Liptovsky Mikulus,Junior World Championships,Brackets,Final,WCSLX,3,,Codie DAVIDSON,DAVIDSON,Codie,AUS,,,,,2024 Liptovsky Mikulus Junior World Championships,2024 Liptovsky Mikulus Junior World Championships WCSLX Codie DAVIDSON
2024,Liptovsky Mikulus,Junior World Championships,Brackets,Final,WCSLX,4,,Mina BLUME,BLUME,Mina,GER,,,,,2024 Liptovsky Mikulus Junior World Championships,2024 Liptovsky Mikulus Junior World Championships WCSLX Mina BLUME
2024,Liptovsky Mikulus,Junior World Championships,Brackets,Semi-Final,WCSLX,5,,Eyleen VUILLEUMIER,VUILLEUMIER,Eyleen,SUI,,,,,2024 Liptovsky Mikulus Junior World Championships,2024 Liptovsky Mikulus Junior World Championships WCSLX Eyleen VUILLEUMIER
2024,Liptovsky Mikulus,Junior World Championships,Brackets,Semi-Final,WCSLX,6,,Arina KONTCHAKOV,KONTCHAKOV,Arina,GBR,,,,,2024 Liptovsky Mikulus Junior World Championships,2024 Liptovsky Mikulus Junior World Championships WCSLX Arina KONTCHAKOV
2024,Liptovsky Mikulus,Junior World Championships,Brackets,Semi-Final,WCSLX,7,,Christin HEYDENREICH,HEYDENREICH,Christin,GER,,,,,2024 Liptovsky Mikulus Junior World Championships,2024 Liptovsky Mikulus Junior World Championships WCSLX Christin HEYDENREICH
2024,Liptovsky Mikulus,Junior World Championships,Brackets,Semi-Final,WCSLX,8,,Valentyna KOCIROVA,KOCIROVA,Valentyna,CZE,,,,,2024 Liptovsky Mikulus Junior World Championships,2024 Liptovsky Mikulus Junior World Championships WCSLX Valentyna KOCIROVA
2024,Liptovsky Mikulus,Junior World Championships,Brackets,Quarter-Final,WCSLX,9,,Klara VOJTIKOVA,VOJTIKOVA,Klara,CZE,,,,,2024 Liptovsky Mikulus Junior World Championships,2024 Liptovsky Mikulus Junior World Championships WCSLX Klara VOJTIKOVA
2024,Liptovsky Mikulus,Junior World Championships,Brackets,Quarter-Final,WCSLX,10,,Nova MUELLER,MUELLER,Nova,GER,,,,,2024 Liptovsky Mikulus Junior World Championships,2024 Liptovsky Mikulus Junior World Championships WCSLX Nova MUELLER
2024,Liptovsky Mikulus,Junior World Championships,Brackets,Quarter-Final,WCSLX,11,,Darcey MCMULLINS,MCMULLINS,Darcey,GBR,,,,,2024 Liptovsky Mikulus Junior World Championships,2024 Liptovsky Mikulus Junior World Championships WCSLX Darcey MCMULLINS
2024,Liptovsky Mikulus,Junior World Championships,Brackets,Quarter-Final,WCSLX,12,,Caterina PIGNAT,PIGNAT,Caterina,ITA,,,,,2024 Liptovsky Mikulus Junior World Championships,2024 Liptovsky Mikulus Junior World Championships WCSLX Caterina PIGNAT
2024,Liptovsky Mikulus,Junior World Championships,Brackets,Quarter-Final,WCSLX,13,,Bara GALUSKOVA,GALUSKOVA,Bara,CZE,,,,,2024 Liptovsky Mikulus Junior World Championships,2024 Liptovsky Mikulus Junior World Championships WCSLX Bara GALUSKOVA
2024,Liptovsky Mikulus,Junior World Championships,Brackets,Quarter-Final,WCSLX,14,,Isabella ALTMAN,ALTMAN,Isabella,USA,,,,,2024 Liptovsky Mikulus Junior World Championships,2024 Liptovsky Mikulus Junior World Championships WCSLX Isabella ALTMAN
2024,Liptovsky Mikulus,Junior World Championships,Brackets,Quarter-Final,WCSLX,15,,Claire CLEMENTS,CLEMENTS,Claire,AUS,,,,,2024 Liptovsky Mikulus Junior World Championships,2024 Liptovsky Mikulus Junior World Championships WCSLX Claire CLEMENTS
2024,Liptovsky Mikulus,Junior World Championships,Brackets,Quarter-Final,WCSLX,16,,Yuanyuan HE,HE,Yuanyuan,CHN,,,,,2024 Liptovsky Mikulus Junior World Championships,2024 Liptovsky Mikulus Junior World Championships WCSLX Yuanyuan HE
2024,Liptovsky Mikulus,Junior World Championships,Brackets,Heats,WCSLX,17,,Margot LAPEZE,LAPEZE,Margot,FRA,,,,,2024 Liptovsky Mikulus Junior World Championships,2024 Liptovsky Mikulus Junior World Championships WCSLX Margot LAPEZE
2024,Liptovsky Mikulus,Junior World Championships,Brackets,Heats,WCSLX,18,,Sofia ALFER,ALFER,Sofia,GBR,,,,,2024 Liptovsky Mikulus Junior World Championships,2024 Liptovsky Mikulus Junior World Championships WCSLX Sofia ALFER
2024,Liptovsky Mikulus,Junior World Championships,Brackets,Heats,WCSLX,19,,Karolina ABRAHAMOVA,ABRAHAMOVA,Karolina,SVK,,,,,2024 Liptovsky Mikulus Junior World Championships,2024 Liptovsky Mikulus Junior World Championships WCSLX Karolina ABRAHAMOVA
2024,Liptovsky Mikulus,Junior World Championships,Brackets,Heats,WCSLX,21,,Carden OETTING,OETTING,Carden,USA,,,,,2024 Liptovsky Mikulus Junior World Championships,2024 Liptovsky Mikulus Junior World Championships WCSLX Carden OETTING
2024,Liptovsky Mikulus,Junior World Championships,Brackets,Heats,WCSLX,22,,Florance MOINIAN,MOINIAN,Florance,SUI,,,,,2024 Liptovsky Mikulus Junior World Championships,2024 Liptovsky Mikulus Junior World Championships WCSLX Florance MOINIAN
2024,Liptovsky Mikulus,Junior World Championships,Brackets,Heats,WCSLX,23,,Aleksandra DUSIK,DUSIK,Aleksandra,POL,,,,,2024 Liptovsky Mikulus Junior World Championships,2024 Liptovsky Mikulus Junior World Championships WCSLX Aleksandra DUSIK
2024,Liptovsky Mikulus,Junior World Championships,Brackets,Heats,WCSLX,24,,Anhelina KHARLAMOVA,KHARLAMOVA,Anhelina,UKR,,,,,2024 Liptovsky Mikulus Junior World Championships,2024 Liptovsky Mikulus Junior World Championships WCSLX Anhelina KHARLAMOVA
2024,Liptovsky Mikulus,Junior World Championships,Brackets,Heats,WCSLX,25,,Ainara GOIKOETXEA,GOIKOETXEA,Ainara,ESP,,,,,2024 Liptovsky Mikulus Junior World Championships,2024 Liptovsky Mikulus Junior World Championships WCSLX Ainara GOIKOETXEA
2024,Liptovsky Mikulus,Junior World Championships,Brackets,Heats,WCSLX,26,,Lea SENICA,SENICA,Lea,SLO,,,,,2024 Liptovsky Mikulus Junior World Championships,2024 Liptovsky Mikulus Junior World Championships WCSLX Lea SENICA
2024,Liptovsky Mikulus,Junior World Championships,Brackets,Heats,WCSLX,27,,Sadie STERRY,STERRY,Sadie,GBR,,,,,2024 Liptovsky Mikulus Junior World Championships,2024 Liptovsky Mikulus Junior World Championships WCSLX Sadie STERRY
2024,Liptovsky Mikulus,Junior World Championships,Brackets,Heats,WCSLX,28,,Yekaterina TARANTSEVA,TARANTSEVA,Yekaterina,KAZ,,,,,2024 Liptovsky Mikulus Junior World Championships,2024 Liptovsky Mikulus Junior World Championships WCSLX Yekaterina TARANTSEVA
2024,Liptovsky Mikulus,Junior World Championships,Brackets,Heats,WCSLX,29,,Anna SIMONA,SIMONA,Anna,ESP,,,,,2024 Liptovsky Mikulus Junior World Championships,2024 Liptovsky Mikulus Junior World Championships WCSLX Anna SIMONA
2024,Liptovsky Mikulus,Junior World Championships,Brackets,Heats,WCSLX,31,,Eliza TARE,TARE,Eliza,LAT,,,,,2024 Liptovsky Mikulus Junior World Championships,2024 Liptovsky Mikulus Junior World Championships WCSLX Eliza TARE
2024,Liptovsky Mikulus,Junior World Championships,Brackets,Heats,WCSLX,32,,Hannah TROWER,TROWER,Hannah,RSA,,,,,2024 Liptovsky Mikulus Junior World Championships,2024 Liptovsky Mikulus Junior World Championships WCSLX Hannah TROWER
2024,Liptovsky Mikulus,U23 World Championships,Time Trial,Time Trial,MCSLX,1,3,Jonny DICKSON,DICKSON,Jonny,GBR,67.07,0,100.00%,,2024 Liptovsky Mikulus U23 World Championships,2024 Liptovsky Mikulus U23 World Championships MCSLX Jonny DICKSON
2024,Liptovsky Mikulus,U23 World Championships,Time Trial,Time Trial,MCSLX,2,11,Gael ADISSON,ADISSON,Gael,FRA,68.53,1.46,102.18%,,2024 Liptovsky Mikulus U23 World Championships,2024 Liptovsky Mikulus U23 World Championships MCSLX Gael ADISSON
2024,Liptovsky Mikulus,U23 World Championships,Time Trial,Time Trial,MCSLX,3,17,Pitt ROHRER,ROHRER,Pitt,SUI,68.83,1.76,102.62%,,2024 Liptovsky Mikulus U23 World Championships,2024 Liptovsky Mikulus U23 World Championships MCSLX Pitt ROHRER
2024,Liptovsky Mikulus,U23 World Championships,Time Trial,Time Trial,MCSLX,4,1,Anatole DELASSUS,DELASSUS,Anatole,FRA,69.01,1.94,102.89%,,2024 Liptovsky Mikulus U23 World Championships,2024 Liptovsky Mikulus U23 World Championships MCSLX Anatole DELASSUS
2024,Liptovsky Mikulus,U23 World Championships,Time Trial,Time Trial,MCSLX,5,2,Alex BALDONI,BALDONI,Alex,CAN,69.11,2.04,103.04%,,2024 Liptovsky Mikulus U23 World Championships,2024 Liptovsky Mikulus U23 World Championships MCSLX Alex BALDONI
2024,Liptovsky Mikulus,U23 World Championships,Time Trial,Time Trial,MCSLX,6,25,Xabier FERRAZZI,FERRAZZI,Xabier,ITA,69.2,2.13,103.18%,,2024 Liptovsky Mikulus U23 World Championships,2024 Liptovsky Mikulus U23 World Championships MCSLX Xabier FERRAZZI
2024,Liptovsky Mikulus,U23 World Championships,Time Trial,Time Trial,MCSLX,7,10,Tadeusz KUCHNO,KUCHNO,Tadeusz,POL,69.23,2.16,103.22%,,2024 Liptovsky Mikulus U23 World Championships,2024 Liptovsky Mikulus U23 World Championships MCSLX Tadeusz KUCHNO
2024,Liptovsky Mikulus,U23 World Championships,Time Trial,Time Trial,MCSLX,8,74,Joris HELLO,HELLO,Joris,FRA,69.42,2.35,103.50%,,2024 Liptovsky Mikulus U23 World Championships,2024 Liptovsky Mikulus U23 World Championships MCSLX Joris HELLO
2024,Liptovsky Mikulus,U23 World Championships,Time Trial,Time Trial,MCSLX,9,6,Nicholas COLLIER,COLLIER,Nicholas,NZL,69.63,2.56,103.82%,,2024 Liptovsky Mikulus U23 World Championships,2024 Liptovsky Mikulus U23 World Championships MCSLX Nicholas COLLIER
2024,Liptovsky Mikulus,U23 World Championships,Time Trial,Time Trial,MCSLX,10,66,Miquel FARRAN,FARRAN,Miquel,ESP,69.69,2.62,103.91%,,2024 Liptovsky Mikulus U23 World Championships,2024 Liptovsky Mikulus U23 World Championships MCSLX Miquel FARRAN
2024,Liptovsky Mikulus,U23 World Championships,Time Trial,Time Trial,MCSLX,11,4,Jakub KREJCI,KREJCI,Jakub,CZE,69.79,2.72,104.06%,,2024 Liptovsky Mikulus U23 World Championships,2024 Liptovsky Mikulus U23 World Championships MCSLX Jakub KREJCI
2024,Liptovsky Mikulus,U23 World Championships,Time Trial,Time Trial,MCSLX,12,54,Leo VUITTON,VUITTON,Leo,FRA,69.84,2.77,104.13%,,2024 Liptovsky Mikulus U23 World Championships,2024 Liptovsky Mikulus U23 World Championships MCSLX Leo VUITTON
2024,Liptovsky Mikulus,U23 World Championships,Time Trial,Time Trial,MCSLX,13,35,Matyas NOVAK,NOVAK,Matyas,CZE,69.85,2.78,104.14%,,2024 Liptovsky Mikulus U23 World Championships,2024 Liptovsky Mikulus U23 World Championships MCSLX Matyas NOVAK
2024,Liptovsky Mikulus,U23 World Championships,Time Trial,Time Trial,MCSLX,14,34,Manel CONTRERAS,CONTRERAS,Manel,ESP,70.08,3.01,104.49%,,2024 Liptovsky Mikulus U23 World Championships,2024 Liptovsky Mikulus U23 World Championships MCSLX Manel CONTRERAS
2024,Liptovsky Mikulus,U23 World Championships,Time Trial,Time Trial,MCSLX,15,12,Mikolaj MASTALSKI,MASTALSKI,Mikolaj,POL,70.21,3.14,104.68%,,2024 Liptovsky Mikulus U23 World Championships,2024 Liptovsky Mikulus U23 World Championships MCSLX Mikolaj MASTALSKI
2024,Liptovsky Mikulus,U23 World Championships,Time Trial,Time Trial,MCSLX,16,19,Michel UHL,UHL,Michel,NZL,70.28,3.21,104.79%,,2024 Liptovsky Mikulus U23 World Championships,2024 Liptovsky Mikulus U23 World Championships MCSLX Michel UHL
2024,Liptovsky Mikulus,U23 World Championships,Time Trial,Time Trial,MCSLX,17,76,Thomas MAYER,MAYER,Thomas,GBR,70.3,3.23,104.82%,,2024 Liptovsky Mikulus U23 World Championships,2024 Liptovsky Mikulus U23 World Championships MCSLX Thomas MAYER
2024,Liptovsky Mikulus,U23 World Championships,Time Trial,Time Trial,MCSLX,18,75,Jus JAVORNIK,JAVORNIK,Jus,SLO,70.53,3.46,105.16%,,2024 Liptovsky Mikulus U23 World Championships,2024 Liptovsky Mikulus U23 World Championships MCSLX Jus JAVORNIK
2024,Liptovsky Mikulus,U23 World Championships,Time Trial,Time Trial,MCSLX,19,18,Maxime AUBERTIN,AUBERTIN,Maxime,BEL,70.58,3.51,105.23%,,2024 Liptovsky Mikulus U23 World Championships,2024 Liptovsky Mikulus U23 World Championships MCSLX Maxime AUBERTIN
2024,Liptovsky Mikulus,U23 World Championships,Time Trial,Time Trial,MCSLX,20,49,Tommaso PANICO,PANICO,Tommaso,ITA,70.6,3.53,105.26%,,2024 Liptovsky Mikulus U23 World Championships,2024 Liptovsky Mikulus U23 World Championships MCSLX Tommaso PANICO
2024,Liptovsky Mikulus,U23 World Championships,Time Trial,Time Trial,MCSLX,21,45,Nicolas FEHLMANN,FEHLMANN,Nicolas,SUI,70.73,3.66,105.46%,,2024 Liptovsky Mikulus U23 World Championships,2024 Liptovsky Mikulus U23 World Championships MCSLX Nicolas FEHLMANN
2024,Liptovsky Mikulus,U23 World Championships,Time Trial,Time Trial,MCSLX,22,23,Artem IVCHENKO,IVCHENKO,Artem,UKR,71.07,4,105.96%,,2024 Liptovsky Mikulus U23 World Championships,2024 Liptovsky Mikulus U23 World Championships MCSLX Artem IVCHENKO
2024,Liptovsky Mikulus,U23 World Championships,Time Trial,Time Trial,MCSLX,23,24,Ben HAYLETT,HAYLETT,Ben,GBR,71.12,4.05,106.04%,,2024 Liptovsky Mikulus U23 World Championships,2024 Liptovsky Mikulus U23 World Championships MCSLX Ben HAYLETT
2024,Liptovsky Mikulus,U23 World Championships,Time Trial,Time Trial,MCSLX,24,29,Mael RIVARD,RIVARD,Mael,CAN,71.12,4.05,106.04%,,2024 Liptovsky Mikulus U23 World Championships,2024 Liptovsky Mikulus U23 World Championships MCSLX Mael RIVARD
2024,Liptovsky Mikulus,U23 World Championships,Time Trial,Time Trial,MCSLX,25,13,Oliver PUCHNER,PUCHNER,Oliver,NZL,71.13,4.06,106.05%,,2024 Liptovsky Mikulus U23 World Championships,2024 Liptovsky Mikulus U23 World Championships MCSLX Oliver PUCHNER
2024,Liptovsky Mikulus,U23 World Championships,Time Trial,Time Trial,MCSLX,26,9,Dominic CURTIN,CURTIN,Dominic,AUS,71.27,4.2,106.26%,,2024 Liptovsky Mikulus U23 World Championships,2024 Liptovsky Mikulus U23 World Championships MCSLX Dominic CURTIN
2024,Liptovsky Mikulus,U23 World Championships,Time Trial,Time Trial,MCSLX,27,69,Jonas BUECHNER,BUECHNER,Jonas,GER,71.27,4.2,106.26%,,2024 Liptovsky Mikulus U23 World Championships,2024 Liptovsky Mikulus U23 World Championships MCSLX Jonas BUECHNER
2024,Liptovsky Mikulus,U23 World Championships,Time Trial,Time Trial,MCSLX,28,15,Tillmann ROELLER,ROELLER,Tillmann,GER,71.34,4.27,106.37%,,2024 Liptovsky Mikulus U23 World Championships,2024 Liptovsky Mikulus U23 World Championships MCSLX Tillmann ROELLER
2024,Liptovsky Mikulus,U23 World Championships,Time Trial,Time Trial,MCSLX,29,27,Enrico DIETZ,DIETZ,Enrico,GER,71.44,4.37,106.52%,,2024 Liptovsky Mikulus U23 World Championships,2024 Liptovsky Mikulus U23 World Championships MCSLX Enrico DIETZ
2024,Liptovsky Mikulus,U23 World Championships,Time Trial,Time Trial,MCSLX,30,62,Lukas KRATOCHVIL,KRATOCHVIL,Lukas,CZE,71.54,4.47,106.66%,,2024 Liptovsky Mikulus U23 World Championships,2024 Liptovsky Mikulus U23 World Championships MCSLX Lukas KRATOCHVIL
2024,Liptovsky Mikulus,U23 World Championships,Time Trial,Time Trial,MCSLX,31,5,Kyler James LONG,LONG,Kyler James,USA,71.55,4.48,106.68%,,2024 Liptovsky Mikulus U23 World Championships,2024 Liptovsky Mikulus U23 World Championships MCSLX Kyler James LONG
2024,Liptovsky Mikulus,U23 World Championships,Time Trial,Time Trial,MCSLX,32,16,Moritz KREMSLEHNER,KREMSLEHNER,Moritz,AUT,71.58,4.51,106.72%,,2024 Liptovsky Mikulus U23 World Championships,2024 Liptovsky Mikulus U23 World Championships MCSLX Moritz KREMSLEHNER
2024,Liptovsky Mikulus,U23 World Championships,Time Trial,Time Trial,MCSLX,33,8,Kaelin FRIEDENSON,FRIEDENSON,Kaelin,USA,71.59,4.52,106.74%,,2024 Liptovsky Mikulus U23 World Championships,2024 Liptovsky Mikulus U23 World Championships MCSLX Kaelin FRIEDENSON
2024,Liptovsky Mikulus,U23 World Championships,Time Trial,Time Trial,MCSLX,34,47,Alex SEGURA,SEGURA,Alex,ESP,71.71,4.64,106.92%,,2024 Liptovsky Mikulus U23 World Championships,2024 Liptovsky Mikulus U23 World Championships MCSLX Alex SEGURA
2024,Liptovsky Mikulus,U23 World Championships,Time Trial,Time Trial,MCSLX,35,59,Michal CIAGLO,CIAGLO,Michal,POL,71.87,4.8,107.16%,,2024 Liptovsky Mikulus U23 World Championships,2024 Liptovsky Mikulus U23 World Championships MCSLX Michal CIAGLO
2024,Liptovsky Mikulus,U23 World Championships,Time Trial,Time Trial,MCSLX,36,46,Filip STANKO,STANKO,Filip,SVK,71.92,4.85,107.23%,,2024 Liptovsky Mikulus U23 World Championships,2024 Liptovsky Mikulus U23 World Championships MCSLX Filip STANKO
2024,Liptovsky Mikulus,U23 World Championships,Time Trial,Time Trial,MCSLX,37,43,Simon ZEITLHOFER,ZEITLHOFER,Simon,AUT,71.93,4.86,107.25%,,2024 Liptovsky Mikulus U23 World Championships,2024 Liptovsky Mikulus U23 World Championships MCSLX Simon ZEITLHOFER
2024,Liptovsky Mikulus,U23 World Championships,Time Trial,Time Trial,MCSLX,38,39,Mark ZIELONKA,ZIELONKA,Mark,CAN,72.13,5.06,107.54%,,2024 Liptovsky Mikulus U23 World Championships,2024 Liptovsky Mikulus U23 World Championships MCSLX Mark ZIELONKA
2024,Liptovsky Mikulus,U23 World Championships,Time Trial,Time Trial,MCSLX,39,38,Riley GALEA,GALEA,Riley,AUS,72.3,5.23,107.80%,,2024 Liptovsky Mikulus U23 World Championships,2024 Liptovsky Mikulus U23 World Championships MCSLX Riley GALEA
2024,Liptovsky Mikulus,U23 World Championships,Time Trial,Time Trial,MCSLX,40,42,Salim JEMAI,JEMAI,Salim,TUN,72.43,5.36,107.99%,,2024 Liptovsky Mikulus U23 World Championships,2024 Liptovsky Mikulus U23 World Championships MCSLX Salim JEMAI
2024,Liptovsky Mikulus,U23 World Championships,Time Trial,Time Trial,MCSLX,41,57,Christian STANZEL,STANZEL,Christian,GER,72.5,5.43,108.10%,,2024 Liptovsky Mikulus U23 World Championships,2024 Liptovsky Mikulus U23 World Championships MCSLX Christian STANZEL
2024,Liptovsky Mikulus,U23 World Championships,Time Trial,Time Trial,MCSLX,42,21,Mark CROSBEE,CROSBEE,Mark,AUS,72.92,5.85,108.72%,,2024 Liptovsky Mikulus U23 World Championships,2024 Liptovsky Mikulus U23 World Championships MCSLX Mark CROSBEE
2024,Liptovsky Mikulus,U23 World Championships,Time Trial,Time Trial,MCSLX,43,32,Marc VICENTE,VICENTE,Marc,ESP,72.94,5.87,108.75%,,2024 Liptovsky Mikulus U23 World Championships,2024 Liptovsky Mikulus U23 World Championships MCSLX Marc VICENTE
2024,Liptovsky Mikulus,U23 World Championships,Time Trial,Time Trial,MCSLX,44,44,Angel PETRUSHEV,PETRUSHEV,Angel,MKD,73.3,6.23,109.29%,,2024 Liptovsky Mikulus U23 World Championships,2024 Liptovsky Mikulus U23 World Championships MCSLX Angel PETRUSHEV
2024,Liptovsky Mikulus,U23 World Championships,Time Trial,Time Trial,MCSLX,45,81,Jakub DYDA,DYDA,Jakub,POL,73.39,6.32,109.42%,,2024 Liptovsky Mikulus U23 World Championships,2024 Liptovsky Mikulus U23 World Championships MCSLX Jakub DYDA
2024,Liptovsky Mikulus,U23 World Championships,Time Trial,Time Trial,MCSLX,46,22,Jakob SAVLI,SAVLI,Jakob,SLO,73.4,6.33,109.44%,,2024 Liptovsky Mikulus U23 World Championships,2024 Liptovsky Mikulus U23 World Championships MCSLX Jakob SAVLI
2024,Liptovsky Mikulus,U23 World Championships,Time Trial,Time Trial,MCSLX,47,20,Thomas UKALOVIC,UKALOVIC,Thomas,CRO,73.8,6.73,110.03%,,2024 Liptovsky Mikulus U23 World Championships,2024 Liptovsky Mikulus U23 World Championships MCSLX Thomas UKALOVIC
2024,Liptovsky Mikulus,U23 World Championships,Time Trial,Time Trial,MCSLX,48,37,Yusuke MUTO,MUTO,Yusuke,JPN,73.98,6.91,110.30%,,2024 Liptovsky Mikulus U23 World Championships,2024 Liptovsky Mikulus U23 World Championships MCSLX Yusuke MUTO
2024,Liptovsky Mikulus,U23 World Championships,Time Trial,Time Trial,MCSLX,49,79,Zhaoshan HU,HU,Zhaoshan,CHN,74.76,7.69,111.47%,,2024 Liptovsky Mikulus U23 World Championships,2024 Liptovsky Mikulus U23 World Championships MCSLX Zhaoshan HU
2024,Liptovsky Mikulus,U23 World Championships,Time Trial,Time Trial,MCSLX,50,55,Imangali MAMBETOV,MAMBETOV,Imangali,KAZ,74.78,7.71,111.50%,,2024 Liptovsky Mikulus U23 World Championships,2024 Liptovsky Mikulus U23 World Championships MCSLX Imangali MAMBETOV
2024,Liptovsky Mikulus,U23 World Championships,Time Trial,Time Trial,MCSLX,51,73,Allan Kaua DA SILVA FERREIRA,DA SILVA FERREIRA,Allan Kaua,BRA,74.91,7.84,111.69%,,2024 Liptovsky Mikulus U23 World Championships,2024 Liptovsky Mikulus U23 World Championships MCSLX Allan Kaua DA SILVA FERREIRA
2024,Liptovsky Mikulus,U23 World Championships,Time Trial,Time Trial,MCSLX,52,33,Sam LEAVER,LEAVER,Sam,GBR,75.1,8.03,111.97%,,2024 Liptovsky Mikulus U23 World Championships,2024 Liptovsky Mikulus U23 World Championships MCSLX Sam LEAVER
2024,Liptovsky Mikulus,U23 World Championships,Time Trial,Time Trial,MCSLX,53,53,Jesus MARTINEZ,MARTINEZ,Jesus,CHI,75.13,8.06,112.02%,,2024 Liptovsky Mikulus U23 World Championships,2024 Liptovsky Mikulus U23 World Championships MCSLX Jesus MARTINEZ
2024,Liptovsky Mikulus,U23 World Championships,Time Trial,Time Trial,MCSLX,54,52,Matus HROMEK,HROMEK,Matus,SVK,75.32,8.25,112.30%,,2024 Liptovsky Mikulus U23 World Championships,2024 Liptovsky Mikulus U23 World Championships MCSLX Matus HROMEK
2024,Liptovsky Mikulus,U23 World Championships,Time Trial,Time Trial,MCSLX,55,50,Klass Francisks ROZENTALS,ROZENTALS,Klass Francisks,LAT,75.34,8.27,112.33%,,2024 Liptovsky Mikulus U23 World Championships,2024 Liptovsky Mikulus U23 World Championships MCSLX Klass Francisks ROZENTALS
2024,Liptovsky Mikulus,U23 World Championships,Time Trial,Time Trial,MCSLX,56,68,Daisuke NESHIME,NESHIME,Daisuke,JPN,75.37,8.3,112.38%,,2024 Liptovsky Mikulus U23 World Championships,2024 Liptovsky Mikulus U23 World Championships MCSLX Daisuke NESHIME
2024,Liptovsky Mikulus,U23 World Championships,Time Trial,Time Trial,MCSLX,57,71,Luca CANO MOLE,CANO MOLE,Luca,PER,75.53,8.46,112.61%,,2024 Liptovsky Mikulus U23 World Championships,2024 Liptovsky Mikulus U23 World Championships MCSLX Luca CANO MOLE
2024,Liptovsky Mikulus,U23 World Championships,Time Trial,Time Trial,MCSLX,58,77,Bowen ZHU,ZHU,Bowen,CHN,76.07,9,113.42%,,2024 Liptovsky Mikulus U23 World Championships,2024 Liptovsky Mikulus U23 World Championships MCSLX Bowen ZHU
2024,Liptovsky Mikulus,U23 World Championships,Time Trial,Time Trial,MCSLX,59,56,Victor Eduardo CARNEIRO,CARNEIRO,Victor Eduardo,BRA,76.17,9.1,113.57%,,2024 Liptovsky Mikulus U23 World Championships,2024 Liptovsky Mikulus U23 World Championships MCSLX Victor Eduardo CARNEIRO
2024,Liptovsky Mikulus,U23 World Championships,Time Trial,Time Trial,MCSLX,60,65,Stefan RIBARSKI,RIBARSKI,Stefan,MKD,76.17,9.1,113.57%,,2024 Liptovsky Mikulus U23 World Championships,2024 Liptovsky Mikulus U23 World Championships MCSLX Stefan RIBARSKI
2024,Liptovsky Mikulus,U23 World Championships,Time Trial,Time Trial,MCSLX,61,31,Terence SARAMANDIF,SARAMANDIF,Terence,MRI,76.28,9.21,113.73%,,2024 Liptovsky Mikulus U23 World Championships,2024 Liptovsky Mikulus U23 World Championships MCSLX Terence SARAMANDIF
2024,Liptovsky Mikulus,U23 World Championships,Time Trial,Time Trial,MCSLX,62,48,Noe ANDEREGG,ANDEREGG,Noe,SUI,76.29,9.22,113.75%,,2024 Liptovsky Mikulus U23 World Championships,2024 Liptovsky Mikulus U23 World Championships MCSLX Noe ANDEREGG
2024,Liptovsky Mikulus,U23 World Championships,Time Trial,Time Trial,MCSLX,63,7,Oleksandr FEDORENKO,FEDORENKO,Oleksandr,UKR,76.3,9.23,113.76%,,2024 Liptovsky Mikulus U23 World Championships,2024 Liptovsky Mikulus U23 World Championships MCSLX Oleksandr FEDORENKO
2024,Liptovsky Mikulus,U23 World Championships,Time Trial,Time Trial,MCSLX,64,63,Mathys MANIET,MANIET,Mathys,BEL,76.55,9.48,114.13%,,2024 Liptovsky Mikulus U23 World Championships,2024 Liptovsky Mikulus U23 World Championships MCSLX Mathys MANIET
2024,Liptovsky Mikulus,U23 World Championships,Time Trial,Time Trial,MCSLX,65,41,Fernando REINOSO,REINOSO,Fernando,MEX,76.99,9.92,114.79%,,2024 Liptovsky Mikulus U23 World Championships,2024 Liptovsky Mikulus U23 World Championships MCSLX Fernando REINOSO
2024,Liptovsky Mikulus,U23 World Championships,Time Trial,Time Trial,MCSLX,66,28,Edgars GRAVITIS,GRAVITIS,Edgars,LAT,77.53,10.46,115.60%,,2024 Liptovsky Mikulus U23 World Championships,2024 Liptovsky Mikulus U23 World Championships MCSLX Edgars GRAVITIS
2024,Liptovsky Mikulus,U23 World Championships,Time Trial,Time Trial,MCSLX,67,70,Yoeri WELLING,WELLING,Yoeri,NED,79,11.93,117.79%,,2024 Liptovsky Mikulus U23 World Championships,2024 Liptovsky Mikulus U23 World Championships MCSLX Yoeri WELLING
2024,Liptovsky Mikulus,U23 World Championships,Time Trial,Time Trial,MCSLX,68,72,Martin MARIEN,MARIEN,Martin,BEL,80.64,13.57,120.23%,,2024 Liptovsky Mikulus U23 World Championships,2024 Liptovsky Mikulus U23 World Championships MCSLX Martin MARIEN
2024,Liptovsky Mikulus,U23 World Championships,Time Trial,Time Trial,MCSLX,69,83,Moorim PARK,PARK,Moorim,KOR,80.76,13.69,120.41%,,2024 Liptovsky Mikulus U23 World Championships,2024 Liptovsky Mikulus U23 World Championships MCSLX Moorim PARK
2024,Liptovsky Mikulus,U23 World Championships,Time Trial,Time Trial,MCSLX,70,78,Jiahao ZHANG,ZHANG,Jiahao,CHN,80.89,13.82,120.61%,,2024 Liptovsky Mikulus U23 World Championships,2024 Liptovsky Mikulus U23 World Championships MCSLX Jiahao ZHANG
2024,Liptovsky Mikulus,U23 World Championships,Time Trial,Time Trial,MCSLX,71,40,Pradhyumna Singh RATHOD,RATHOD,Pradhyumna Singh,IND,82.82,15.75,123.48%,,2024 Liptovsky Mikulus U23 World Championships,2024 Liptovsky Mikulus U23 World Championships MCSLX Pradhyumna Singh RATHOD
2024,Liptovsky Mikulus,U23 World Championships,Time Trial,Time Trial,MCSLX,72,36,Finn ANDERSON,ANDERSON,Finn,NZL,93.6,26.53,139.56%,,2024 Liptovsky Mikulus U23 World Championships,2024 Liptovsky Mikulus U23 World Championships MCSLX Finn ANDERSON
2024,Liptovsky Mikulus,U23 World Championships,Time Trial,Time Trial,MCSLX,73,67,Marek BIZEK,BIZEK,Marek,CZE,73.12,6.05,109.02%,FLT (7),2024 Liptovsky Mikulus U23 World Championships,2024 Liptovsky Mikulus U23 World Championships MCSLX Marek BIZEK
2024,Liptovsky Mikulus,U23 World Championships,Time Trial,Time Trial,MCSLX,74,14,Serhii SOVKO,SOVKO,Serhii,UKR,73.22,6.15,109.17%,FLT (7),2024 Liptovsky Mikulus U23 World Championships,2024 Liptovsky Mikulus U23 World Championships MCSLX Serhii SOVKO
2024,Liptovsky Mikulus,U23 World Championships,Time Trial,Time Trial,MCSLX,75,60,Richard RUMANSKY,RUMANSKY,Richard,SVK,76,8.93,113.31%,FLT (7),2024 Liptovsky Mikulus U23 World Championships,2024 Liptovsky Mikulus U23 World Championships MCSLX Richard RUMANSKY
2024,Liptovsky Mikulus,U23 World Championships,Time Trial,Time Trial,MCSLX,76,26,George PANKHURST,PANKHURST,George,AUS,78.39,11.32,116.88%,FLT (7),2024 Liptovsky Mikulus U23 World Championships,2024 Liptovsky Mikulus U23 World Championships MCSLX George PANKHURST
2024,Liptovsky Mikulus,U23 World Championships,Time Trial,Time Trial,MCSLX,77,61,Ossian FIANDER,FIANDER,Ossian,SWE,78.69,11.62,117.33%,FLT (R),2024 Liptovsky Mikulus U23 World Championships,2024 Liptovsky Mikulus U23 World Championships MCSLX Ossian FIANDER
2024,Liptovsky Mikulus,U23 World Championships,Time Trial,Time Trial,MCSLX,78,80,Shicheng JIA,JIA,Shicheng,CHN,74.42,7.35,110.96%,,2024 Liptovsky Mikulus U23 World Championships,2024 Liptovsky Mikulus U23 World Championships MCSLX Shicheng JIA
2024,Liptovsky Mikulus,U23 World Championships,Time Trial,Time Trial,MCSLX,79,64,Tom MORLEY,MORLEY,Tom,IRL,77.75,10.68,115.92%,,2024 Liptovsky Mikulus U23 World Championships,2024 Liptovsky Mikulus U23 World Championships MCSLX Tom MORLEY
2024,Liptovsky Mikulus,Junior World Championships,Time Trial,Time Trial,MCSLX,1,16,Faust CLOTET JUANMARTI,CLOTET JUANMARTI,Faust,ESP,69.74,0,100.00%,,2024 Liptovsky Mikulus Junior World Championships,2024 Liptovsky Mikulus Junior World Championships MCSLX Faust CLOTET JUANMARTI
2024,Liptovsky Mikulus,Junior World Championships,Time Trial,Time Trial,MCSLX,2,2,Ziga Lin HOCEVAR,HOCEVAR,Ziga Lin,SLO,70.57,0.83,101.19%,,2024 Liptovsky Mikulus Junior World Championships,2024 Liptovsky Mikulus Junior World Championships MCSLX Ziga Lin HOCEVAR
2024,Liptovsky Mikulus,Junior World Championships,Time Trial,Time Trial,MCSLX,3,7,Martin CORNU,CORNU,Martin,FRA,70.67,0.93,101.33%,,2024 Liptovsky Mikulus Junior World Championships,2024 Liptovsky Mikulus Junior World Championships MCSLX Martin CORNU
2024,Liptovsky Mikulus,Junior World Championships,Time Trial,Time Trial,MCSLX,4,4,Merle LONG,LONG,Merle,AUS,71.05,1.31,101.88%,,2024 Liptovsky Mikulus Junior World Championships,2024 Liptovsky Mikulus Junior World Championships MCSLX Merle LONG
2024,Liptovsky Mikulus,Junior World Championships,Time Trial,Time Trial,MCSLX,5,10,Titouan ESTANGUET,ESTANGUET,Titouan,FRA,71.25,1.51,102.17%,,2024 Liptovsky Mikulus Junior World Championships,2024 Liptovsky Mikulus Junior World Championships MCSLX Titouan ESTANGUET
2024,Liptovsky Mikulus,Junior World Championships,Time Trial,Time Trial,MCSLX,6,14,Ianis TRIOMPHE,TRIOMPHE,Ianis,FRA,71.56,1.82,102.61%,,2024 Liptovsky Mikulus Junior World Championships,2024 Liptovsky Mikulus Junior World Championships MCSLX Ianis TRIOMPHE
2024,Liptovsky Mikulus,Junior World Championships,Time Trial,Time Trial,MCSLX,7,8,Michele PISTONI,PISTONI,Michele,ITA,71.57,1.83,102.62%,,2024 Liptovsky Mikulus Junior World Championships,2024 Liptovsky Mikulus Junior World Championships MCSLX Michele PISTONI
2024,Liptovsky Mikulus,Junior World Championships,Time Trial,Time Trial,MCSLX,8,24,Jonah HANRAHAN,HANRAHAN,Jonah,GBR,71.8,2.06,102.95%,,2024 Liptovsky Mikulus Junior World Championships,2024 Liptovsky Mikulus Junior World Championships MCSLX Jonah HANRAHAN
2024,Liptovsky Mikulus,Junior World Championships,Time Trial,Time Trial,MCSLX,9,70,Gwion WILLIAMS,WILLIAMS,Gwion,GBR,72.11,2.37,103.40%,,2024 Liptovsky Mikulus Junior World Championships,2024 Liptovsky Mikulus Junior World Championships MCSLX Gwion WILLIAMS
2024,Liptovsky Mikulus,Junior World Championships,Time Trial,Time Trial,MCSLX,10,41,Jan VICENTE,VICENTE,Jan,ESP,72.64,2.9,104.16%,,2024 Liptovsky Mikulus Junior World Championships,2024 Liptovsky Mikulus Junior World Championships MCSLX Jan VICENTE
2024,Liptovsky Mikulus,Junior World Championships,Time Trial,Time Trial,MCSLX,11,40,Oier DIAZ,DIAZ,Oier,ESP,72.64,2.9,104.16%,,2024 Liptovsky Mikulus Junior World Championships,2024 Liptovsky Mikulus Junior World Championships MCSLX Oier DIAZ
2024,Liptovsky Mikulus,Junior World Championships,Time Trial,Time Trial,MCSLX,12,35,Azuka MBELU,MBELU,Azuka,ESP,72.84,3.1,104.45%,,2024 Liptovsky Mikulus Junior World Championships,2024 Liptovsky Mikulus Junior World Championships MCSLX Azuka MBELU
2024,Liptovsky Mikulus,Junior World Championships,Time Trial,Time Trial,MCSLX,13,31,David SKUBIK,SKUBIK,David,SVK,72.94,3.2,104.59%,,2024 Liptovsky Mikulus Junior World Championships,2024 Liptovsky Mikulus Junior World Championships MCSLX David SKUBIK
2024,Liptovsky Mikulus,Junior World Championships,Time Trial,Time Trial,MCSLX,14,29,Matyas KORINEK,KORINEK,Matyas,SVK,72.97,3.23,104.63%,,2024 Liptovsky Mikulus Junior World Championships,2024 Liptovsky Mikulus Junior World Championships MCSLX Matyas KORINEK
2024,Liptovsky Mikulus,Junior World Championships,Time Trial,Time Trial,MCSLX,15,78,Luis HARTMANN,HARTMANN,Luis,GER,73.2,3.46,104.96%,,2024 Liptovsky Mikulus Junior World Championships,2024 Liptovsky Mikulus Junior World Championships MCSLX Luis HARTMANN
2024,Liptovsky Mikulus,Junior World Championships,Time Trial,Time Trial,MCSLX,16,51,Felix SACHERS,SACHERS,Felix,GER,73.36,3.62,105.19%,,2024 Liptovsky Mikulus Junior World Championships,2024 Liptovsky Mikulus Junior World Championships MCSLX Felix SACHERS
2024,Liptovsky Mikulus,Junior World Championships,Time Trial,Time Trial,MCSLX,17,17,Oscar WYLLIE,WYLLIE,Oscar,GBR,73.42,3.68,105.28%,,2024 Liptovsky Mikulus Junior World Championships,2024 Liptovsky Mikulus Junior World Championships MCSLX Oscar WYLLIE
2024,Liptovsky Mikulus,Junior World Championships,Time Trial,Time Trial,MCSLX,18,86,Paul LEHNER,LEHNER,Paul,GER,73.55,3.81,105.46%,,2024 Liptovsky Mikulus Junior World Championships,2024 Liptovsky Mikulus Junior World Championships MCSLX Paul LEHNER
2024,Liptovsky Mikulus,Junior World Championships,Time Trial,Time Trial,MCSLX,19,54,Hejie ZHANG,ZHANG,Hejie,CHN,73.67,3.93,105.64%,,2024 Liptovsky Mikulus Junior World Championships,2024 Liptovsky Mikulus Junior World Championships MCSLX Hejie ZHANG
2024,Liptovsky Mikulus,Junior World Championships,Time Trial,Time Trial,MCSLX,20,27,Michal KOPECEK,KOPECEK,Michal,CZE,73.7,3.96,105.68%,,2024 Liptovsky Mikulus Junior World Championships,2024 Liptovsky Mikulus Junior World Championships MCSLX Michal KOPECEK
2024,Liptovsky Mikulus,Junior World Championships,Time Trial,Time Trial,MCSLX,21,48,Elouan DEBLIQUY,DEBLIQUY,Elouan,FRA,73.73,3.99,105.72%,,2024 Liptovsky Mikulus Junior World Championships,2024 Liptovsky Mikulus Junior World Championships MCSLX Elouan DEBLIQUY
2024,Liptovsky Mikulus,Junior World Championships,Time Trial,Time Trial,MCSLX,22,72,Kristian ZVOLSKY,ZVOLSKY,Kristian,CZE,73.81,4.07,105.84%,,2024 Liptovsky Mikulus Junior World Championships,2024 Liptovsky Mikulus Junior World Championships MCSLX Kristian ZVOLSKY
2024,Liptovsky Mikulus,Junior World Championships,Time Trial,Time Trial,MCSLX,23,75,Jachym BURGER,BURGER,Jachym,CZE,74.1,4.36,106.25%,,2024 Liptovsky Mikulus Junior World Championships,2024 Liptovsky Mikulus Junior World Championships MCSLX Jachym BURGER
2024,Liptovsky Mikulus,Junior World Championships,Time Trial,Time Trial,MCSLX,24,56,Marek KULCZYCKI,KULCZYCKI,Marek,POL,74.15,4.41,106.32%,,2024 Liptovsky Mikulus Junior World Championships,2024 Liptovsky Mikulus Junior World Championships MCSLX Marek KULCZYCKI
2024,Liptovsky Mikulus,Junior World Championships,Time Trial,Time Trial,MCSLX,25,37,Arik BUETIKOFER,BUETIKOFER,Arik,SUI,74.25,4.51,106.47%,,2024 Liptovsky Mikulus Junior World Championships,2024 Liptovsky Mikulus Junior World Championships MCSLX Arik BUETIKOFER
2024,Liptovsky Mikulus,Junior World Championships,Time Trial,Time Trial,MCSLX,26,34,Rene JEKLIN,JEKLIN,Rene,SLO,74.65,4.91,107.04%,,2024 Liptovsky Mikulus Junior World Championships,2024 Liptovsky Mikulus Junior World Championships MCSLX Rene JEKLIN
2024,Liptovsky Mikulus,Junior World Championships,Time Trial,Time Trial,MCSLX,27,5,Isaac ZIMMERMAN,ZIMMERMAN,Isaac,CAN,74.8,5.06,107.26%,,2024 Liptovsky Mikulus Junior World Championships,2024 Liptovsky Mikulus Junior World Championships MCSLX Isaac ZIMMERMAN
2024,Liptovsky Mikulus,Junior World Championships,Time Trial,Time Trial,MCSLX,28,13,Lachlan FARADAY,FARADAY,Lachlan,CAN,74.9,5.16,107.40%,,2024 Liptovsky Mikulus Junior World Championships,2024 Liptovsky Mikulus Junior World Championships MCSLX Lachlan FARADAY
2024,Liptovsky Mikulus,Junior World Championships,Time Trial,Time Trial,MCSLX,29,85,Delfo BOSSHARD,BOSSHARD,Delfo,SUI,75.4,5.66,108.12%,,2024 Liptovsky Mikulus Junior World Championships,2024 Liptovsky Mikulus Junior World Championships MCSLX Delfo BOSSHARD
2024,Liptovsky Mikulus,Junior World Championships,Time Trial,Time Trial,MCSLX,30,49,Max STEINBRENNER,STEINBRENNER,Max,AUT,75.51,5.77,108.27%,,2024 Liptovsky Mikulus Junior World Championships,2024 Liptovsky Mikulus Junior World Championships MCSLX Max STEINBRENNER
2024,Liptovsky Mikulus,Junior World Championships,Time Trial,Time Trial,MCSLX,31,25,Callum BENDER,BENDER,Callum,CAN,75.63,5.89,108.45%,,2024 Liptovsky Mikulus Junior World Championships,2024 Liptovsky Mikulus Junior World Championships MCSLX Callum BENDER
2024,Liptovsky Mikulus,Junior World Championships,Time Trial,Time Trial,MCSLX,32,53,Jose Augusto VIEIRA DE SOUZA,VIEIRA DE SOUZA,Jose Augusto,BRA,75.86,6.12,108.78%,,2024 Liptovsky Mikulus Junior World Championships,2024 Liptovsky Mikulus Junior World Championships MCSLX Jose Augusto VIEIRA DE SOUZA
2024,Liptovsky Mikulus,Junior World Championships,Time Trial,Time Trial,MCSLX,33,19,Nils BIERMANS,BIERMANS,Nils,NED,75.87,6.13,108.79%,,2024 Liptovsky Mikulus Junior World Championships,2024 Liptovsky Mikulus Junior World Championships MCSLX Nils BIERMANS
2024,Liptovsky Mikulus,Junior World Championships,Time Trial,Time Trial,MCSLX,34,23,Oliver GOLDSMITH,GOLDSMITH,Oliver,NZL,75.87,6.13,108.79%,,2024 Liptovsky Mikulus Junior World Championships,2024 Liptovsky Mikulus Junior World Championships MCSLX Oliver GOLDSMITH
2024,Liptovsky Mikulus,Junior World Championships,Time Trial,Time Trial,MCSLX,35,15,Joseph SAMPSON,SAMPSON,Joseph,NZL,76.12,6.38,109.15%,,2024 Liptovsky Mikulus Junior World Championships,2024 Liptovsky Mikulus Junior World Championships MCSLX Joseph SAMPSON
2024,Liptovsky Mikulus,Junior World Championships,Time Trial,Time Trial,MCSLX,36,12,Yeonsu NA,NA,Yeonsu,KOR,76.23,6.49,109.31%,,2024 Liptovsky Mikulus Junior World Championships,2024 Liptovsky Mikulus Junior World Championships MCSLX Yeonsu NA
2024,Liptovsky Mikulus,Junior World Championships,Time Trial,Time Trial,MCSLX,37,79,Ondrej CECH,CECH,Ondrej,SVK,76.29,6.55,109.39%,,2024 Liptovsky Mikulus Junior World Championships,2024 Liptovsky Mikulus Junior World Championships MCSLX Ondrej CECH
2024,Liptovsky Mikulus,Junior World Championships,Time Trial,Time Trial,MCSLX,38,20,Bennett GEORGE,GEORGE,Bennett,USA,76.55,6.81,109.76%,,2024 Liptovsky Mikulus Junior World Championships,2024 Liptovsky Mikulus Junior World Championships MCSLX Bennett GEORGE
2024,Liptovsky Mikulus,Junior World Championships,Time Trial,Time Trial,MCSLX,39,61,Adrijus AVERKINAS,AVERKINAS,Adrijus,LTU,76.57,6.83,109.79%,,2024 Liptovsky Mikulus Junior World Championships,2024 Liptovsky Mikulus Junior World Championships MCSLX Adrijus AVERKINAS
2024,Liptovsky Mikulus,Junior World Championships,Time Trial,Time Trial,MCSLX,40,3,Hunter FLORISSON,FLORISSON,Hunter,AUS,76.61,6.87,109.85%,,2024 Liptovsky Mikulus Junior World Championships,2024 Liptovsky Mikulus Junior World Championships MCSLX Hunter FLORISSON
2024,Liptovsky Mikulus,Junior World Championships,Time Trial,Time Trial,MCSLX,41,52,Noah WILHELMER,WILHELMER,Noah,AUT,76.74,7,110.04%,,2024 Liptovsky Mikulus Junior World Championships,2024 Liptovsky Mikulus Junior World Championships MCSLX Noah WILHELMER
2024,Liptovsky Mikulus,Junior World Championships,Time Trial,Time Trial,MCSLX,42,74,Xingzhou MING,MING,Xingzhou,CHN,76.83,7.09,110.17%,,2024 Liptovsky Mikulus Junior World Championships,2024 Liptovsky Mikulus Junior World Championships MCSLX Xingzhou MING
2024,Liptovsky Mikulus,Junior World Championships,Time Trial,Time Trial,MCSLX,43,30,Kornelijus DAUNORAS,DAUNORAS,Kornelijus,LTU,76.98,7.24,110.38%,,2024 Liptovsky Mikulus Junior World Championships,2024 Liptovsky Mikulus Junior World Championships MCSLX Kornelijus DAUNORAS
2024,Liptovsky Mikulus,Junior World Championships,Time Trial,Time Trial,MCSLX,44,47,Igor PUCZEL,PUCZEL,Igor,POL,77.46,7.72,111.07%,,2024 Liptovsky Mikulus Junior World Championships,2024 Liptovsky Mikulus Junior World Championships MCSLX Igor PUCZEL
2024,Liptovsky Mikulus,Junior World Championships,Time Trial,Time Trial,MCSLX,45,76,Filip DUDA,DUDA,Filip,SVK,77.62,7.88,111.30%,,2024 Liptovsky Mikulus Junior World Championships,2024 Liptovsky Mikulus Junior World Championships MCSLX Filip DUDA
2024,Liptovsky Mikulus,Junior World Championships,Time Trial,Time Trial,MCSLX,46,44,Aaron KOFLER,KOFLER,Aaron,AUT,77.64,7.9,111.33%,,2024 Liptovsky Mikulus Junior World Championships,2024 Liptovsky Mikulus Junior World Championships MCSLX Aaron KOFLER
2024,Liptovsky Mikulus,Junior World Championships,Time Trial,Time Trial,MCSLX,47,59,Milo OBLINGER,OBLINGER,Milo,SUI,77.89,8.15,111.69%,,2024 Liptovsky Mikulus Junior World Championships,2024 Liptovsky Mikulus Junior World Championships MCSLX Milo OBLINGER
2024,Liptovsky Mikulus,Junior World Championships,Time Trial,Time Trial,MCSLX,48,68,Hasan Mert TASKIRAN,TASKIRAN,Hasan Mert,TUR,77.91,8.17,111.71%,,2024 Liptovsky Mikulus Junior World Championships,2024 Liptovsky Mikulus Junior World Championships MCSLX Hasan Mert TASKIRAN
2024,Liptovsky Mikulus,Junior World Championships,Time Trial,Time Trial,MCSLX,49,80,Nikita BOGDANOV,BOGDANOV,Nikita,KAZ,78.02,8.28,111.87%,,2024 Liptovsky Mikulus Junior World Championships,2024 Liptovsky Mikulus Junior World Championships MCSLX Nikita BOGDANOV
2024,Liptovsky Mikulus,Junior World Championships,Time Trial,Time Trial,MCSLX,50,55,Felix CORVALAN,CORVALAN,Felix,CHI,78.2,8.46,112.13%,,2024 Liptovsky Mikulus Junior World Championships,2024 Liptovsky Mikulus Junior World Championships MCSLX Felix CORVALAN
2024,Liptovsky Mikulus,Junior World Championships,Time Trial,Time Trial,MCSLX,51,82,Rokas POPIERA,POPIERA,Rokas,LTU,78.63,8.89,112.75%,,2024 Liptovsky Mikulus Junior World Championships,2024 Liptovsky Mikulus Junior World Championships MCSLX Rokas POPIERA
2024,Liptovsky Mikulus,Junior World Championships,Time Trial,Time Trial,MCSLX,52,1,Martins PLAUDIS,PLAUDIS,Martins,LAT,78.85,9.11,113.06%,,2024 Liptovsky Mikulus Junior World Championships,2024 Liptovsky Mikulus Junior World Championships MCSLX Martins PLAUDIS
2024,Liptovsky Mikulus,Junior World Championships,Time Trial,Time Trial,MCSLX,53,69,Dmytro SOKOLOV,SOKOLOV,Dmytro,UKR,79.12,9.38,113.45%,,2024 Liptovsky Mikulus Junior World Championships,2024 Liptovsky Mikulus Junior World Championships MCSLX Dmytro SOKOLOV
2024,Liptovsky Mikulus,Junior World Championships,Time Trial,Time Trial,MCSLX,54,6,Alexandr KOROBOV,KOROBOV,Alexandr,KAZ,79.46,9.72,113.94%,,2024 Liptovsky Mikulus Junior World Championships,2024 Liptovsky Mikulus Junior World Championships MCSLX Alexandr KOROBOV
2024,Liptovsky Mikulus,Junior World Championships,Time Trial,Time Trial,MCSLX,55,58,Finnigan BLACKBURN,BLACKBURN,Finnigan,USA,79.51,9.77,114.01%,,2024 Liptovsky Mikulus Junior World Championships,2024 Liptovsky Mikulus Junior World Championships MCSLX Finnigan BLACKBURN
2024,Liptovsky Mikulus,Junior World Championships,Time Trial,Time Trial,MCSLX,56,22,Carl FIANDER,FIANDER,Carl,SWE,79.63,9.89,114.18%,,2024 Liptovsky Mikulus Junior World Championships,2024 Liptovsky Mikulus Junior World Championships MCSLX Carl FIANDER
2024,Liptovsky Mikulus,Junior World Championships,Time Trial,Time Trial,MCSLX,57,57,Rostyslav MATVIIENKO,MATVIIENKO,Rostyslav,UKR,79.65,9.91,114.21%,,2024 Liptovsky Mikulus Junior World Championships,2024 Liptovsky Mikulus Junior World Championships MCSLX Rostyslav MATVIIENKO
2024,Liptovsky Mikulus,Junior World Championships,Time Trial,Time Trial,MCSLX,58,71,Ioannis ZACHOS,ZACHOS,Ioannis,GRE,79.85,10.11,114.50%,,2024 Liptovsky Mikulus Junior World Championships,2024 Liptovsky Mikulus Junior World Championships MCSLX Ioannis ZACHOS
2024,Liptovsky Mikulus,Junior World Championships,Time Trial,Time Trial,MCSLX,59,36,Michal SMIESKO,SMIESKO,Michal,CAN,79.97,10.23,114.67%,,2024 Liptovsky Mikulus Junior World Championships,2024 Liptovsky Mikulus Junior World Championships MCSLX Michal SMIESKO
2024,Liptovsky Mikulus,Junior World Championships,Time Trial,Time Trial,MCSLX,60,66,Aditya PATHIYAL,PATHIYAL,Aditya,USA,80.6,10.86,115.57%,,2024 Liptovsky Mikulus Junior World Championships,2024 Liptovsky Mikulus Junior World Championships MCSLX Aditya PATHIYAL
2024,Liptovsky Mikulus,Junior World Championships,Time Trial,Time Trial,MCSLX,61,67,Jakob SEEBACHER,SEEBACHER,Jakob,AUT,80.76,11.02,115.80%,,2024 Liptovsky Mikulus Junior World Championships,2024 Liptovsky Mikulus Junior World Championships MCSLX Jakob SEEBACHER
2024,Liptovsky Mikulus,Junior World Championships,Time Trial,Time Trial,MCSLX,62,45,Arkhyp KRACHKO,KRACHKO,Arkhyp,UKR,80.81,11.07,115.87%,,2024 Liptovsky Mikulus Junior World Championships,2024 Liptovsky Mikulus Junior World Championships MCSLX Arkhyp KRACHKO
2024,Liptovsky Mikulus,Junior World Championships,Time Trial,Time Trial,MCSLX,63,11,Bryson LONG,LONG,Bryson,USA,80.94,11.2,116.06%,,2024 Liptovsky Mikulus Junior World Championships,2024 Liptovsky Mikulus Junior World Championships MCSLX Bryson LONG
2024,Liptovsky Mikulus,Junior World Championships,Time Trial,Time Trial,MCSLX,64,26,Raage MAGAN,MAGAN,Raage,DJI,81.1,11.36,116.29%,,2024 Liptovsky Mikulus Junior World Championships,2024 Liptovsky Mikulus Junior World Championships MCSLX Raage MAGAN
2024,Liptovsky Mikulus,Junior World Championships,Time Trial,Time Trial,MCSLX,65,50,Ilija GJORGJIEV,GJORGJIEV,Ilija,MKD,81.52,11.78,116.89%,,2024 Liptovsky Mikulus Junior World Championships,2024 Liptovsky Mikulus Junior World Championships MCSLX Ilija GJORGJIEV
2024,Liptovsky Mikulus,Junior World Championships,Time Trial,Time Trial,MCSLX,66,43,Martins MACIJAUSKS,MACIJAUSKS,Martins,LAT,83,13.26,119.01%,,2024 Liptovsky Mikulus Junior World Championships,2024 Liptovsky Mikulus Junior World Championships MCSLX Martins MACIJAUSKS
2024,Liptovsky Mikulus,Junior World Championships,Time Trial,Time Trial,MCSLX,67,63,Juan Antonio CARRASCO CADILLO,CARRASCO CADILLO,Juan Antonio,PER,83.59,13.85,119.86%,,2024 Liptovsky Mikulus Junior World Championships,2024 Liptovsky Mikulus Junior World Championships MCSLX Juan Antonio CARRASCO CADILLO
2024,Liptovsky Mikulus,Junior World Championships,Time Trial,Time Trial,MCSLX,68,77,Nantipat ONGCHIT,ONGCHIT,Nantipat,THA,83.78,14.04,120.13%,,2024 Liptovsky Mikulus Junior World Championships,2024 Liptovsky Mikulus Junior World Championships MCSLX Nantipat ONGCHIT
2024,Liptovsky Mikulus,Junior World Championships,Time Trial,Time Trial,MCSLX,69,38,Sergei ANTONOV,ANTONOV,Sergei,KAZ,84.25,14.51,120.81%,,2024 Liptovsky Mikulus Junior World Championships,2024 Liptovsky Mikulus Junior World Championships MCSLX Sergei ANTONOV
2024,Liptovsky Mikulus,Junior World Championships,Time Trial,Time Trial,MCSLX,70,81,Andrej ARSOVSKI,ARSOVSKI,Andrej,MKD,84.59,14.85,121.29%,,2024 Liptovsky Mikulus Junior World Championships,2024 Liptovsky Mikulus Junior World Championships MCSLX Andrej ARSOVSKI
2024,Liptovsky Mikulus,Junior World Championships,Time Trial,Time Trial,MCSLX,71,64,Adrian LIGNE,LIGNE,Adrian,SWE,84.92,15.18,121.77%,,2024 Liptovsky Mikulus Junior World Championships,2024 Liptovsky Mikulus Junior World Championships MCSLX Adrian LIGNE
2024,Liptovsky Mikulus,Junior World Championships,Time Trial,Time Trial,MCSLX,72,28,Kristijan SMILEV,SMILEV,Kristijan,MKD,86.22,16.48,123.63%,,2024 Liptovsky Mikulus Junior World Championships,2024 Liptovsky Mikulus Junior World Championships MCSLX Kristijan SMILEV
2024,Liptovsky Mikulus,Junior World Championships,Time Trial,Time Trial,MCSLX,73,83,Loic LAMBERMONT,LAMBERMONT,Loic,NED,93.52,23.78,134.10%,,2024 Liptovsky Mikulus Junior World Championships,2024 Liptovsky Mikulus Junior World Championships MCSLX Loic LAMBERMONT
2024,Liptovsky Mikulus,Junior World Championships,Time Trial,Time Trial,MCSLX,74,60,David BECKE,BECKE,David,GER,72.49,2.75,103.94%,FLT (7),2024 Liptovsky Mikulus Junior World Championships,2024 Liptovsky Mikulus Junior World Championships MCSLX David BECKE
2024,Liptovsky Mikulus,Junior World Championships,Time Trial,Time Trial,MCSLX,75,62,Jonas HEGER,HEGER,Jonas,CZE,72.97,3.23,104.63%,FLT (7),2024 Liptovsky Mikulus Junior World Championships,2024 Liptovsky Mikulus Junior World Championships MCSLX Jonas HEGER
2024,Liptovsky Mikulus,Junior World Championships,Time Trial,Time Trial,MCSLX,76,84,Huiming LI,LI,Huiming,CHN,73.39,3.65,105.23%,FLT (7),2024 Liptovsky Mikulus Junior World Championships,2024 Liptovsky Mikulus Junior World Championships MCSLX Huiming LI
2024,Liptovsky Mikulus,Junior World Championships,Time Trial,Time Trial,MCSLX,77,18,Sevan BILLAUT,BILLAUT,Sevan,AUS,74.1,4.36,106.25%,FLT (7),2024 Liptovsky Mikulus Junior World Championships,2024 Liptovsky Mikulus Junior World Championships MCSLX Sevan BILLAUT
2024,Liptovsky Mikulus,Junior World Championships,Time Trial,Time Trial,MCSLX,78,73,Michal SZOSTAK,SZOSTAK,Michal,POL,74.18,4.44,106.37%,FLT (7),2024 Liptovsky Mikulus Junior World Championships,2024 Liptovsky Mikulus Junior World Championships MCSLX Michal SZOSTAK
2024,Liptovsky Mikulus,Junior World Championships,Time Trial,Time Trial,MCSLX,79,65,Matthew VAN HEERDEN,VAN HEERDEN,Matthew,RSA,89.22,19.48,127.93%,FLT (6),2024 Liptovsky Mikulus Junior World Championships,2024 Liptovsky Mikulus Junior World Championships MCSLX Matthew VAN HEERDEN
2024,Liptovsky Mikulus,Junior World Championships,Time Trial,Time Trial,MCSLX,80,21,Dominic KASPER,KASPER,Dominic,SUI,76.07,6.33,109.08%,FLT (5),2024 Liptovsky Mikulus Junior World Championships,2024 Liptovsky Mikulus Junior World Championships MCSLX Dominic KASPER
2024,Liptovsky Mikulus,Junior World Championships,Time Trial,Time Trial,MCSLX,81,32,Scott RITCHIE,RITCHIE,Scott,GBR,75.95,6.21,108.90%,FLT (1),2024 Liptovsky Mikulus Junior World Championships,2024 Liptovsky Mikulus Junior World Championships MCSLX Scott RITCHIE
2024,Liptovsky Mikulus,Junior World Championships,Time Trial,Time Trial,MCSLX,82,46,Zihuan CHEN,CHEN,Zihuan,CHN,77.94,8.2,111.76%,FLT (1),2024 Liptovsky Mikulus Junior World Championships,2024 Liptovsky Mikulus Junior World Championships MCSLX Zihuan CHEN
2024,Liptovsky Mikulus,Junior World Championships,Time Trial,Time Trial,MCSLX,83,9,James STAMP,STAMP,James,AUS,76.86,7.12,110.21%,,2024 Liptovsky Mikulus Junior World Championships,2024 Liptovsky Mikulus Junior World Championships MCSLX James STAMP
2024,Liptovsky Mikulus,Junior World Championships,Time Trial,Time Trial,MCSLX,84,42,Aar MAGAN,MAGAN,Aar,DJI,100.58,30.84,144.22%,,2024 Liptovsky Mikulus Junior World Championships,2024 Liptovsky Mikulus Junior World Championships MCSLX Aar MAGAN
2024,Liptovsky Mikulus,U23 World Championships,Brackets,Final,MCSLX,1,,Gael ADISSON,ADISSON,Gael,FRA,,,,,2024 Liptovsky Mikulus U23 World Championships,2024 Liptovsky Mikulus U23 World Championships MCSLX Gael ADISSON
2024,Liptovsky Mikulus,U23 World Championships,Brackets,Final,MCSLX,2,,Anatole DELASSUS,DELASSUS,Anatole,FRA,,,,,2024 Liptovsky Mikulus U23 World Championships,2024 Liptovsky Mikulus U23 World Championships MCSLX Anatole DELASSUS
2024,Liptovsky Mikulus,U23 World Championships,Brackets,Final,MCSLX,3,,Matyas NOVAK,NOVAK,Matyas,CZE,,,,,2024 Liptovsky Mikulus U23 World Championships,2024 Liptovsky Mikulus U23 World Championships MCSLX Matyas NOVAK
2024,Liptovsky Mikulus,U23 World Championships,Brackets,Final,MCSLX,4,,Tadeusz KUCHNO,KUCHNO,Tadeusz,POL,,,,,2024 Liptovsky Mikulus U23 World Championships,2024 Liptovsky Mikulus U23 World Championships MCSLX Tadeusz KUCHNO
2024,Liptovsky Mikulus,U23 World Championships,Brackets,Semi-Final,MCSLX,5,,Jonny DICKSON,DICKSON,Jonny,GBR,,,,,2024 Liptovsky Mikulus U23 World Championships,2024 Liptovsky Mikulus U23 World Championships MCSLX Jonny DICKSON
2024,Liptovsky Mikulus,U23 World Championships,Brackets,Semi-Final,MCSLX,6,,Jakub KREJCI,KREJCI,Jakub,CZE,,,,,2024 Liptovsky Mikulus U23 World Championships,2024 Liptovsky Mikulus U23 World Championships MCSLX Jakub KREJCI
2024,Liptovsky Mikulus,U23 World Championships,Brackets,Semi-Final,MCSLX,7,,Maxime AUBERTIN,AUBERTIN,Maxime,BEL,,,,,2024 Liptovsky Mikulus U23 World Championships,2024 Liptovsky Mikulus U23 World Championships MCSLX Maxime AUBERTIN
2024,Liptovsky Mikulus,U23 World Championships,Brackets,Semi-Final,MCSLX,8,,Kyler James LONG,LONG,Kyler James,USA,,,,,2024 Liptovsky Mikulus U23 World Championships,2024 Liptovsky Mikulus U23 World Championships MCSLX Kyler James LONG
2024,Liptovsky Mikulus,U23 World Championships,Brackets,Quarter-Final,MCSLX,9,,Alex BALDONI,BALDONI,Alex,CAN,,,,,2024 Liptovsky Mikulus U23 World Championships,2024 Liptovsky Mikulus U23 World Championships MCSLX Alex BALDONI
2024,Liptovsky Mikulus,U23 World Championships,Brackets,Quarter-Final,MCSLX,10,,Nicholas COLLIER,COLLIER,Nicholas,NZL,,,,,2024 Liptovsky Mikulus U23 World Championships,2024 Liptovsky Mikulus U23 World Championships MCSLX Nicholas COLLIER
2024,Liptovsky Mikulus,U23 World Championships,Brackets,Quarter-Final,MCSLX,11,,Dominic CURTIN,CURTIN,Dominic,AUS,,,,,2024 Liptovsky Mikulus U23 World Championships,2024 Liptovsky Mikulus U23 World Championships MCSLX Dominic CURTIN
2024,Liptovsky Mikulus,U23 World Championships,Brackets,Quarter-Final,MCSLX,12,,Jonas BUECHNER,BUECHNER,Jonas,GER,,,,,2024 Liptovsky Mikulus U23 World Championships,2024 Liptovsky Mikulus U23 World Championships MCSLX Jonas BUECHNER
2024,Liptovsky Mikulus,U23 World Championships,Brackets,Quarter-Final,MCSLX,13,,Thomas MAYER,MAYER,Thomas,GBR,,,,,2024 Liptovsky Mikulus U23 World Championships,2024 Liptovsky Mikulus U23 World Championships MCSLX Thomas MAYER
2024,Liptovsky Mikulus,U23 World Championships,Brackets,Quarter-Final,MCSLX,14,,Angel PETRUSHEV,PETRUSHEV,Angel,MKD,,,,,2024 Liptovsky Mikulus U23 World Championships,2024 Liptovsky Mikulus U23 World Championships MCSLX Angel PETRUSHEV
2024,Liptovsky Mikulus,U23 World Championships,Brackets,Quarter-Final,MCSLX,15,,Yusuke MUTO,MUTO,Yusuke,JPN,,,,,2024 Liptovsky Mikulus U23 World Championships,2024 Liptovsky Mikulus U23 World Championships MCSLX Yusuke MUTO
2024,Liptovsky Mikulus,U23 World Championships,Brackets,Quarter-Final,MCSLX,16,,Zhaoshan HU,HU,Zhaoshan,CHN,,,,,2024 Liptovsky Mikulus U23 World Championships,2024 Liptovsky Mikulus U23 World Championships MCSLX Zhaoshan HU
2024,Liptovsky Mikulus,U23 World Championships,Brackets,Heats,MCSLX,17,,Pitt ROHRER,ROHRER,Pitt,SUI,,,,,2024 Liptovsky Mikulus U23 World Championships,2024 Liptovsky Mikulus U23 World Championships MCSLX Pitt ROHRER
2024,Liptovsky Mikulus,U23 World Championships,Brackets,Heats,MCSLX,18,,Miquel FARRAN,FARRAN,Miquel,ESP,,,,,2024 Liptovsky Mikulus U23 World Championships,2024 Liptovsky Mikulus U23 World Championships MCSLX Miquel FARRAN
2024,Liptovsky Mikulus,U23 World Championships,Brackets,Heats,MCSLX,19,,Leo VUITTON,VUITTON,Leo,FRA,,,,,2024 Liptovsky Mikulus U23 World Championships,2024 Liptovsky Mikulus U23 World Championships MCSLX Leo VUITTON
2024,Liptovsky Mikulus,U23 World Championships,Brackets,Heats,MCSLX,20,,Mikolaj MASTALSKI,MASTALSKI,Mikolaj,POL,,,,,2024 Liptovsky Mikulus U23 World Championships,2024 Liptovsky Mikulus U23 World Championships MCSLX Mikolaj MASTALSKI
2024,Liptovsky Mikulus,U23 World Championships,Brackets,Heats,MCSLX,21,,Tommaso PANICO,PANICO,Tommaso,ITA,,,,,2024 Liptovsky Mikulus U23 World Championships,2024 Liptovsky Mikulus U23 World Championships MCSLX Tommaso PANICO
2024,Liptovsky Mikulus,U23 World Championships,Brackets,Heats,MCSLX,22,,Moritz KREMSLEHNER,KREMSLEHNER,Moritz,AUT,,,,,2024 Liptovsky Mikulus U23 World Championships,2024 Liptovsky Mikulus U23 World Championships MCSLX Moritz KREMSLEHNER
2024,Liptovsky Mikulus,U23 World Championships,Brackets,Heats,MCSLX,23,,Salim JEMAI,JEMAI,Salim,TUN,,,,,2024 Liptovsky Mikulus U23 World Championships,2024 Liptovsky Mikulus U23 World Championships MCSLX Salim JEMAI
2024,Liptovsky Mikulus,U23 World Championships,Brackets,Heats,MCSLX,24,,Imangali MAMBETOV,MAMBETOV,Imangali,KAZ,,,,,2024 Liptovsky Mikulus U23 World Championships,2024 Liptovsky Mikulus U23 World Championships MCSLX Imangali MAMBETOV
2024,Liptovsky Mikulus,U23 World Championships,Brackets,Heats,MCSLX,25,,Xabier FERRAZZI,FERRAZZI,Xabier,ITA,,,,,2024 Liptovsky Mikulus U23 World Championships,2024 Liptovsky Mikulus U23 World Championships MCSLX Xabier FERRAZZI
2024,Liptovsky Mikulus,U23 World Championships,Brackets,Heats,MCSLX,26,,Joris HELLO,HELLO,Joris,FRA,,,,,2024 Liptovsky Mikulus U23 World Championships,2024 Liptovsky Mikulus U23 World Championships MCSLX Joris HELLO
2024,Liptovsky Mikulus,U23 World Championships,Brackets,Heats,MCSLX,27,,Manel CONTRERAS,CONTRERAS,Manel,ESP,,,,,2024 Liptovsky Mikulus U23 World Championships,2024 Liptovsky Mikulus U23 World Championships MCSLX Manel CONTRERAS
2024,Liptovsky Mikulus,U23 World Championships,Brackets,Heats,MCSLX,29,,Jus JAVORNIK,JAVORNIK,Jus,SLO,,,,,2024 Liptovsky Mikulus U23 World Championships,2024 Liptovsky Mikulus U23 World Championships MCSLX Jus JAVORNIK
2024,Liptovsky Mikulus,U23 World Championships,Brackets,Heats,MCSLX,30,,Artem IVCHENKO,IVCHENKO,Artem,UKR,,,,,2024 Liptovsky Mikulus U23 World Championships,2024 Liptovsky Mikulus U23 World Championships MCSLX Artem IVCHENKO
2024,Liptovsky Mikulus,U23 World Championships,Brackets,Heats,MCSLX,31,,Filip STANKO,STANKO,Filip,SVK,,,,,2024 Liptovsky Mikulus U23 World Championships,2024 Liptovsky Mikulus U23 World Championships MCSLX Filip STANKO
2024,Liptovsky Mikulus,U23 World Championships,Brackets,Heats,MCSLX,32,,Thomas UKALOVIC,UKALOVIC,Thomas,CRO,,,,,2024 Liptovsky Mikulus U23 World Championships,2024 Liptovsky Mikulus U23 World Championships MCSLX Thomas UKALOVIC
2024,Liptovsky Mikulus,Junior World Championships,Brackets,Final,MCSLX,1,,Faust CLOTET JUANMARTI,CLOTET JUANMARTI,Faust,ESP,,,,,2024 Liptovsky Mikulus Junior World Championships,2024 Liptovsky Mikulus Junior World Championships MCSLX Faust CLOTET JUANMARTI
2024,Liptovsky Mikulus,Junior World Championships,Brackets,Final,MCSLX,2,,Ziga Lin HOCEVAR,HOCEVAR,Ziga Lin,SLO,,,,,2024 Liptovsky Mikulus Junior World Championships,2024 Liptovsky Mikulus Junior World Championships MCSLX Ziga Lin HOCEVAR
2024,Liptovsky Mikulus,Junior World Championships,Brackets,Final,MCSLX,3,,Jonah HANRAHAN,HANRAHAN,Jonah,GBR,,,,,2024 Liptovsky Mikulus Junior World Championships,2024 Liptovsky Mikulus Junior World Championships MCSLX Jonah HANRAHAN
2024,Liptovsky Mikulus,Junior World Championships,Brackets,Final,MCSLX,4,,Ianis TRIOMPHE,TRIOMPHE,Ianis,FRA,,,,,2024 Liptovsky Mikulus Junior World Championships,2024 Liptovsky Mikulus Junior World Championships MCSLX Ianis TRIOMPHE
2024,Liptovsky Mikulus,Junior World Championships,Brackets,Semi-Final,MCSLX,5,,Martin CORNU,CORNU,Martin,FRA,,,,,2024 Liptovsky Mikulus Junior World Championships,2024 Liptovsky Mikulus Junior World Championships MCSLX Martin CORNU
2024,Liptovsky Mikulus,Junior World Championships,Brackets,Semi-Final,MCSLX,6,,David SKUBIK,SKUBIK,David,SVK,,,,,2024 Liptovsky Mikulus Junior World Championships,2024 Liptovsky Mikulus Junior World Championships MCSLX David SKUBIK
2024,Liptovsky Mikulus,Junior World Championships,Brackets,Semi-Final,MCSLX,7,,Merle LONG,LONG,Merle,AUS,,,,,2024 Liptovsky Mikulus Junior World Championships,2024 Liptovsky Mikulus Junior World Championships MCSLX Merle LONG
2024,Liptovsky Mikulus,Junior World Championships,Brackets,Semi-Final,MCSLX,8,,Jan VICENTE,VICENTE,Jan,ESP,,,,,2024 Liptovsky Mikulus Junior World Championships,2024 Liptovsky Mikulus Junior World Championships MCSLX Jan VICENTE
2024,Liptovsky Mikulus,Junior World Championships,Brackets,Quarter-Final,MCSLX,9,,Azuka MBELU,MBELU,Azuka,ESP,,,,,2024 Liptovsky Mikulus Junior World Championships,2024 Liptovsky Mikulus Junior World Championships MCSLX Azuka MBELU
2024,Liptovsky Mikulus,Junior World Championships,Brackets,Quarter-Final,MCSLX,10,,Matyas KORINEK,KORINEK,Matyas,SVK,,,,,2024 Liptovsky Mikulus Junior World Championships,2024 Liptovsky Mikulus Junior World Championships MCSLX Matyas KORINEK
2024,Liptovsky Mikulus,Junior World Championships,Brackets,Quarter-Final,MCSLX,11,,Felix SACHERS,SACHERS,Felix,GER,,,,,2024 Liptovsky Mikulus Junior World Championships,2024 Liptovsky Mikulus Junior World Championships MCSLX Felix SACHERS
2024,Liptovsky Mikulus,Junior World Championships,Brackets,Quarter-Final,MCSLX,12,,Paul LEHNER,LEHNER,Paul,GER,,,,,2024 Liptovsky Mikulus Junior World Championships,2024 Liptovsky Mikulus Junior World Championships MCSLX Paul LEHNER
2024,Liptovsky Mikulus,Junior World Championships,Brackets,Quarter-Final,MCSLX,13,,Titouan ESTANGUET,ESTANGUET,Titouan,FRA,,,,,2024 Liptovsky Mikulus Junior World Championships,2024 Liptovsky Mikulus Junior World Championships MCSLX Titouan ESTANGUET
2024,Liptovsky Mikulus,Junior World Championships,Brackets,Quarter-Final,MCSLX,14,,Gwion WILLIAMS,WILLIAMS,Gwion,GBR,,,,,2024 Liptovsky Mikulus Junior World Championships,2024 Liptovsky Mikulus Junior World Championships MCSLX Gwion WILLIAMS
2024,Liptovsky Mikulus,Junior World Championships,Brackets,Quarter-Final,MCSLX,15,,Arik BUETIKOFER,BUETIKOFER,Arik,SUI,,,,,2024 Liptovsky Mikulus Junior World Championships,2024 Liptovsky Mikulus Junior World Championships MCSLX Arik BUETIKOFER
2024,Liptovsky Mikulus,Junior World Championships,Brackets,Quarter-Final,MCSLX,16,,Isaac ZIMMERMAN,ZIMMERMAN,Isaac,CAN,,,,,2024 Liptovsky Mikulus Junior World Championships,2024 Liptovsky Mikulus Junior World Championships MCSLX Isaac ZIMMERMAN
2024,Liptovsky Mikulus,Junior World Championships,Brackets,Heats,MCSLX,17,,Oier DIAZ,DIAZ,Oier,ESP,,,,,2024 Liptovsky Mikulus Junior World Championships,2024 Liptovsky Mikulus Junior World Championships MCSLX Oier DIAZ
2024,Liptovsky Mikulus,Junior World Championships,Brackets,Heats,MCSLX,18,,Luis HARTMANN,HARTMANN,Luis,GER,,,,,2024 Liptovsky Mikulus Junior World Championships,2024 Liptovsky Mikulus Junior World Championships MCSLX Luis HARTMANN
2024,Liptovsky Mikulus,Junior World Championships,Brackets,Heats,MCSLX,19,,Oscar WYLLIE,WYLLIE,Oscar,GBR,,,,,2024 Liptovsky Mikulus Junior World Championships,2024 Liptovsky Mikulus Junior World Championships MCSLX Oscar WYLLIE
2024,Liptovsky Mikulus,Junior World Championships,Brackets,Heats,MCSLX,20,,Marek KULCZYCKI,KULCZYCKI,Marek,POL,,,,,2024 Liptovsky Mikulus Junior World Championships,2024 Liptovsky Mikulus Junior World Championships MCSLX Marek KULCZYCKI
2024,Liptovsky Mikulus,Junior World Championships,Brackets,Heats,MCSLX,21,,Max STEINBRENNER,STEINBRENNER,Max,AUT,,,,,2024 Liptovsky Mikulus Junior World Championships,2024 Liptovsky Mikulus Junior World Championships MCSLX Max STEINBRENNER
2024,Liptovsky Mikulus,Junior World Championships,Brackets,Heats,MCSLX,22,,Nils BIERMANS,BIERMANS,Nils,NED,,,,,2024 Liptovsky Mikulus Junior World Championships,2024 Liptovsky Mikulus Junior World Championships MCSLX Nils BIERMANS
2024,Liptovsky Mikulus,Junior World Championships,Brackets,Heats,MCSLX,23,,Bennett GEORGE,GEORGE,Bennett,USA,,,,,2024 Liptovsky Mikulus Junior World Championships,2024 Liptovsky Mikulus Junior World Championships MCSLX Bennett GEORGE
2024,Liptovsky Mikulus,Junior World Championships,Brackets,Heats,MCSLX,24,,Adrijus AVERKINAS,AVERKINAS,Adrijus,LTU,,,,,2024 Liptovsky Mikulus Junior World Championships,2024 Liptovsky Mikulus Junior World Championships MCSLX Adrijus AVERKINAS
2024,Liptovsky Mikulus,Junior World Championships,Brackets,Heats,MCSLX,25,,Michele PISTONI,PISTONI,Michele,ITA,,,,,2024 Liptovsky Mikulus Junior World Championships,2024 Liptovsky Mikulus Junior World Championships MCSLX Michele PISTONI
2024,Liptovsky Mikulus,Junior World Championships,Brackets,Heats,MCSLX,26,,Hejie ZHANG,ZHANG,Hejie,CHN,,,,,2024 Liptovsky Mikulus Junior World Championships,2024 Liptovsky Mikulus Junior World Championships MCSLX Hejie ZHANG
2024,Liptovsky Mikulus,Junior World Championships,Brackets,Heats,MCSLX,27,,Michal KOPECEK,KOPECEK,Michal,CZE,,,,,2024 Liptovsky Mikulus Junior World Championships,2024 Liptovsky Mikulus Junior World Championships MCSLX Michal KOPECEK
2024,Liptovsky Mikulus,Junior World Championships,Brackets,Heats,MCSLX,28,,Jose Augusto VIEIRA DE SOUZA,VIEIRA DE SOUZA,Jose Augusto,BRA,,,,,2024 Liptovsky Mikulus Junior World Championships,2024 Liptovsky Mikulus Junior World Championships MCSLX Jose Augusto VIEIRA DE SOUZA
2024,Liptovsky Mikulus,Junior World Championships,Brackets,Heats,MCSLX,29,,Oliver GOLDSMITH,GOLDSMITH,Oliver,NZL,,,,,2024 Liptovsky Mikulus Junior World Championships,2024 Liptovsky Mikulus Junior World Championships MCSLX Oliver GOLDSMITH
2024,Liptovsky Mikulus,Junior World Championships,Brackets,Heats,MCSLX,30,,Yeonsu NA,NA,Yeonsu,KOR,,,,,2024 Liptovsky Mikulus Junior World Championships,2024 Liptovsky Mikulus Junior World Championships MCSLX Yeonsu NA
2024,Liptovsky Mikulus,Junior World Championships,Brackets,Heats,MCSLX,31,,Hasan Mert TASKIRAN,TASKIRAN,Hasan Mert,TUR,,,,,2024 Liptovsky Mikulus Junior World Championships,2024 Liptovsky Mikulus Junior World Championships MCSLX Hasan Mert TASKIRAN
2024,Liptovsky Mikulus,Junior World Championships,Brackets,Heats,MCSLX,32,,Nikita BOGDANOV,BOGDANOV,Nikita,KAZ,,,,,2024 Liptovsky Mikulus Junior World Championships,2024 Liptovsky Mikulus Junior World Championships MCSLX Nikita BOGDANOV
2023,Krakow,Junior World Championships,Time Trial,Time Trial,WCSLX,1,16,Klara KNEBLOVA,KNEBLOVA,Klara,CZE,60.37,0,100.00%,,2023 Krakow Junior World Championships,2023 Krakow Junior World Championships WCSLX Klara KNEBLOVA
2023,Krakow,Junior World Championships,Time Trial,Time Trial,WCSLX,2,2,Haizea SEGURA,SEGURA,Haizea,ESP,61.27,0.9,101.49%,,2023 Krakow Junior World Championships,2023 Krakow Junior World Championships WCSLX Haizea SEGURA
2023,Krakow,Junior World Championships,Time Trial,Time Trial,WCSLX,3,39,Christin HEYDENREICH,HEYDENREICH,Christin,GER,61.39,1.02,101.69%,,2023 Krakow Junior World Championships,2023 Krakow Junior World Championships WCSLX Christin HEYDENREICH
2023,Krakow,Junior World Championships,Time Trial,Time Trial,WCSLX,4,21,Eyleen VUILLEUMIER,VUILLEUMIER,Eyleen,SUI,61.53,1.16,101.92%,,2023 Krakow Junior World Championships,2023 Krakow Junior World Championships WCSLX Eyleen VUILLEUMIER
2023,Krakow,Junior World Championships,Time Trial,Time Trial,WCSLX,5,25,Nina PESCE-ROUE,PESCE-ROUE,Nina,FRA,62.07,1.7,102.82%,,2023 Krakow Junior World Championships,2023 Krakow Junior World Championships WCSLX Nina PESCE-ROUE
2023,Krakow,Junior World Championships,Time Trial,Time Trial,WCSLX,6,34,Bara GALUSKOVA,GALUSKOVA,Bara,CZE,62.32,1.95,103.23%,,2023 Krakow Junior World Championships,2023 Krakow Junior World Championships WCSLX Bara GALUSKOVA
2023,Krakow,Junior World Championships,Time Trial,Time Trial,WCSLX,7,15,Arina KONTCHAKOV,KONTCHAKOV,Arina,GBR,62.36,1.99,103.30%,,2023 Krakow Junior World Championships,2023 Krakow Junior World Championships WCSLX Arina KONTCHAKOV
2023,Krakow,Junior World Championships,Time Trial,Time Trial,WCSLX,8,29,Klara MRAZKOVA,MRAZKOVA,Klara,CZE,62.53,2.16,103.58%,,2023 Krakow Junior World Championships,2023 Krakow Junior World Championships WCSLX Klara MRAZKOVA
2023,Krakow,Junior World Championships,Time Trial,Time Trial,WCSLX,9,36,Anna SIMONA,SIMONA,Anna,ESP,62.82,2.45,104.06%,,2023 Krakow Junior World Championships,2023 Krakow Junior World Championships WCSLX Anna SIMONA
2023,Krakow,Junior World Championships,Time Trial,Time Trial,WCSLX,10,4,Naja PINTERIC,PINTERIC,Naja,SLO,62.93,2.56,104.24%,,2023 Krakow Junior World Championships,2023 Krakow Junior World Championships WCSLX Naja PINTERIC
2023,Krakow,Junior World Championships,Time Trial,Time Trial,WCSLX,11,17,Jessica DUC,DUC,Jessica,SUI,63.47,3.1,105.14%,,2023 Krakow Junior World Championships,2023 Krakow Junior World Championships WCSLX Jessica DUC
2023,Krakow,Junior World Championships,Time Trial,Time Trial,WCSLX,12,37,Izar GARCIA,GARCIA,Izar,ESP,63.54,3.17,105.25%,,2023 Krakow Junior World Championships,2023 Krakow Junior World Championships WCSLX Izar GARCIA
2023,Krakow,Junior World Championships,Time Trial,Time Trial,WCSLX,13,19,Hannah RHODES,RHODES,Hannah,GBR,63.7,3.33,105.52%,,2023 Krakow Junior World Championships,2023 Krakow Junior World Championships WCSLX Hannah RHODES
2023,Krakow,Junior World Championships,Time Trial,Time Trial,WCSLX,14,9,Paulina PIRRO,PIRRO,Paulina,GER,63.73,3.36,105.57%,,2023 Krakow Junior World Championships,2023 Krakow Junior World Championships WCSLX Paulina PIRRO
2023,Krakow,Junior World Championships,Time Trial,Time Trial,WCSLX,15,22,Lena QUEMERAIS,QUEMERAIS,Lena,FRA,63.81,3.44,105.70%,,2023 Krakow Junior World Championships,2023 Krakow Junior World Championships WCSLX Lena QUEMERAIS
2023,Krakow,Junior World Championships,Time Trial,Time Trial,WCSLX,16,1,Florencia AGUIRRE GONZALEZ,AGUIRRE GONZALEZ,Florencia,CHI,64.16,3.79,106.28%,,2023 Krakow Junior World Championships,2023 Krakow Junior World Championships WCSLX Florencia AGUIRRE GONZALEZ
2023,Krakow,Junior World Championships,Time Trial,Time Trial,WCSLX,17,5,Ainara GOIKOETXEA,GOIKOETXEA,Ainara,ESP,64.35,3.98,106.59%,,2023 Krakow Junior World Championships,2023 Krakow Junior World Championships WCSLX Ainara GOIKOETXEA
2023,Krakow,Junior World Championships,Time Trial,Time Trial,WCSLX,18,3,Laura PLATA,PLATA,Laura,USA,64.39,4.02,106.66%,,2023 Krakow Junior World Championships,2023 Krakow Junior World Championships WCSLX Laura PLATA
2023,Krakow,Junior World Championships,Time Trial,Time Trial,WCSLX,19,14,Charlotte WILD,WILD,Charlotte,GER,64.65,4.28,107.09%,,2023 Krakow Junior World Championships,2023 Krakow Junior World Championships WCSLX Charlotte WILD
2023,Krakow,Junior World Championships,Time Trial,Time Trial,WCSLX,20,49,Karolina LUKACOVA,LUKACOVA,Karolina,SVK,64.69,4.32,107.16%,,2023 Krakow Junior World Championships,2023 Krakow Junior World Championships WCSLX Karolina LUKACOVA
2023,Krakow,Junior World Championships,Time Trial,Time Trial,WCSLX,21,40,Momoka NAGASU,NAGASU,Momoka,JPN,64.93,4.56,107.55%,,2023 Krakow Junior World Championships,2023 Krakow Junior World Championships WCSLX Momoka NAGASU
2023,Krakow,Junior World Championships,Time Trial,Time Trial,WCSLX,22,31,Valentyna KOCIROVA,KOCIROVA,Valentyna,CZE,65.24,4.87,108.07%,,2023 Krakow Junior World Championships,2023 Krakow Junior World Championships WCSLX Valentyna KOCIROVA
2023,Krakow,Junior World Championships,Time Trial,Time Trial,WCSLX,23,13,Codie DAVIDSON,DAVIDSON,Codie,AUS,65.27,4.9,108.12%,,2023 Krakow Junior World Championships,2023 Krakow Junior World Championships WCSLX Codie DAVIDSON
2023,Krakow,Junior World Championships,Time Trial,Time Trial,WCSLX,24,33,Sarah CROSBEE,CROSBEE,Sarah,AUS,66.12,5.75,109.52%,,2023 Krakow Junior World Championships,2023 Krakow Junior World Championships WCSLX Sarah CROSBEE
2023,Krakow,Junior World Championships,Time Trial,Time Trial,WCSLX,25,28,Aimee COLLINS,COLLINS,Aimee,GBR,67.15,6.78,111.23%,,2023 Krakow Junior World Championships,2023 Krakow Junior World Championships WCSLX Aimee COLLINS
2023,Krakow,Junior World Championships,Time Trial,Time Trial,WCSLX,26,11,Yekaterina TARANTSEVA,TARANTSEVA,Yekaterina,KAZ,67.25,6.88,111.40%,,2023 Krakow Junior World Championships,2023 Krakow Junior World Championships WCSLX Yekaterina TARANTSEVA
2023,Krakow,Junior World Championships,Time Trial,Time Trial,WCSLX,27,10,Beatrice OLSON,OLSON,Beatrice,CAN,68.01,7.64,112.66%,,2023 Krakow Junior World Championships,2023 Krakow Junior World Championships WCSLX Beatrice OLSON
2023,Krakow,Junior World Championships,Time Trial,Time Trial,WCSLX,28,6,Nerea CASTIGLIONE,CASTIGLIONE,Nerea,ARG,68.06,7.69,112.74%,,2023 Krakow Junior World Championships,2023 Krakow Junior World Championships WCSLX Nerea CASTIGLIONE
2023,Krakow,Junior World Championships,Time Trial,Time Trial,WCSLX,29,32,Karolina ABRAHAMOVA,ABRAHAMOVA,Karolina,SVK,68.28,7.91,113.10%,,2023 Krakow Junior World Championships,2023 Krakow Junior World Championships WCSLX Karolina ABRAHAMOVA
2023,Krakow,Junior World Championships,Time Trial,Time Trial,WCSLX,30,8,Claire CLEMENTS,CLEMENTS,Claire,AUS,68.32,7.95,113.17%,,2023 Krakow Junior World Championships,2023 Krakow Junior World Championships WCSLX Claire CLEMENTS
2023,Krakow,Junior World Championships,Time Trial,Time Trial,WCSLX,31,7,Sophie GILFILLAN,GILFILLAN,Sophie,CAN,68.57,8.2,113.58%,,2023 Krakow Junior World Championships,2023 Krakow Junior World Championships WCSLX Sophie GILFILLAN
2023,Krakow,Junior World Championships,Time Trial,Time Trial,WCSLX,32,44,Rosie REX,REX,Rosie,NZL,69.46,9.09,115.06%,,2023 Krakow Junior World Championships,2023 Krakow Junior World Championships WCSLX Rosie REX
2023,Krakow,Junior World Championships,Time Trial,Time Trial,WCSLX,33,38,Mine ONOZAWA,ONOZAWA,Mine,JPN,69.54,9.17,115.19%,,2023 Krakow Junior World Championships,2023 Krakow Junior World Championships WCSLX Mine ONOZAWA
2023,Krakow,Junior World Championships,Time Trial,Time Trial,WCSLX,34,48,Hanna DANEK,DANEK,Hanna,POL,71.17,10.8,117.89%,,2023 Krakow Junior World Championships,2023 Krakow Junior World Championships WCSLX Hanna DANEK
2023,Krakow,Junior World Championships,Time Trial,Time Trial,WCSLX,35,27,Sandra KRUTA,KRUTA,Sandra,SVK,71.31,10.94,118.12%,,2023 Krakow Junior World Championships,2023 Krakow Junior World Championships WCSLX Sandra KRUTA
2023,Krakow,Junior World Championships,Time Trial,Time Trial,WCSLX,36,47,Zuzanna PIPREK,PIPREK,Zuzanna,POL,73.4,13.03,121.58%,,2023 Krakow Junior World Championships,2023 Krakow Junior World Championships WCSLX Zuzanna PIPREK
2023,Krakow,Junior World Championships,Time Trial,Time Trial,WCSLX,37,35,Simona BLASCIKOVA,BLASCIKOVA,Simona,SVK,73.73,13.36,122.13%,,2023 Krakow Junior World Championships,2023 Krakow Junior World Championships WCSLX Simona BLASCIKOVA
2023,Krakow,Junior World Championships,Time Trial,Time Trial,WCSLX,38,26,Julia CORONEL,CORONEL,Julia,GUI,74.98,14.61,124.20%,,2023 Krakow Junior World Championships,2023 Krakow Junior World Championships WCSLX Julia CORONEL
2023,Krakow,Junior World Championships,Time Trial,Time Trial,WCSLX,39,20,Paige ZIMMERMAN,ZIMMERMAN,Paige,CAN,77.73,17.36,128.76%,,2023 Krakow Junior World Championships,2023 Krakow Junior World Championships WCSLX Paige ZIMMERMAN
2023,Krakow,Junior World Championships,Time Trial,Time Trial,WCSLX,40,41,Veerle VAN VLIET,VAN VLIET,Veerle,NED,83.46,23.09,138.25%,,2023 Krakow Junior World Championships,2023 Krakow Junior World Championships WCSLX Veerle VAN VLIET
2023,Krakow,Junior World Championships,Time Trial,Time Trial,WCSLX,41,18,Lucy CRINO,CRINO,Lucy,USA,87.22,26.85,144.48%,,2023 Krakow Junior World Championships,2023 Krakow Junior World Championships WCSLX Lucy CRINO
2023,Krakow,Junior World Championships,Time Trial,Time Trial,WCSLX,42,12,Eva GUCCIONE,GUCCIONE,Eva,NZL,66.84,6.47,110.72%,FLT (4),2023 Krakow Junior World Championships,2023 Krakow Junior World Championships WCSLX Eva GUCCIONE
2023,Krakow,Junior World Championships,Time Trial,Time Trial,WCSLX,43,30,Alexandra HOBAN,HOBAN,Alexandra,ROU,114,53.63,188.84%,,2023 Krakow Junior World Championships,2023 Krakow Junior World Championships WCSLX Alexandra HOBAN
2023,Krakow,U23 World Championships,Brackets,Final,WCSLX,1,,Katerina BEKOVA,BEKOVA,Katerina,CZE,,,,,2023 Krakow U23 World Championships,2023 Krakow U23 World Championships WCSLX Katerina BEKOVA
2023,Krakow,U23 World Championships,Brackets,Final,WCSLX,3,,Alena MARX,MARX,Alena,SUI,,,,,2023 Krakow U23 World Championships,2023 Krakow U23 World Championships WCSLX Alena MARX
2023,Krakow,U23 World Championships,Brackets,Final,WCSLX,4,,Antonie GALUSKOVA,GALUSKOVA,Antonie,CZE,,,,,2023 Krakow U23 World Championships,2023 Krakow U23 World Championships WCSLX Antonie GALUSKOVA
2023,Krakow,U23 World Championships,Brackets,Semi-Final,WCSLX,5,,Ellis MILLER,MILLER,Ellis,GBR,,,,,2023 Krakow U23 World Championships,2023 Krakow U23 World Championships WCSLX Ellis MILLER
2023,Krakow,U23 World Championships,Brackets,Semi-Final,WCSLX,6,,Tereza KNEBLOVA,KNEBLOVA,Tereza,CZE,,,,,2023 Krakow U23 World Championships,2023 Krakow U23 World Championships WCSLX Tereza KNEBLOVA
2023,Krakow,U23 World Championships,Brackets,Semi-Final,WCSLX,7,,Ivana CHLEBOVA,CHLEBOVA,Ivana,SVK,,,,,2023 Krakow U23 World Championships,2023 Krakow U23 World Championships WCSLX Ivana CHLEBOVA
2023,Krakow,U23 World Championships,Brackets,Semi-Final,WCSLX,8,,Lea BALDONI,BALDONI,Lea,CAN,,,,,2023 Krakow U23 World Championships,2023 Krakow U23 World Championships WCSLX Lea BALDONI
2023,Krakow,U23 World Championships,Brackets,Quarter-Final,WCSLX,9,,Emma VUITTON,VUITTON,Emma,FRA,,,,,2023 Krakow U23 World Championships,2023 Krakow U23 World Championships WCSLX Emma VUITTON
2023,Krakow,U23 World Championships,Brackets,Quarter-Final,WCSLX,10,,Ainhoa LAMEIRO,LAMEIRO,Ainhoa,ESP,,,,,2023 Krakow U23 World Championships,2023 Krakow U23 World Championships WCSLX Ainhoa LAMEIRO
2023,Krakow,U23 World Championships,Brackets,Quarter-Final,WCSLX,11,,Evy LEIBFARTH,LEIBFARTH,Evy,USA,,,,,2023 Krakow U23 World Championships,2023 Krakow U23 World Championships WCSLX Evy LEIBFARTH
2023,Krakow,U23 World Championships,Brackets,Quarter-Final,WCSLX,12,,Abby COLLINS,COLLINS,Abby,AUS,,,,,2023 Krakow U23 World Championships,2023 Krakow U23 World Championships WCSLX Abby COLLINS
2023,Krakow,U23 World Championships,Brackets,Quarter-Final,WCSLX,13,,Annkatrin PLOCHMANN,PLOCHMANN,Annkatrin,GER,,,,,2023 Krakow U23 World Championships,2023 Krakow U23 World Championships WCSLX Annkatrin PLOCHMANN
2023,Krakow,U23 World Championships,Brackets,Quarter-Final,WCSLX,14,,Nikita SETCHELL,SETCHELL,Nikita,GBR,,,,,2023 Krakow U23 World Championships,2023 Krakow U23 World Championships WCSLX Nikita SETCHELL
2023,Krakow,U23 World Championships,Brackets,Quarter-Final,WCSLX,15,,Phoebe SPICER,SPICER,Phoebe,GBR,,,,,2023 Krakow U23 World Championships,2023 Krakow U23 World Championships WCSLX Phoebe SPICER
2023,Krakow,U23 World Championships,Brackets,Quarter-Final,WCSLX,16,,Anastassiya ANANYEVA,ANANYEVA,Anastassiya,KAZ,,,,,2023 Krakow U23 World Championships,2023 Krakow U23 World Championships WCSLX Anastassiya ANANYEVA
2023,Krakow,U23 World Championships,Brackets,Heats,WCSLX,17,,Lois LEAVER,LEAVER,Lois,GBR,,,,,2023 Krakow U23 World Championships,2023 Krakow U23 World Championships WCSLX Lois LEAVER
2023,Krakow,U23 World Championships,Brackets,Heats,WCSLX,18,,Lea NOVAK,NOVAK,Lea,SLO,,,,,2023 Krakow U23 World Championships,2023 Krakow U23 World Championships WCSLX Lea NOVAK
2023,Krakow,U23 World Championships,Brackets,Heats,WCSLX,19,,Franziska HANKE,HANKE,Franziska,GER,,,,,2023 Krakow U23 World Championships,2023 Krakow U23 World Championships WCSLX Franziska HANKE
2023,Krakow,U23 World Championships,Brackets,Heats,WCSLX,20,,Aleksandra STACH,STACH,Aleksandra,POL,,,,,2023 Krakow U23 World Championships,2023 Krakow U23 World Championships WCSLX Aleksandra STACH
2023,Krakow,U23 World Championships,Brackets,Heats,WCSLX,21,,Jaimee WILSON,WILSON,Jaimee,NZL,,,,,2023 Krakow U23 World Championships,2023 Krakow U23 World Championships WCSLX Jaimee WILSON
2023,Krakow,U23 World Championships,Brackets,Heats,WCSLX,22,,Blandine XHEMAJLJI,XHEMAJLJI,Blandine,KOS,,,,,2023 Krakow U23 World Championships,2023 Krakow U23 World Championships WCSLX Blandine XHEMAJLJI
2023,Krakow,U23 World Championships,Brackets,Heats,WCSLX,23,,Jaruwan NIAMTHONG,NIAMTHONG,Jaruwan,THA,,,,,2023 Krakow U23 World Championships,2023 Krakow U23 World Championships WCSLX Jaruwan NIAMTHONG
2023,Krakow,U23 World Championships,Brackets,Heats,WCSLX,24,,Emilie ARMANI,ARMANI,Emilie,ECU,,,,,2023 Krakow U23 World Championships,2023 Krakow U23 World Championships WCSLX Emilie ARMANI
2023,Krakow,U23 World Championships,Brackets,Heats,WCSLX,25,,Coline CHAREL,CHAREL,Coline,FRA,,,,,2023 Krakow U23 World Championships,2023 Krakow U23 World Championships WCSLX Coline CHAREL
2023,Krakow,U23 World Championships,Brackets,Heats,WCSLX,26,,Emily APEL,APEL,Emily,GER,,,,,2023 Krakow U23 World Championships,2023 Krakow U23 World Championships WCSLX Emily APEL
2023,Krakow,U23 World Championships,Brackets,Heats,WCSLX,27,,Laurene ROISIN,ROISIN,Laurene,FRA,,,,,2023 Krakow U23 World Championships,2023 Krakow U23 World Championships WCSLX Laurene ROISIN
2023,Krakow,U23 World Championships,Brackets,Heats,WCSLX,28,,Anna LYCHKO,LYCHKO,Anna,UKR,,,,,2023 Krakow U23 World Championships,2023 Krakow U23 World Championships WCSLX Anna LYCHKO
2023,Krakow,U23 World Championships,Brackets,Heats,WCSLX,29,,Janina KRIESINGER,KRIESINGER,Janina,BEL,,,,,2023 Krakow U23 World Championships,2023 Krakow U23 World Championships WCSLX Janina KRIESINGER
2023,Krakow,U23 World Championships,Brackets,Heats,WCSLX,30,,Beatriz DA MOTTA,DA MOTTA,Beatriz,BRA,,,,,2023 Krakow U23 World Championships,2023 Krakow U23 World Championships WCSLX Beatriz DA MOTTA
2023,Krakow,Junior World Championships,Brackets,Final,WCSLX,1,,Klara KNEBLOVA,KNEBLOVA,Klara,CZE,,,,,2023 Krakow Junior World Championships,2023 Krakow Junior World Championships WCSLX Klara KNEBLOVA
2023,Krakow,Junior World Championships,Brackets,Final,WCSLX,3,,Codie DAVIDSON,DAVIDSON,Codie,AUS,,,,,2023 Krakow Junior World Championships,2023 Krakow Junior World Championships WCSLX Codie DAVIDSON
2023,Krakow,Junior World Championships,Brackets,Final,WCSLX,4,,Bara GALUSKOVA,GALUSKOVA,Bara,CZE,,,,,2023 Krakow Junior World Championships,2023 Krakow Junior World Championships WCSLX Bara GALUSKOVA
2023,Krakow,Junior World Championships,Brackets,Semi-Final,WCSLX,5,,Klara MRAZKOVA,MRAZKOVA,Klara,CZE,,,,,2023 Krakow Junior World Championships,2023 Krakow Junior World Championships WCSLX Klara MRAZKOVA
2023,Krakow,Junior World Championships,Brackets,Semi-Final,WCSLX,6,,Lena QUEMERAIS,QUEMERAIS,Lena,FRA,,,,,2023 Krakow Junior World Championships,2023 Krakow Junior World Championships WCSLX Lena QUEMERAIS
2023,Krakow,Junior World Championships,Brackets,Semi-Final,WCSLX,7,,Momoka NAGASU,NAGASU,Momoka,JPN,,,,,2023 Krakow Junior World Championships,2023 Krakow Junior World Championships WCSLX Momoka NAGASU
2023,Krakow,Junior World Championships,Brackets,Semi-Final,WCSLX,8,,Valentyna KOCIROVA,KOCIROVA,Valentyna,CZE,,,,,2023 Krakow Junior World Championships,2023 Krakow Junior World Championships WCSLX Valentyna KOCIROVA
2023,Krakow,Junior World Championships,Brackets,Quarter-Final,WCSLX,9,,Christin HEYDENREICH,HEYDENREICH,Christin,GER,,,,,2023 Krakow Junior World Championships,2023 Krakow Junior World Championships WCSLX Christin HEYDENREICH
2023,Krakow,Junior World Championships,Brackets,Quarter-Final,WCSLX,10,,Anna SIMONA,SIMONA,Anna,ESP,,,,,2023 Krakow Junior World Championships,2023 Krakow Junior World Championships WCSLX Anna SIMONA
2023,Krakow,Junior World Championships,Brackets,Quarter-Final,WCSLX,11,,Naja PINTERIC,PINTERIC,Naja,SLO,,,,,2023 Krakow Junior World Championships,2023 Krakow Junior World Championships WCSLX Naja PINTERIC
2023,Krakow,Junior World Championships,Brackets,Quarter-Final,WCSLX,12,,Hannah RHODES,RHODES,Hannah,GBR,,,,,2023 Krakow Junior World Championships,2023 Krakow Junior World Championships WCSLX Hannah RHODES
2023,Krakow,Junior World Championships,Brackets,Quarter-Final,WCSLX,13,,Haizea SEGURA,SEGURA,Haizea,ESP,,,,,2023 Krakow Junior World Championships,2023 Krakow Junior World Championships WCSLX Haizea SEGURA
2023,Krakow,Junior World Championships,Brackets,Quarter-Final,WCSLX,14,,Paulina PIRRO,PIRRO,Paulina,GER,,,,,2023 Krakow Junior World Championships,2023 Krakow Junior World Championships WCSLX Paulina PIRRO
2023,Krakow,Junior World Championships,Brackets,Quarter-Final,WCSLX,15,,Florencia AGUIRRE GONZALEZ,AGUIRRE GONZALEZ,Florencia,CHI,,,,,2023 Krakow Junior World Championships,2023 Krakow Junior World Championships WCSLX Florencia AGUIRRE GONZALEZ
2023,Krakow,Junior World Championships,Brackets,Quarter-Final,WCSLX,16,,Karolina LUKACOVA,LUKACOVA,Karolina,SVK,,,,,2023 Krakow Junior World Championships,2023 Krakow Junior World Championships WCSLX Karolina LUKACOVA
2023,Krakow,Junior World Championships,Brackets,Heats,WCSLX,17,,Eyleen VUILLEUMIER,VUILLEUMIER,Eyleen,SUI,,,,,2023 Krakow Junior World Championships,2023 Krakow Junior World Championships WCSLX Eyleen VUILLEUMIER
2023,Krakow,Junior World Championships,Brackets,Heats,WCSLX,18,,Arina KONTCHAKOV,KONTCHAKOV,Arina,GBR,,,,,2023 Krakow Junior World Championships,2023 Krakow Junior World Championships WCSLX Arina KONTCHAKOV
2023,Krakow,Junior World Championships,Brackets,Heats,WCSLX,19,,Izar GARCIA,GARCIA,Izar,ESP,,,,,2023 Krakow Junior World Championships,2023 Krakow Junior World Championships WCSLX Izar GARCIA
2023,Krakow,Junior World Championships,Brackets,Heats,WCSLX,20,,Ainara GOIKOETXEA,GOIKOETXEA,Ainara,ESP,,,,,2023 Krakow Junior World Championships,2023 Krakow Junior World Championships WCSLX Ainara GOIKOETXEA
2023,Krakow,Junior World Championships,Brackets,Heats,WCSLX,21,,Charlotte WILD,WILD,Charlotte,GER,,,,,2023 Krakow Junior World Championships,2023 Krakow Junior World Championships WCSLX Charlotte WILD
2023,Krakow,Junior World Championships,Brackets,Heats,WCSLX,22,,Sarah CROSBEE,CROSBEE,Sarah,AUS,,,,,2023 Krakow Junior World Championships,2023 Krakow Junior World Championships WCSLX Sarah CROSBEE
2023,Krakow,Junior World Championships,Brackets,Heats,WCSLX,23,,Nerea CASTIGLIONE,CASTIGLIONE,Nerea,ARG,,,,,2023 Krakow Junior World Championships,2023 Krakow Junior World Championships WCSLX Nerea CASTIGLIONE
2023,Krakow,Junior World Championships,Brackets,Heats,WCSLX,26,,Laura PLATA,PLATA,Laura,USA,,,,,2023 Krakow Junior World Championships,2023 Krakow Junior World Championships WCSLX Laura PLATA
2023,Krakow,Junior World Championships,Brackets,Heats,WCSLX,27,,Yekaterina TARANTSEVA,TARANTSEVA,Yekaterina,KAZ,,,,,2023 Krakow Junior World Championships,2023 Krakow Junior World Championships WCSLX Yekaterina TARANTSEVA
2023,Krakow,Junior World Championships,Brackets,Heats,WCSLX,28,,Beatrice OLSON,OLSON,Beatrice,CAN,,,,,2023 Krakow Junior World Championships,2023 Krakow Junior World Championships WCSLX Beatrice OLSON
2023,Krakow,Junior World Championships,Brackets,Heats,WCSLX,30,,Hanna DANEK,DANEK,Hanna,POL,,,,,2023 Krakow Junior World Championships,2023 Krakow Junior World Championships WCSLX Hanna DANEK
2023,Krakow,Junior World Championships,Brackets,Heats,WCSLX,31,,Julia CORONEL,CORONEL,Julia,GUI,,,,,2023 Krakow Junior World Championships,2023 Krakow Junior World Championships WCSLX Julia CORONEL
2023,Krakow,Junior World Championships,Brackets,Heats,WCSLX,32,,Alexandra HOBAN,HOBAN,Alexandra,ROU,,,,,2023 Krakow Junior World Championships,2023 Krakow Junior World Championships WCSLX Alexandra HOBAN
2023,Krakow,U23 World Championships,Time Trial,Time Trial,MCSLX,1,6,Gael ADISSON,ADISSON,Gael,FRA,52.13,0,100.00%,,2023 Krakow U23 World Championships,2023 Krakow U23 World Championships MCSLX Gael ADISSON
2023,Krakow,U23 World Championships,Time Trial,Time Trial,MCSLX,2,28,Sam LEAVER,LEAVER,Sam,GBR,52.31,0.18,100.35%,,2023 Krakow U23 World Championships,2023 Krakow U23 World Championships MCSLX Sam LEAVER
2023,Krakow,U23 World Championships,Time Trial,Time Trial,MCSLX,3,3,Jan ROHRER,ROHRER,Jan,SUI,53.08,0.95,101.82%,,2023 Krakow U23 World Championships,2023 Krakow U23 World Championships MCSLX Jan ROHRER
2023,Krakow,U23 World Championships,Time Trial,Time Trial,MCSLX,4,1,Anatole DELASSUS,DELASSUS,Anatole,FRA,53.17,1.04,102.00%,,2023 Krakow U23 World Championships,2023 Krakow U23 World Championships MCSLX Anatole DELASSUS
2023,Krakow,U23 World Championships,Time Trial,Time Trial,MCSLX,5,35,Leo VUITTON,VUITTON,Leo,FRA,53.17,1.04,102.00%,,2023 Krakow U23 World Championships,2023 Krakow U23 World Championships MCSLX Leo VUITTON
2023,Krakow,U23 World Championships,Time Trial,Time Trial,MCSLX,6,5,Gabriel DE COSTER,DE COSTER,Gabriel,BEL,53.31,1.18,102.26%,,2023 Krakow U23 World Championships,2023 Krakow U23 World Championships MCSLX Gabriel DE COSTER
2023,Krakow,U23 World Championships,Time Trial,Time Trial,MCSLX,7,63,Gino BENINI,BENINI,Gino,FRA,53.65,1.52,102.92%,,2023 Krakow U23 World Championships,2023 Krakow U23 World Championships MCSLX Gino BENINI
2023,Krakow,U23 World Championships,Time Trial,Time Trial,MCSLX,8,43,Jan BARTA,BARTA,Jan,CZE,53.73,1.6,103.07%,,2023 Krakow U23 World Championships,2023 Krakow U23 World Championships MCSLX Jan BARTA
2023,Krakow,U23 World Championships,Time Trial,Time Trial,MCSLX,9,2,Vojtech HEGER,HEGER,Vojtech,CZE,53.83,1.7,103.26%,,2023 Krakow U23 World Championships,2023 Krakow U23 World Championships MCSLX Vojtech HEGER
2023,Krakow,U23 World Championships,Time Trial,Time Trial,MCSLX,10,67,Angel PETRUSHEV,PETRUSHEV,Angel,MKD,54.22,2.09,104.01%,,2023 Krakow U23 World Championships,2023 Krakow U23 World Championships MCSLX Angel PETRUSHEV
2023,Krakow,U23 World Championships,Time Trial,Time Trial,MCSLX,11,32,Joshua DIETZ,DIETZ,Joshua,GER,54.37,2.24,104.30%,,2023 Krakow U23 World Championships,2023 Krakow U23 World Championships MCSLX Joshua DIETZ
2023,Krakow,U23 World Championships,Time Trial,Time Trial,MCSLX,12,45,Sebastian MONTALTO,MONTALTO,Sebastian,AUS,54.56,2.43,104.66%,,2023 Krakow U23 World Championships,2023 Krakow U23 World Championships MCSLX Sebastian MONTALTO
2023,Krakow,U23 World Championships,Time Trial,Time Trial,MCSLX,13,13,Jonny DICKSON,DICKSON,Jonny,GBR,54.57,2.44,104.68%,,2023 Krakow U23 World Championships,2023 Krakow U23 World Championships MCSLX Jonny DICKSON
2023,Krakow,U23 World Championships,Time Trial,Time Trial,MCSLX,14,37,Jakob SAVLI,SAVLI,Jakob,SLO,54.57,2.44,104.68%,,2023 Krakow U23 World Championships,2023 Krakow U23 World Championships MCSLX Jakob SAVLI
2023,Krakow,U23 World Championships,Time Trial,Time Trial,MCSLX,15,30,Mark CROSBEE,CROSBEE,Mark,AUS,55.08,2.95,105.66%,,2023 Krakow U23 World Championships,2023 Krakow U23 World Championships MCSLX Mark CROSBEE
2023,Krakow,U23 World Championships,Time Trial,Time Trial,MCSLX,16,44,Murillo SORGETZ,SORGETZ,Murillo,BRA,55.5,3.37,106.46%,,2023 Krakow U23 World Championships,2023 Krakow U23 World Championships MCSLX Murillo SORGETZ
2023,Krakow,U23 World Championships,Time Trial,Time Trial,MCSLX,17,58,Nicholas COLLIER,COLLIER,Nicholas,NZL,55.5,3.37,106.46%,,2023 Krakow U23 World Championships,2023 Krakow U23 World Championships MCSLX Nicholas COLLIER
2023,Krakow,U23 World Championships,Time Trial,Time Trial,MCSLX,18,4,Alex BALDONI,BALDONI,Alex,CAN,55.51,3.38,106.48%,,2023 Krakow U23 World Championships,2023 Krakow U23 World Championships MCSLX Alex BALDONI
2023,Krakow,U23 World Championships,Time Trial,Time Trial,MCSLX,19,9,Pau ECHANIZ,ECHANIZ,Pau,ESP,55.64,3.51,106.73%,,2023 Krakow U23 World Championships,2023 Krakow U23 World Championships MCSLX Pau ECHANIZ
2023,Krakow,U23 World Championships,Time Trial,Time Trial,MCSLX,20,21,Michel UHL,UHL,Michel,NZL,55.65,3.52,106.75%,,2023 Krakow U23 World Championships,2023 Krakow U23 World Championships MCSLX Michel UHL
2023,Krakow,U23 World Championships,Time Trial,Time Trial,MCSLX,21,17,Pitt ROHRER,ROHRER,Pitt,SUI,55.76,3.63,106.96%,,2023 Krakow U23 World Championships,2023 Krakow U23 World Championships MCSLX Pitt ROHRER
2023,Krakow,U23 World Championships,Time Trial,Time Trial,MCSLX,22,47,Tommaso BARZON,BARZON,Tommaso,ITA,55.76,3.63,106.96%,,2023 Krakow U23 World Championships,2023 Krakow U23 World Championships MCSLX Tommaso BARZON
2023,Krakow,U23 World Championships,Time Trial,Time Trial,MCSLX,23,14,Maxime AUBERTIN,AUBERTIN,Maxime,BEL,55.89,3.76,107.21%,,2023 Krakow U23 World Championships,2023 Krakow U23 World Championships MCSLX Maxime AUBERTIN
2023,Krakow,U23 World Championships,Time Trial,Time Trial,MCSLX,24,69,Mikolaj MASTALSKI,MASTALSKI,Mikolaj,POL,55.97,3.84,107.37%,,2023 Krakow U23 World Championships,2023 Krakow U23 World Championships MCSLX Mikolaj MASTALSKI
2023,Krakow,U23 World Championships,Time Trial,Time Trial,MCSLX,25,59,David PATERSON,PATERSON,David,GBR,56.48,4.35,108.34%,,2023 Krakow U23 World Championships,2023 Krakow U23 World Championships MCSLX David PATERSON
2023,Krakow,U23 World Championships,Time Trial,Time Trial,MCSLX,26,7,Oleksandr FEDORENKO,FEDORENKO,Oleksandr,UKR,56.49,4.36,108.36%,,2023 Krakow U23 World Championships,2023 Krakow U23 World Championships MCSLX Oleksandr FEDORENKO
2023,Krakow,U23 World Championships,Time Trial,Time Trial,MCSLX,27,16,Thomas UKALOVIC,UKALOVIC,Thomas,CRO,56.53,4.4,108.44%,,2023 Krakow U23 World Championships,2023 Krakow U23 World Championships MCSLX Thomas UKALOVIC
2023,Krakow,U23 World Championships,Time Trial,Time Trial,MCSLX,28,24,Tim BREMER,BREMER,Tim,GER,56.55,4.42,108.48%,,2023 Krakow U23 World Championships,2023 Krakow U23 World Championships MCSLX Tim BREMER
2023,Krakow,U23 World Championships,Time Trial,Time Trial,MCSLX,29,39,Michal CIAGLO,CIAGLO,Michal,POL,57.4,5.27,110.11%,,2023 Krakow U23 World Championships,2023 Krakow U23 World Championships MCSLX Michal CIAGLO
2023,Krakow,U23 World Championships,Time Trial,Time Trial,MCSLX,30,25,Paul PREISL,PREISL,Paul,AUT,57.53,5.4,110.36%,,2023 Krakow U23 World Championships,2023 Krakow U23 World Championships MCSLX Paul PREISL
2023,Krakow,U23 World Championships,Time Trial,Time Trial,MCSLX,31,46,Leonardo PROIETTI,PROIETTI,Leonardo,ITA,57.53,5.4,110.36%,,2023 Krakow U23 World Championships,2023 Krakow U23 World Championships MCSLX Leonardo PROIETTI
2023,Krakow,U23 World Championships,Time Trial,Time Trial,MCSLX,32,65,Lucas JACOB,JACOB,Lucas,POR,57.63,5.5,110.55%,,2023 Krakow U23 World Championships,2023 Krakow U23 World Championships MCSLX Lucas JACOB
2023,Krakow,U23 World Championships,Time Trial,Time Trial,MCSLX,33,55,Noe ANDEREGG,ANDEREGG,Noe,SUI,57.89,5.76,111.05%,,2023 Krakow U23 World Championships,2023 Krakow U23 World Championships MCSLX Noe ANDEREGG
2023,Krakow,U23 World Championships,Time Trial,Time Trial,MCSLX,34,27,Alex SEGURA,SEGURA,Alex,ESP,57.91,5.78,111.09%,,2023 Krakow U23 World Championships,2023 Krakow U23 World Championships MCSLX Alex SEGURA
2023,Krakow,U23 World Championships,Time Trial,Time Trial,MCSLX,35,11,Oliver PUCHNER,PUCHNER,Oliver,NZL,58.14,6.01,111.53%,,2023 Krakow U23 World Championships,2023 Krakow U23 World Championships MCSLX Oliver PUCHNER
2023,Krakow,U23 World Championships,Time Trial,Time Trial,MCSLX,36,53,Martin RUDORFER,RUDORFER,Martin,CZE,58.72,6.59,112.64%,,2023 Krakow U23 World Championships,2023 Krakow U23 World Championships MCSLX Martin RUDORFER
2023,Krakow,U23 World Championships,Time Trial,Time Trial,MCSLX,37,70,Matej BLASCIK,BLASCIK,Matej,SVK,58.74,6.61,112.68%,,2023 Krakow U23 World Championships,2023 Krakow U23 World Championships MCSLX Matej BLASCIK
2023,Krakow,U23 World Championships,Time Trial,Time Trial,MCSLX,38,41,Declan ELLIS,ELLIS,Declan,AUS,58.76,6.63,112.72%,,2023 Krakow U23 World Championships,2023 Krakow U23 World Championships MCSLX Declan ELLIS
2023,Krakow,U23 World Championships,Time Trial,Time Trial,MCSLX,39,38,Hamish DALZIEL,DALZIEL,Hamish,AUS,58.91,6.78,113.01%,,2023 Krakow U23 World Championships,2023 Krakow U23 World Championships MCSLX Hamish DALZIEL
2023,Krakow,U23 World Championships,Time Trial,Time Trial,MCSLX,40,33,Terence SARAMANDIF,SARAMANDIF,Terence,MRI,59.62,7.49,114.37%,,2023 Krakow U23 World Championships,2023 Krakow U23 World Championships MCSLX Terence SARAMANDIF
2023,Krakow,U23 World Championships,Time Trial,Time Trial,MCSLX,41,18,Marko PETEK,PETEK,Marko,SLO,59.8,7.67,114.71%,,2023 Krakow U23 World Championships,2023 Krakow U23 World Championships MCSLX Marko PETEK
2023,Krakow,U23 World Championships,Time Trial,Time Trial,MCSLX,42,68,Finn ANDERSON,ANDERSON,Finn,NZL,59.89,7.76,114.89%,,2023 Krakow U23 World Championships,2023 Krakow U23 World Championships MCSLX Finn ANDERSON
2023,Krakow,U23 World Championships,Time Trial,Time Trial,MCSLX,43,36,Nathan CHRISTENSEN,CHRISTENSEN,Nathan,CAN,59.97,7.84,115.04%,,2023 Krakow U23 World Championships,2023 Krakow U23 World Championships MCSLX Nathan CHRISTENSEN
2023,Krakow,U23 World Championships,Time Trial,Time Trial,MCSLX,44,42,Piyanath KOETSUK,KOETSUK,Piyanath,THA,60.22,8.09,115.52%,,2023 Krakow U23 World Championships,2023 Krakow U23 World Championships MCSLX Piyanath KOETSUK
2023,Krakow,U23 World Championships,Time Trial,Time Trial,MCSLX,45,50,Imangali MAMBETOV,MAMBETOV,Imangali,KAZ,60.23,8.1,115.54%,,2023 Krakow U23 World Championships,2023 Krakow U23 World Championships MCSLX Imangali MAMBETOV
2023,Krakow,U23 World Championships,Time Trial,Time Trial,MCSLX,46,22,Ilja BURAN,BURAN,Ilja,SVK,60.27,8.14,115.61%,,2023 Krakow U23 World Championships,2023 Krakow U23 World Championships MCSLX Ilja BURAN
2023,Krakow,U23 World Championships,Time Trial,Time Trial,MCSLX,47,15,Joao CUNHA,CUNHA,Joao,POR,60.29,8.16,115.65%,,2023 Krakow U23 World Championships,2023 Krakow U23 World Championships MCSLX Joao CUNHA
2023,Krakow,U23 World Championships,Time Trial,Time Trial,MCSLX,48,34,Edgars GRAVITIS,GRAVITIS,Edgars,LAT,60.37,8.24,115.81%,,2023 Krakow U23 World Championships,2023 Krakow U23 World Championships MCSLX Edgars GRAVITIS
2023,Krakow,U23 World Championships,Time Trial,Time Trial,MCSLX,49,40,Filip STANKO,STANKO,Filip,SVK,60.43,8.3,115.92%,,2023 Krakow U23 World Championships,2023 Krakow U23 World Championships MCSLX Filip STANKO
2023,Krakow,U23 World Championships,Time Trial,Time Trial,MCSLX,50,31,Antonio REINOSO,REINOSO,Antonio,MEX,60.57,8.44,116.19%,,2023 Krakow U23 World Championships,2023 Krakow U23 World Championships MCSLX Antonio REINOSO
2023,Krakow,U23 World Championships,Time Trial,Time Trial,MCSLX,51,20,Nicolas TRIPANO,TRIPANO,Nicolas,ARG,60.82,8.69,116.67%,,2023 Krakow U23 World Championships,2023 Krakow U23 World Championships MCSLX Nicolas TRIPANO
2023,Krakow,U23 World Championships,Time Trial,Time Trial,MCSLX,52,49,Manel CONTRERAS,CONTRERAS,Manel,ESP,60.87,8.74,116.77%,,2023 Krakow U23 World Championships,2023 Krakow U23 World Championships MCSLX Manel CONTRERAS
2023,Krakow,U23 World Championships,Time Trial,Time Trial,MCSLX,53,29,Markel IMAZ,IMAZ,Markel,ESP,60.92,8.79,116.86%,,2023 Krakow U23 World Championships,2023 Krakow U23 World Championships MCSLX Markel IMAZ
2023,Krakow,U23 World Championships,Time Trial,Time Trial,MCSLX,54,26,Matteo-Alexander OLAR,OLAR,Matteo-Alexander,ROU,61.22,9.09,117.44%,,2023 Krakow U23 World Championships,2023 Krakow U23 World Championships MCSLX Matteo-Alexander OLAR
2023,Krakow,U23 World Championships,Time Trial,Time Trial,MCSLX,55,54,Ossian FIANDER,FIANDER,Ossian,SWE,61.64,9.51,118.24%,,2023 Krakow U23 World Championships,2023 Krakow U23 World Championships MCSLX Ossian FIANDER
2023,Krakow,U23 World Championships,Time Trial,Time Trial,MCSLX,56,52,Yu MISHIMA,MISHIMA,Yu,JPN,61.76,9.63,118.47%,,2023 Krakow U23 World Championships,2023 Krakow U23 World Championships MCSLX Yu MISHIMA
2023,Krakow,U23 World Championships,Time Trial,Time Trial,MCSLX,57,48,Kaua DA SILVA,DA SILVA,Kaua,BRA,62.06,9.93,119.05%,,2023 Krakow U23 World Championships,2023 Krakow U23 World Championships MCSLX Kaua DA SILVA
2023,Krakow,U23 World Championships,Time Trial,Time Trial,MCSLX,58,66,Yoeri WELLING,WELLING,Yoeri,NED,64.69,12.56,124.09%,,2023 Krakow U23 World Championships,2023 Krakow U23 World Championships MCSLX Yoeri WELLING
2023,Krakow,U23 World Championships,Time Trial,Time Trial,MCSLX,59,61,Amir REZANEJAD HASSANJANI,REZANEJAD HASSANJANI,Amir,ICF,64.88,12.75,124.46%,,2023 Krakow U23 World Championships,2023 Krakow U23 World Championships MCSLX Amir REZANEJAD HASSANJANI
2023,Krakow,U23 World Championships,Time Trial,Time Trial,MCSLX,60,60,Anthony COZAR CHACON,COZAR CHACON,Anthony,ECU,65.23,13.1,125.13%,,2023 Krakow U23 World Championships,2023 Krakow U23 World Championships MCSLX Anthony COZAR CHACON
2023,Krakow,U23 World Championships,Time Trial,Time Trial,MCSLX,61,62,Simon BETTLE,BETTLE,Simon,CAN,66.47,14.34,127.51%,,2023 Krakow U23 World Championships,2023 Krakow U23 World Championships MCSLX Simon BETTLE
2023,Krakow,U23 World Championships,Time Trial,Time Trial,MCSLX,62,56,Tadeusz KUCHNO,KUCHNO,Tadeusz,POL,54.49,2.36,104.53%,FLT (6),2023 Krakow U23 World Championships,2023 Krakow U23 World Championships MCSLX Tadeusz KUCHNO
2023,Krakow,U23 World Championships,Time Trial,Time Trial,MCSLX,63,23,Manuel TRIPANO,TRIPANO,Manuel,ARG,61.95,9.82,118.84%,FLT (6),2023 Krakow U23 World Championships,2023 Krakow U23 World Championships MCSLX Manuel TRIPANO
2023,Krakow,U23 World Championships,Time Trial,Time Trial,MCSLX,64,8,Jakub KREJCI,KREJCI,Jakub,CZE,53.12,0.99,101.90%,FLT (4),2023 Krakow U23 World Championships,2023 Krakow U23 World Championships MCSLX Jakub KREJCI
2023,Krakow,U23 World Championships,Time Trial,Time Trial,MCSLX,65,19,Mael RIVARD,RIVARD,Mael,CAN,56.73,4.6,108.82%,FLT (4),2023 Krakow U23 World Championships,2023 Krakow U23 World Championships MCSLX Mael RIVARD
2023,Krakow,U23 World Championships,Time Trial,Time Trial,MCSLX,66,71,Kacper PAWLIK,PAWLIK,Kacper,POL,59.82,7.69,114.75%,FLT (4),2023 Krakow U23 World Championships,2023 Krakow U23 World Championships MCSLX Kacper PAWLIK
2023,Krakow,U23 World Championships,Time Trial,Time Trial,MCSLX,67,64,Peter MRAZ,MRAZ,Peter,SVK,60.94,8.81,116.90%,FLT (3),2023 Krakow U23 World Championships,2023 Krakow U23 World Championships MCSLX Peter MRAZ
2023,Krakow,U23 World Championships,Time Trial,Time Trial,MCSLX,68,12,Ben HAYLETT,HAYLETT,Ben,GBR,55.51,3.38,106.48%,,2023 Krakow U23 World Championships,2023 Krakow U23 World Championships MCSLX Ben HAYLETT
2023,Krakow,Junior World Championships,Time Trial,Time Trial,MCSLX,1,20,Martin CORNU,CORNU,Martin,FRA,52.7,0,100.00%,,2023 Krakow Junior World Championships,2023 Krakow Junior World Championships MCSLX Martin CORNU
2023,Krakow,Junior World Championships,Time Trial,Time Trial,MCSLX,2,33,Jonah HANRAHAN,HANRAHAN,Jonah,GBR,54.06,1.36,102.58%,,2023 Krakow Junior World Championships,2023 Krakow Junior World Championships MCSLX Jonah HANRAHAN
2023,Krakow,Junior World Championships,Time Trial,Time Trial,MCSLX,3,75,Edgar PALEAU-BRASSEUR,PALEAU-BRASSEUR,Edgar,FRA,54.68,1.98,103.76%,,2023 Krakow Junior World Championships,2023 Krakow Junior World Championships MCSLX Edgar PALEAU-BRASSEUR
2023,Krakow,Junior World Championships,Time Trial,Time Trial,MCSLX,4,47,Jan PIPREK,PIPREK,Jan,POL,54.74,2.04,103.87%,,2023 Krakow Junior World Championships,2023 Krakow Junior World Championships MCSLX Jan PIPREK
2023,Krakow,Junior World Championships,Time Trial,Time Trial,MCSLX,5,1,Kyler James LONG,LONG,Kyler James,USA,55.03,2.33,104.42%,,2023 Krakow Junior World Championships,2023 Krakow Junior World Championships MCSLX Kyler James LONG
2023,Krakow,Junior World Championships,Time Trial,Time Trial,MCSLX,6,18,Simon ZEITLHOFER,ZEITLHOFER,Simon,AUT,55.2,2.5,104.74%,,2023 Krakow Junior World Championships,2023 Krakow Junior World Championships MCSLX Simon ZEITLHOFER
2023,Krakow,Junior World Championships,Time Trial,Time Trial,MCSLX,7,51,Titouan ESTANGUET,ESTANGUET,Titouan,FRA,55.37,2.67,105.07%,,2023 Krakow Junior World Championships,2023 Krakow Junior World Championships MCSLX Titouan ESTANGUET
2023,Krakow,Junior World Championships,Time Trial,Time Trial,MCSLX,8,49,Keigo YAMAMOTO,YAMAMOTO,Keigo,JPN,55.52,2.82,105.35%,,2023 Krakow Junior World Championships,2023 Krakow Junior World Championships MCSLX Keigo YAMAMOTO
2023,Krakow,Junior World Championships,Time Trial,Time Trial,MCSLX,9,23,Matyas NOVAK,NOVAK,Matyas,CZE,55.66,2.96,105.62%,,2023 Krakow Junior World Championships,2023 Krakow Junior World Championships MCSLX Matyas NOVAK
2023,Krakow,Junior World Championships,Time Trial,Time Trial,MCSLX,10,14,Dominic CURTIN,CURTIN,Dominic,AUS,55.82,3.12,105.92%,,2023 Krakow Junior World Championships,2023 Krakow Junior World Championships MCSLX Dominic CURTIN
2023,Krakow,Junior World Championships,Time Trial,Time Trial,MCSLX,11,29,Xuban GOIKOETXEA,GOIKOETXEA,Xuban,ESP,55.94,3.24,106.15%,,2023 Krakow Junior World Championships,2023 Krakow Junior World Championships MCSLX Xuban GOIKOETXEA
2023,Krakow,Junior World Championships,Time Trial,Time Trial,MCSLX,12,10,Enrico DIETZ,DIETZ,Enrico,GER,56,3.3,106.26%,,2023 Krakow Junior World Championships,2023 Krakow Junior World Championships MCSLX Enrico DIETZ
2023,Krakow,Junior World Championships,Time Trial,Time Trial,MCSLX,13,8,Moritz KREMSLEHNER,KREMSLEHNER,Moritz,AUT,56.18,3.48,106.60%,,2023 Krakow Junior World Championships,2023 Krakow Junior World Championships MCSLX Moritz KREMSLEHNER
2023,Krakow,Junior World Championships,Time Trial,Time Trial,MCSLX,14,16,Faust CLOTET,CLOTET,Faust,ESP,56.24,3.54,106.72%,,2023 Krakow Junior World Championships,2023 Krakow Junior World Championships MCSLX Faust CLOTET
2023,Krakow,Junior World Championships,Time Trial,Time Trial,MCSLX,15,38,Michele PISTONI,PISTONI,Michele,ITA,56.32,3.62,106.87%,,2023 Krakow Junior World Championships,2023 Krakow Junior World Championships MCSLX Michele PISTONI
2023,Krakow,Junior World Championships,Time Trial,Time Trial,MCSLX,16,58,Lukas KRATOCHVIL,KRATOCHVIL,Lukas,CZE,56.57,3.87,107.34%,,2023 Krakow Junior World Championships,2023 Krakow Junior World Championships MCSLX Lukas KRATOCHVIL
2023,Krakow,Junior World Championships,Time Trial,Time Trial,MCSLX,17,77,Ianis TRIOMPHE,TRIOMPHE,Ianis,FRA,56.66,3.96,107.51%,,2023 Krakow Junior World Championships,2023 Krakow Junior World Championships MCSLX Ianis TRIOMPHE
2023,Krakow,Junior World Championships,Time Trial,Time Trial,MCSLX,18,5,Martins PLAUDIS,PLAUDIS,Martins,LAT,56.72,4.02,107.63%,,2023 Krakow Junior World Championships,2023 Krakow Junior World Championships MCSLX Martins PLAUDIS
2023,Krakow,Junior World Championships,Time Trial,Time Trial,MCSLX,19,71,Salim Ahmad JEMAI,JEMAI,Salim Ahmad,TUN,56.77,4.07,107.72%,,2023 Krakow Junior World Championships,2023 Krakow Junior World Championships MCSLX Salim Ahmad JEMAI
2023,Krakow,Junior World Championships,Time Trial,Time Trial,MCSLX,20,76,Oliver GOLDSMITH,GOLDSMITH,Oliver,NZL,57.1,4.4,108.35%,,2023 Krakow Junior World Championships,2023 Krakow Junior World Championships MCSLX Oliver GOLDSMITH
2023,Krakow,Junior World Championships,Time Trial,Time Trial,MCSLX,21,4,Artem IVCHENKO,IVCHENKO,Artem,UKR,57.45,4.75,109.01%,,2023 Krakow Junior World Championships,2023 Krakow Junior World Championships MCSLX Artem IVCHENKO
2023,Krakow,Junior World Championships,Time Trial,Time Trial,MCSLX,22,17,Nicolas FEHLMANN,FEHLMANN,Nicolas,SUI,57.45,4.75,109.01%,,2023 Krakow Junior World Championships,2023 Krakow Junior World Championships MCSLX Nicolas FEHLMANN
2023,Krakow,Junior World Championships,Time Trial,Time Trial,MCSLX,23,2,Serhii SOVKO,SOVKO,Serhii,UKR,57.74,5.04,109.56%,,2023 Krakow Junior World Championships,2023 Krakow Junior World Championships MCSLX Serhii SOVKO
2023,Krakow,Junior World Championships,Time Trial,Time Trial,MCSLX,24,43,Dominic KASPER,KASPER,Dominic,SUI,57.84,5.14,109.75%,,2023 Krakow Junior World Championships,2023 Krakow Junior World Championships MCSLX Dominic KASPER
2023,Krakow,Junior World Championships,Time Trial,Time Trial,MCSLX,25,57,Michal KOPECEK,KOPECEK,Michal,CZE,57.89,5.19,109.85%,,2023 Krakow Junior World Championships,2023 Krakow Junior World Championships MCSLX Michal KOPECEK
2023,Krakow,Junior World Championships,Time Trial,Time Trial,MCSLX,26,64,Krzysztof KSIAZEK,KSIAZEK,Krzysztof,POL,58.33,5.63,110.68%,,2023 Krakow Junior World Championships,2023 Krakow Junior World Championships MCSLX Krzysztof KSIAZEK
2023,Krakow,Junior World Championships,Time Trial,Time Trial,MCSLX,27,19,Marc VICENTE,VICENTE,Marc,ESP,58.6,5.9,111.20%,,2023 Krakow Junior World Championships,2023 Krakow Junior World Championships MCSLX Marc VICENTE
2023,Krakow,Junior World Championships,Time Trial,Time Trial,MCSLX,28,66,Nils BIERMANS,BIERMANS,Nils,NED,58.74,6.04,111.46%,,2023 Krakow Junior World Championships,2023 Krakow Junior World Championships MCSLX Nils BIERMANS
2023,Krakow,Junior World Championships,Time Trial,Time Trial,MCSLX,29,28,Bennett GEORGE,GEORGE,Bennett,USA,58.79,6.09,111.56%,,2023 Krakow Junior World Championships,2023 Krakow Junior World Championships MCSLX Bennett GEORGE
2023,Krakow,Junior World Championships,Time Trial,Time Trial,MCSLX,30,34,Enej GRM,GRM,Enej,SLO,58.79,6.09,111.56%,,2023 Krakow Junior World Championships,2023 Krakow Junior World Championships MCSLX Enej GRM
2023,Krakow,Junior World Championships,Time Trial,Time Trial,MCSLX,31,36,Riley GALEA,GALEA,Riley,AUS,58.79,6.09,111.56%,,2023 Krakow Junior World Championships,2023 Krakow Junior World Championships MCSLX Riley GALEA
2023,Krakow,Junior World Championships,Time Trial,Time Trial,MCSLX,32,26,Bryson LONG,LONG,Bryson,USA,58.88,6.18,111.73%,,2023 Krakow Junior World Championships,2023 Krakow Junior World Championships MCSLX Bryson LONG
2023,Krakow,Junior World Championships,Time Trial,Time Trial,MCSLX,33,12,Jesus MARTINEZ,MARTINEZ,Jesus,CHI,59.06,6.36,112.07%,,2023 Krakow Junior World Championships,2023 Krakow Junior World Championships MCSLX Jesus MARTINEZ
2023,Krakow,Junior World Championships,Time Trial,Time Trial,MCSLX,34,37,Archie NELSON,NELSON,Archie,AUS,59.12,6.42,112.18%,,2023 Krakow Junior World Championships,2023 Krakow Junior World Championships MCSLX Archie NELSON
2023,Krakow,Junior World Championships,Time Trial,Time Trial,MCSLX,35,22,Marcin KOSCIUKIEWICZ,KOSCIUKIEWICZ,Marcin,POL,59.37,6.67,112.66%,,2023 Krakow Junior World Championships,2023 Krakow Junior World Championships MCSLX Marcin KOSCIUKIEWICZ
2023,Krakow,Junior World Championships,Time Trial,Time Trial,MCSLX,36,74,Scott RITCHIE,RITCHIE,Scott,GBR,59.43,6.73,112.77%,,2023 Krakow Junior World Championships,2023 Krakow Junior World Championships MCSLX Scott RITCHIE
2023,Krakow,Junior World Championships,Time Trial,Time Trial,MCSLX,37,11,Tom GOLDSMITH,GOLDSMITH,Tom,NZL,59.44,6.74,112.79%,,2023 Krakow Junior World Championships,2023 Krakow Junior World Championships MCSLX Tom GOLDSMITH
2023,Krakow,Junior World Championships,Time Trial,Time Trial,MCSLX,38,7,Isaac ZIMMERMAN,ZIMMERMAN,Isaac,CAN,60.25,7.55,114.33%,,2023 Krakow Junior World Championships,2023 Krakow Junior World Championships MCSLX Isaac ZIMMERMAN
2023,Krakow,Junior World Championships,Time Trial,Time Trial,MCSLX,39,60,Stefan RIBARSKI,RIBARSKI,Stefan,MKD,60.53,7.83,114.86%,,2023 Krakow Junior World Championships,2023 Krakow Junior World Championships MCSLX Stefan RIBARSKI
2023,Krakow,Junior World Championships,Time Trial,Time Trial,MCSLX,40,72,Marek BIZEK,BIZEK,Marek,CZE,60.78,8.08,115.33%,,2023 Krakow Junior World Championships,2023 Krakow Junior World Championships MCSLX Marek BIZEK
2023,Krakow,Junior World Championships,Time Trial,Time Trial,MCSLX,41,15,Hunter FLORISSON,FLORISSON,Hunter,AUS,60.82,8.12,115.41%,,2023 Krakow Junior World Championships,2023 Krakow Junior World Championships MCSLX Hunter FLORISSON
2023,Krakow,Junior World Championships,Time Trial,Time Trial,MCSLX,42,44,Richard RUMANSKY,RUMANSKY,Richard,SVK,60.83,8.13,115.43%,,2023 Krakow Junior World Championships,2023 Krakow Junior World Championships MCSLX Richard RUMANSKY
2023,Krakow,Junior World Championships,Time Trial,Time Trial,MCSLX,43,55,Azuka MBELU,MBELU,Azuka,ESP,60.87,8.17,115.50%,,2023 Krakow Junior World Championships,2023 Krakow Junior World Championships MCSLX Azuka MBELU
2023,Krakow,Junior World Championships,Time Trial,Time Trial,MCSLX,44,53,David SKUBIK,SKUBIK,David,SVK,61.32,8.62,116.36%,,2023 Krakow Junior World Championships,2023 Krakow Junior World Championships MCSLX David SKUBIK
2023,Krakow,Junior World Championships,Time Trial,Time Trial,MCSLX,45,67,Jonas SCHMIDT,SCHMIDT,Jonas,AUT,61.75,9.05,117.17%,,2023 Krakow Junior World Championships,2023 Krakow Junior World Championships MCSLX Jonas SCHMIDT
2023,Krakow,Junior World Championships,Time Trial,Time Trial,MCSLX,46,35,Lachlan FARADAY,FARADAY,Lachlan,CAN,61.93,9.23,117.51%,,2023 Krakow Junior World Championships,2023 Krakow Junior World Championships MCSLX Lachlan FARADAY
2023,Krakow,Junior World Championships,Time Trial,Time Trial,MCSLX,47,27,Victor Eduardo CARNEIRO,CARNEIRO,Victor Eduardo,BRA,62.17,9.47,117.97%,,2023 Krakow Junior World Championships,2023 Krakow Junior World Championships MCSLX Victor Eduardo CARNEIRO
2023,Krakow,Junior World Championships,Time Trial,Time Trial,MCSLX,48,13,Matthew JEFFERIES,JEFFERIES,Matthew,NZL,62.47,9.77,118.54%,,2023 Krakow Junior World Championships,2023 Krakow Junior World Championships MCSLX Matthew JEFFERIES
2023,Krakow,Junior World Championships,Time Trial,Time Trial,MCSLX,49,70,Paulius VAINAUSKAS,VAINAUSKAS,Paulius,LTU,62.49,9.79,118.58%,,2023 Krakow Junior World Championships,2023 Krakow Junior World Championships MCSLX Paulius VAINAUSKAS
2023,Krakow,Junior World Championships,Time Trial,Time Trial,MCSLX,50,25,Owen MCKAY,MCKAY,Owen,CAN,62.51,9.81,118.61%,,2023 Krakow Junior World Championships,2023 Krakow Junior World Championships MCSLX Owen MCKAY
2023,Krakow,Junior World Championships,Time Trial,Time Trial,MCSLX,51,42,Alexandr KOROBOV,KOROBOV,Alexandr,KAZ,62.57,9.87,118.73%,,2023 Krakow Junior World Championships,2023 Krakow Junior World Championships MCSLX Alexandr KOROBOV
2023,Krakow,Junior World Championships,Time Trial,Time Trial,MCSLX,52,59,Emils VARSLAVANS,VARSLAVANS,Emils,LAT,62.59,9.89,118.77%,,2023 Krakow Junior World Championships,2023 Krakow Junior World Championships MCSLX Emils VARSLAVANS
2023,Krakow,Junior World Championships,Time Trial,Time Trial,MCSLX,53,45,Patrick GUTKNECHT,GUTKNECHT,Patrick,SUI,63.51,10.81,120.51%,,2023 Krakow Junior World Championships,2023 Krakow Junior World Championships MCSLX Patrick GUTKNECHT
2023,Krakow,Junior World Championships,Time Trial,Time Trial,MCSLX,54,48,Murray ROBB,ROBB,Murray,GBR,63.8,11.1,121.06%,,2023 Krakow Junior World Championships,2023 Krakow Junior World Championships MCSLX Murray ROBB
2023,Krakow,Junior World Championships,Time Trial,Time Trial,MCSLX,55,30,Arjun Rangaswami PATHIYAL,PATHIYAL,Arjun Rangaswami,USA,63.82,11.12,121.10%,,2023 Krakow Junior World Championships,2023 Krakow Junior World Championships MCSLX Arjun Rangaswami PATHIYAL
2023,Krakow,Junior World Championships,Time Trial,Time Trial,MCSLX,56,52,Erik SPROTOWSKY,SPROTOWSKY,Erik,GER,65.38,12.68,124.06%,,2023 Krakow Junior World Championships,2023 Krakow Junior World Championships MCSLX Erik SPROTOWSKY
2023,Krakow,Junior World Championships,Time Trial,Time Trial,MCSLX,57,31,Santiago MORFIN,MORFIN,Santiago,MEX,65.46,12.76,124.21%,,2023 Krakow Junior World Championships,2023 Krakow Junior World Championships MCSLX Santiago MORFIN
2023,Krakow,Junior World Championships,Time Trial,Time Trial,MCSLX,58,73,Yeonsu NA,NA,Yeonsu,KOR,65.59,12.89,124.46%,,2023 Krakow Junior World Championships,2023 Krakow Junior World Championships MCSLX Yeonsu NA
2023,Krakow,Junior World Championships,Time Trial,Time Trial,MCSLX,59,61,Santiago PEREZ,PEREZ,Santiago,MEX,65.7,13,124.67%,,2023 Krakow Junior World Championships,2023 Krakow Junior World Championships MCSLX Santiago PEREZ
2023,Krakow,Junior World Championships,Time Trial,Time Trial,MCSLX,60,63,Matyas KORINEK,KORINEK,Matyas,SVK,66.42,13.72,126.03%,,2023 Krakow Junior World Championships,2023 Krakow Junior World Championships MCSLX Matyas KORINEK
2023,Krakow,Junior World Championships,Time Trial,Time Trial,MCSLX,61,80,Pradhyumna Singh RATHOD,RATHOD,Pradhyumna Singh,IND,66.75,14.05,126.66%,,2023 Krakow Junior World Championships,2023 Krakow Junior World Championships MCSLX Pradhyumna Singh RATHOD
2023,Krakow,Junior World Championships,Time Trial,Time Trial,MCSLX,62,69,Kornelijus DAUNORAS,DAUNORAS,Kornelijus,LTU,67.25,14.55,127.61%,,2023 Krakow Junior World Championships,2023 Krakow Junior World Championships MCSLX Kornelijus DAUNORAS
2023,Krakow,Junior World Championships,Time Trial,Time Trial,MCSLX,63,39,Gustaf FIANDER,FIANDER,Gustaf,SWE,67.77,15.07,128.60%,,2023 Krakow Junior World Championships,2023 Krakow Junior World Championships MCSLX Gustaf FIANDER
2023,Krakow,Junior World Championships,Time Trial,Time Trial,MCSLX,64,50,Filip DUDA,DUDA,Filip,SVK,69.56,16.86,131.99%,,2023 Krakow Junior World Championships,2023 Krakow Junior World Championships MCSLX Filip DUDA
2023,Krakow,Junior World Championships,Time Trial,Time Trial,MCSLX,65,79,Sergei ANTONOV,ANTONOV,Sergei,KAZ,68.1,15.4,129.22%,FLT (8),2023 Krakow Junior World Championships,2023 Krakow Junior World Championships MCSLX Sergei ANTONOV
2023,Krakow,Junior World Championships,Time Trial,Time Trial,MCSLX,66,78,Leonards PAVILSONS,PAVILSONS,Leonards,LAT,71.65,18.95,135.96%,FLT (8),2023 Krakow Junior World Championships,2023 Krakow Junior World Championships MCSLX Leonards PAVILSONS
2023,Krakow,Junior World Championships,Time Trial,Time Trial,MCSLX,67,46,Luca BATORI,BATORI,Luca,ROU,77.38,24.68,146.83%,FLT (8),2023 Krakow Junior World Championships,2023 Krakow Junior World Championships MCSLX Luca BATORI
2023,Krakow,Junior World Championships,Time Trial,Time Trial,MCSLX,68,6,Ziga Lin HOCEVAR,HOCEVAR,Ziga Lin,SLO,53.6,0.9,101.71%,FLT (6),2023 Krakow Junior World Championships,2023 Krakow Junior World Championships MCSLX Ziga Lin HOCEVAR
2023,Krakow,Junior World Championships,Time Trial,Time Trial,MCSLX,69,24,Christian STANZEL,STANZEL,Christian,GER,55.18,2.48,104.71%,FLT (6),2023 Krakow Junior World Championships,2023 Krakow Junior World Championships MCSLX Christian STANZEL
2023,Krakow,Junior World Championships,Time Trial,Time Trial,MCSLX,70,32,Xabier FERRAZZI,FERRAZZI,Xabier,ITA,56.87,4.17,107.91%,FLT (6),2023 Krakow Junior World Championships,2023 Krakow Junior World Championships MCSLX Xabier FERRAZZI
2023,Krakow,Junior World Championships,Time Trial,Time Trial,MCSLX,71,21,Oscar WYLLIE,WYLLIE,Oscar,GBR,59.45,6.75,112.81%,FLT (4),2023 Krakow Junior World Championships,2023 Krakow Junior World Championships MCSLX Oscar WYLLIE
2023,Krakow,Junior World Championships,Time Trial,Time Trial,MCSLX,72,3,Daniel PARRY,PARRY,Daniel,CAN,61.37,8.67,116.45%,FLT (4),2023 Krakow Junior World Championships,2023 Krakow Junior World Championships MCSLX Daniel PARRY
2023,Krakow,Junior World Championships,Time Trial,Time Trial,MCSLX,73,9,Patrick KOZMA,KOZMA,Patrick,ROU,67.87,15.17,128.79%,FLT (4),2023 Krakow Junior World Championships,2023 Krakow Junior World Championships MCSLX Patrick KOZMA
2023,Krakow,Junior World Championships,Time Trial,Time Trial,MCSLX,74,40,Carl FIANDER,FIANDER,Carl,SWE,67.79,15.09,128.63%,FLT (R),2023 Krakow Junior World Championships,2023 Krakow Junior World Championships MCSLX Carl FIANDER
2023,Krakow,Junior World Championships,Time Trial,Time Trial,MCSLX,75,41,Ryota IMAGAWA,IMAGAWA,Ryota,JPN,68.26,15.56,129.53%,FLT (R),2023 Krakow Junior World Championships,2023 Krakow Junior World Championships MCSLX Ryota IMAGAWA
2023,Krakow,Junior World Championships,Time Trial,Time Trial,MCSLX,76,68,Joachim JABLONSKI,JABLONSKI,Joachim,POL,68.15,15.45,129.32%,FLT (3),2023 Krakow Junior World Championships,2023 Krakow Junior World Championships MCSLX Joachim JABLONSKI
2023,Krakow,Junior World Championships,Time Trial,Time Trial,MCSLX,77,54,Arik BUETIKOFER,BUETIKOFER,Arik,SUI,64.98,12.28,123.30%,,2023 Krakow Junior World Championships,2023 Krakow Junior World Championships MCSLX Arik BUETIKOFER
2023,Krakow,Junior World Championships,Time Trial,Time Trial,MCSLX,78,56,Charlie EVANS,EVANS,Charlie,NZL,133.15,80.45,252.66%,,2023 Krakow Junior World Championships,2023 Krakow Junior World Championships MCSLX Charlie EVANS
2023,Krakow,U23 World Championships,Brackets,Final,MCSLX,1,,Sam LEAVER,LEAVER,Sam,GBR,,,,,2023 Krakow U23 World Championships,2023 Krakow U23 World Championships MCSLX Sam LEAVER
2023,Krakow,U23 World Championships,Brackets,Final,MCSLX,2,,Nicholas COLLIER,COLLIER,Nicholas,NZL,,,,,2023 Krakow U23 World Championships,2023 Krakow U23 World Championships MCSLX Nicholas COLLIER
2023,Krakow,U23 World Championships,Brackets,Final,MCSLX,3,,Jonny DICKSON,DICKSON,Jonny,GBR,,,,,2023 Krakow U23 World Championships,2023 Krakow U23 World Championships MCSLX Jonny DICKSON
2023,Krakow,U23 World Championships,Brackets,Final,MCSLX,4,,Mikolaj MASTALSKI,MASTALSKI,Mikolaj,POL,,,,,2023 Krakow U23 World Championships,2023 Krakow U23 World Championships MCSLX Mikolaj MASTALSKI
2023,Krakow,U23 World Championships,Brackets,Semi-Final,MCSLX,5,,Alex BALDONI,BALDONI,Alex,CAN,,,,,2023 Krakow U23 World Championships,2023 Krakow U23 World Championships MCSLX Alex BALDONI
2023,Krakow,U23 World Championships,Brackets,Semi-Final,MCSLX,6,,Paul PREISL,PREISL,Paul,AUT,,,,,2023 Krakow U23 World Championships,2023 Krakow U23 World Championships MCSLX Paul PREISL
2023,Krakow,U23 World Championships,Brackets,Semi-Final,MCSLX,7,,Jan ROHRER,ROHRER,Jan,SUI,,,,,2023 Krakow U23 World Championships,2023 Krakow U23 World Championships MCSLX Jan ROHRER
2023,Krakow,U23 World Championships,Brackets,Semi-Final,MCSLX,8,,Leo VUITTON,VUITTON,Leo,FRA,,,,,2023 Krakow U23 World Championships,2023 Krakow U23 World Championships MCSLX Leo VUITTON
2023,Krakow,U23 World Championships,Brackets,Quarter-Final,MCSLX,9,,Gino BENINI,BENINI,Gino,FRA,,,,,2023 Krakow U23 World Championships,2023 Krakow U23 World Championships MCSLX Gino BENINI
2023,Krakow,U23 World Championships,Brackets,Quarter-Final,MCSLX,10,,Vojtech HEGER,HEGER,Vojtech,CZE,,,,,2023 Krakow U23 World Championships,2023 Krakow U23 World Championships MCSLX Vojtech HEGER
2023,Krakow,U23 World Championships,Brackets,Quarter-Final,MCSLX,11,,Jakob SAVLI,SAVLI,Jakob,SLO,,,,,2023 Krakow U23 World Championships,2023 Krakow U23 World Championships MCSLX Jakob SAVLI
2023,Krakow,U23 World Championships,Brackets,Quarter-Final,MCSLX,12,,Piyanath KOETSUK,KOETSUK,Piyanath,THA,,,,,2023 Krakow U23 World Championships,2023 Krakow U23 World Championships MCSLX Piyanath KOETSUK
2023,Krakow,U23 World Championships,Brackets,Quarter-Final,MCSLX,13,,Gael ADISSON,ADISSON,Gael,FRA,,,,,2023 Krakow U23 World Championships,2023 Krakow U23 World Championships MCSLX Gael ADISSON
2023,Krakow,U23 World Championships,Brackets,Quarter-Final,MCSLX,14,,Angel PETRUSHEV,PETRUSHEV,Angel,MKD,,,,,2023 Krakow U23 World Championships,2023 Krakow U23 World Championships MCSLX Angel PETRUSHEV
2023,Krakow,U23 World Championships,Brackets,Quarter-Final,MCSLX,15,,Joshua DIETZ,DIETZ,Joshua,GER,,,,,2023 Krakow U23 World Championships,2023 Krakow U23 World Championships MCSLX Joshua DIETZ
2023,Krakow,U23 World Championships,Brackets,Quarter-Final,MCSLX,16,,Sebastian MONTALTO,MONTALTO,Sebastian,AUS,,,,,2023 Krakow U23 World Championships,2023 Krakow U23 World Championships MCSLX Sebastian MONTALTO
2023,Krakow,U23 World Championships,Brackets,Heats,MCSLX,17,,Anatole DELASSUS,DELASSUS,Anatole,FRA,,,,,2023 Krakow U23 World Championships,2023 Krakow U23 World Championships MCSLX Anatole DELASSUS
2023,Krakow,U23 World Championships,Brackets,Heats,MCSLX,18,,Gabriel DE COSTER,DE COSTER,Gabriel,BEL,,,,,2023 Krakow U23 World Championships,2023 Krakow U23 World Championships MCSLX Gabriel DE COSTER
2023,Krakow,U23 World Championships,Brackets,Heats,MCSLX,19,,Jan BARTA,BARTA,Jan,CZE,,,,,2023 Krakow U23 World Championships,2023 Krakow U23 World Championships MCSLX Jan BARTA
2023,Krakow,U23 World Championships,Brackets,Heats,MCSLX,20,,Tommaso BARZON,BARZON,Tommaso,ITA,,,,,2023 Krakow U23 World Championships,2023 Krakow U23 World Championships MCSLX Tommaso BARZON
2023,Krakow,U23 World Championships,Brackets,Heats,MCSLX,21,,Oleksandr FEDORENKO,FEDORENKO,Oleksandr,UKR,,,,,2023 Krakow U23 World Championships,2023 Krakow U23 World Championships MCSLX Oleksandr FEDORENKO
2023,Krakow,U23 World Championships,Brackets,Heats,MCSLX,22,,Imangali MAMBETOV,MAMBETOV,Imangali,KAZ,,,,,2023 Krakow U23 World Championships,2023 Krakow U23 World Championships MCSLX Imangali MAMBETOV
2023,Krakow,U23 World Championships,Brackets,Heats,MCSLX,23,,Edgars GRAVITIS,GRAVITIS,Edgars,LAT,,,,,2023 Krakow U23 World Championships,2023 Krakow U23 World Championships MCSLX Edgars GRAVITIS
2023,Krakow,U23 World Championships,Brackets,Heats,MCSLX,24,,Antonio REINOSO,REINOSO,Antonio,MEX,,,,,2023 Krakow U23 World Championships,2023 Krakow U23 World Championships MCSLX Antonio REINOSO
2023,Krakow,U23 World Championships,Brackets,Heats,MCSLX,25,,Mark CROSBEE,CROSBEE,Mark,AUS,,,,,2023 Krakow U23 World Championships,2023 Krakow U23 World Championships MCSLX Mark CROSBEE
2023,Krakow,U23 World Championships,Brackets,Heats,MCSLX,26,,Murillo SORGETZ,SORGETZ,Murillo,BRA,,,,,2023 Krakow U23 World Championships,2023 Krakow U23 World Championships MCSLX Murillo SORGETZ
2023,Krakow,U23 World Championships,Brackets,Heats,MCSLX,27,,Pau ECHANIZ,ECHANIZ,Pau,ESP,,,,,2023 Krakow U23 World Championships,2023 Krakow U23 World Championships MCSLX Pau ECHANIZ
2023,Krakow,U23 World Championships,Brackets,Heats,MCSLX,29,,Thomas UKALOVIC,UKALOVIC,Thomas,CRO,,,,,2023 Krakow U23 World Championships,2023 Krakow U23 World Championships MCSLX Thomas UKALOVIC
2023,Krakow,U23 World Championships,Brackets,Heats,MCSLX,30,,Lucas JACOB,JACOB,Lucas,POR,,,,,2023 Krakow U23 World Championships,2023 Krakow U23 World Championships MCSLX Lucas JACOB
2023,Krakow,U23 World Championships,Brackets,Heats,MCSLX,31,,Matej BLASCIK,BLASCIK,Matej,SVK,,,,,2023 Krakow U23 World Championships,2023 Krakow U23 World Championships MCSLX Matej BLASCIK
2023,Krakow,U23 World Championships,Brackets,Heats,MCSLX,32,,Terence SARAMANDIF,SARAMANDIF,Terence,MRI,,,,,2023 Krakow U23 World Championships,2023 Krakow U23 World Championships MCSLX Terence SARAMANDIF
2023,Krakow,Junior World Championships,Brackets,Final,MCSLX,1,,Michele PISTONI,PISTONI,Michele,ITA,,,,,2023 Krakow Junior World Championships,2023 Krakow Junior World Championships MCSLX Michele PISTONI
2023,Krakow,Junior World Championships,Brackets,Final,MCSLX,2,,Martin CORNU,CORNU,Martin,FRA,,,,,2023 Krakow Junior World Championships,2023 Krakow Junior World Championships MCSLX Martin CORNU
2023,Krakow,Junior World Championships,Brackets,Final,MCSLX,3,,Kyler James LONG,LONG,Kyler James,USA,,,,,2023 Krakow Junior World Championships,2023 Krakow Junior World Championships MCSLX Kyler James LONG
2023,Krakow,Junior World Championships,Brackets,Final,MCSLX,4,,Salim Ahmad JEMAI,JEMAI,Salim Ahmad,TUN,,,,,2023 Krakow Junior World Championships,2023 Krakow Junior World Championships MCSLX Salim Ahmad JEMAI
2023,Krakow,Junior World Championships,Brackets,Semi-Final,MCSLX,5,,Moritz KREMSLEHNER,KREMSLEHNER,Moritz,AUT,,,,,2023 Krakow Junior World Championships,2023 Krakow Junior World Championships MCSLX Moritz KREMSLEHNER
2023,Krakow,Junior World Championships,Brackets,Semi-Final,MCSLX,6,,Martins PLAUDIS,PLAUDIS,Martins,LAT,,,,,2023 Krakow Junior World Championships,2023 Krakow Junior World Championships MCSLX Martins PLAUDIS
2023,Krakow,Junior World Championships,Brackets,Semi-Final,MCSLX,7,,Simon ZEITLHOFER,ZEITLHOFER,Simon,AUT,,,,,2023 Krakow Junior World Championships,2023 Krakow Junior World Championships MCSLX Simon ZEITLHOFER
2023,Krakow,Junior World Championships,Brackets,Semi-Final,MCSLX,8,,Lukas KRATOCHVIL,KRATOCHVIL,Lukas,CZE,,,,,2023 Krakow Junior World Championships,2023 Krakow Junior World Championships MCSLX Lukas KRATOCHVIL
2023,Krakow,Junior World Championships,Brackets,Quarter-Final,MCSLX,10,,Keigo YAMAMOTO,YAMAMOTO,Keigo,JPN,,,,,2023 Krakow Junior World Championships,2023 Krakow Junior World Championships MCSLX Keigo YAMAMOTO
2023,Krakow,Junior World Championships,Brackets,Quarter-Final,MCSLX,11,,Artem IVCHENKO,IVCHENKO,Artem,UKR,,,,,2023 Krakow Junior World Championships,2023 Krakow Junior World Championships MCSLX Artem IVCHENKO
2023,Krakow,Junior World Championships,Brackets,Quarter-Final,MCSLX,12,,Nils BIERMANS,BIERMANS,Nils,NED,,,,,2023 Krakow Junior World Championships,2023 Krakow Junior World Championships MCSLX Nils BIERMANS
2023,Krakow,Junior World Championships,Brackets,Quarter-Final,MCSLX,13,,Jan PIPREK,PIPREK,Jan,POL,,,,,2023 Krakow Junior World Championships,2023 Krakow Junior World Championships MCSLX Jan PIPREK
2023,Krakow,Junior World Championships,Brackets,Quarter-Final,MCSLX,14,,Dominic CURTIN,CURTIN,Dominic,AUS,,,,,2023 Krakow Junior World Championships,2023 Krakow Junior World Championships MCSLX Dominic CURTIN
2023,Krakow,Junior World Championships,Brackets,Quarter-Final,MCSLX,15,,Xuban GOIKOETXEA,GOIKOETXEA,Xuban,ESP,,,,,2023 Krakow Junior World Championships,2023 Krakow Junior World Championships MCSLX Xuban GOIKOETXEA
2023,Krakow,Junior World Championships,Brackets,Quarter-Final,MCSLX,16,,Jesus MARTINEZ,MARTINEZ,Jesus,CHI,,,,,2023 Krakow Junior World Championships,2023 Krakow Junior World Championships MCSLX Jesus MARTINEZ
2023,Krakow,Junior World Championships,Brackets,Heats,MCSLX,17,,Enrico DIETZ,DIETZ,Enrico,GER,,,,,2023 Krakow Junior World Championships,2023 Krakow Junior World Championships MCSLX Enrico DIETZ
2023,Krakow,Junior World Championships,Brackets,Heats,MCSLX,18,,Faust CLOTET,CLOTET,Faust,ESP,,,,,2023 Krakow Junior World Championships,2023 Krakow Junior World Championships MCSLX Faust CLOTET
2023,Krakow,Junior World Championships,Brackets,Heats,MCSLX,19,,Ianis TRIOMPHE,TRIOMPHE,Ianis,FRA,,,,,2023 Krakow Junior World Championships,2023 Krakow Junior World Championships MCSLX Ianis TRIOMPHE
2023,Krakow,Junior World Championships,Brackets,Heats,MCSLX,20,,Oliver GOLDSMITH,GOLDSMITH,Oliver,NZL,,,,,2023 Krakow Junior World Championships,2023 Krakow Junior World Championships MCSLX Oliver GOLDSMITH
2023,Krakow,Junior World Championships,Brackets,Heats,MCSLX,21,,Nicolas FEHLMANN,FEHLMANN,Nicolas,SUI,,,,,2023 Krakow Junior World Championships,2023 Krakow Junior World Championships MCSLX Nicolas FEHLMANN
2023,Krakow,Junior World Championships,Brackets,Heats,MCSLX,23,,Isaac ZIMMERMAN,ZIMMERMAN,Isaac,CAN,,,,,2023 Krakow Junior World Championships,2023 Krakow Junior World Championships MCSLX Isaac ZIMMERMAN
2023,Krakow,Junior World Championships,Brackets,Heats,MCSLX,24,,Alexandr KOROBOV,KOROBOV,Alexandr,KAZ,,,,,2023 Krakow Junior World Championships,2023 Krakow Junior World Championships MCSLX Alexandr KOROBOV
2023,Krakow,Junior World Championships,Brackets,Heats,MCSLX,25,,Jonah HANRAHAN,HANRAHAN,Jonah,GBR,,,,,2023 Krakow Junior World Championships,2023 Krakow Junior World Championships MCSLX Jonah HANRAHAN
2023,Krakow,Junior World Championships,Brackets,Heats,MCSLX,26,,Titouan ESTANGUET,ESTANGUET,Titouan,FRA,,,,,2023 Krakow Junior World Championships,2023 Krakow Junior World Championships MCSLX Titouan ESTANGUET
2023,Krakow,Junior World Championships,Brackets,Heats,MCSLX,27,,Matyas NOVAK,NOVAK,Matyas,CZE,,,,,2023 Krakow Junior World Championships,2023 Krakow Junior World Championships MCSLX Matyas NOVAK
2023,Krakow,Junior World Championships,Brackets,Heats,MCSLX,28,,Stefan RIBARSKI,RIBARSKI,Stefan,MKD,,,,,2023 Krakow Junior World Championships,2023 Krakow Junior World Championships MCSLX Stefan RIBARSKI
2023,Krakow,Junior World Championships,Brackets,Heats,MCSLX,29,,Richard RUMANSKY,RUMANSKY,Richard,SVK,,,,,2023 Krakow Junior World Championships,2023 Krakow Junior World Championships MCSLX Richard RUMANSKY
2023,Krakow,Junior World Championships,Brackets,Heats,MCSLX,30,,Victor Eduardo CARNEIRO,CARNEIRO,Victor Eduardo,BRA,,,,,2023 Krakow Junior World Championships,2023 Krakow Junior World Championships MCSLX Victor Eduardo CARNEIRO
2023,Krakow,Junior World Championships,Brackets,Heats,MCSLX,31,,Paulius VAINAUSKAS,VAINAUSKAS,Paulius,LTU,,,,,2023 Krakow Junior World Championships,2023 Krakow Junior World Championships MCSLX Paulius VAINAUSKAS
2023,Krakow,Junior World Championships,Brackets,Heats,MCSLX,32,,Santiago MORFIN,MORFIN,Santiago,MEX,,,,,2023 Krakow Junior World Championships,2023 Krakow Junior World Championships MCSLX Santiago MORFIN
2023,Krakow,U23 World Championships,Time Trial,Time Trial,WCSLX,1,28,Coline CHAREL,CHAREL,Coline,FRA,56.4,0,100.00%,,2023 Krakow U23 World Championships,2023 Krakow U23 World Championships WCSLX Coline CHAREL
2023,Krakow,U23 World Championships,Time Trial,Time Trial,WCSLX,2,20,Annkatrin PLOCHMANN,PLOCHMANN,Annkatrin,GER,57.41,1.01,101.79%,,2023 Krakow U23 World Championships,2023 Krakow U23 World Championships WCSLX Annkatrin PLOCHMANN
2023,Krakow,U23 World Championships,Time Trial,Time Trial,WCSLX,3,4,Nikita SETCHELL,SETCHELL,Nikita,GBR,57.89,1.49,102.64%,,2023 Krakow U23 World Championships,2023 Krakow U23 World Championships WCSLX Nikita SETCHELL
2023,Krakow,U23 World Championships,Time Trial,Time Trial,WCSLX,4,13,Phoebe SPICER,SPICER,Phoebe,GBR,57.92,1.52,102.70%,,2023 Krakow U23 World Championships,2023 Krakow U23 World Championships WCSLX Phoebe SPICER
2023,Krakow,U23 World Championships,Time Trial,Time Trial,WCSLX,5,16,Ellis MILLER,MILLER,Ellis,GBR,58.7,2.3,104.08%,,2023 Krakow U23 World Championships,2023 Krakow U23 World Championships WCSLX Ellis MILLER
2023,Krakow,U23 World Championships,Time Trial,Time Trial,WCSLX,6,10,Lois LEAVER,LEAVER,Lois,GBR,58.86,2.46,104.36%,,2023 Krakow U23 World Championships,2023 Krakow U23 World Championships WCSLX Lois LEAVER
2023,Krakow,U23 World Championships,Time Trial,Time Trial,WCSLX,7,3,Alena MARX,MARX,Alena,SUI,59.31,2.91,105.16%,,2023 Krakow U23 World Championships,2023 Krakow U23 World Championships WCSLX Alena MARX
2023,Krakow,U23 World Championships,Time Trial,Time Trial,WCSLX,8,6,Antonie GALUSKOVA,GALUSKOVA,Antonie,CZE,59.44,3.04,105.39%,,2023 Krakow U23 World Championships,2023 Krakow U23 World Championships WCSLX Antonie GALUSKOVA
2023,Krakow,U23 World Championships,Time Trial,Time Trial,WCSLX,9,39,Lea NOVAK,NOVAK,Lea,SLO,59.56,3.16,105.60%,,2023 Krakow U23 World Championships,2023 Krakow U23 World Championships WCSLX Lea NOVAK
2023,Krakow,U23 World Championships,Time Trial,Time Trial,WCSLX,10,18,Tereza KNEBLOVA,KNEBLOVA,Tereza,CZE,59.69,3.29,105.83%,,2023 Krakow U23 World Championships,2023 Krakow U23 World Championships WCSLX Tereza KNEBLOVA
2023,Krakow,U23 World Championships,Time Trial,Time Trial,WCSLX,11,8,Emma VUITTON,VUITTON,Emma,FRA,59.86,3.46,106.13%,,2023 Krakow U23 World Championships,2023 Krakow U23 World Championships WCSLX Emma VUITTON
2023,Krakow,U23 World Championships,Time Trial,Time Trial,WCSLX,12,17,Angele HUG,HUG,Angele,FRA,60.17,3.77,106.68%,,2023 Krakow U23 World Championships,2023 Krakow U23 World Championships WCSLX Angele HUG
2023,Krakow,U23 World Championships,Time Trial,Time Trial,WCSLX,13,44,Ainhoa LAMEIRO,LAMEIRO,Ainhoa,ESP,60.2,3.8,106.74%,,2023 Krakow U23 World Championships,2023 Krakow U23 World Championships WCSLX Ainhoa LAMEIRO
2023,Krakow,U23 World Championships,Time Trial,Time Trial,WCSLX,14,14,Emily APEL,APEL,Emily,GER,60.71,4.31,107.64%,,2023 Krakow U23 World Championships,2023 Krakow U23 World Championships WCSLX Emily APEL
2023,Krakow,U23 World Championships,Time Trial,Time Trial,WCSLX,15,1,Evy LEIBFARTH,LEIBFARTH,Evy,USA,60.72,4.32,107.66%,,2023 Krakow U23 World Championships,2023 Krakow U23 World Championships WCSLX Evy LEIBFARTH
2023,Krakow,U23 World Championships,Time Trial,Time Trial,WCSLX,16,34,Ivana CHLEBOVA,CHLEBOVA,Ivana,SVK,60.84,4.44,107.87%,,2023 Krakow U23 World Championships,2023 Krakow U23 World Championships WCSLX Ivana CHLEBOVA
2023,Krakow,U23 World Championships,Time Trial,Time Trial,WCSLX,17,19,Franziska HANKE,HANKE,Franziska,GER,60.95,4.55,108.07%,,2023 Krakow U23 World Championships,2023 Krakow U23 World Championships WCSLX Franziska HANKE
2023,Krakow,U23 World Championships,Time Trial,Time Trial,WCSLX,18,9,Aleksandra STACH,STACH,Aleksandra,POL,60.99,4.59,108.14%,,2023 Krakow U23 World Championships,2023 Krakow U23 World Championships WCSLX Aleksandra STACH
2023,Krakow,U23 World Championships,Time Trial,Time Trial,WCSLX,19,2,Lea BALDONI,BALDONI,Lea,CAN,61.06,4.66,108.26%,,2023 Krakow U23 World Championships,2023 Krakow U23 World Championships WCSLX Lea BALDONI
2023,Krakow,U23 World Championships,Time Trial,Time Trial,WCSLX,20,48,Laurene ROISIN,ROISIN,Laurene,FRA,61.58,5.18,109.18%,,2023 Krakow U23 World Championships,2023 Krakow U23 World Championships WCSLX Laurene ROISIN
2023,Krakow,U23 World Championships,Time Trial,Time Trial,WCSLX,21,21,Anna LYCHKO,LYCHKO,Anna,UKR,62.05,5.65,110.02%,,2023 Krakow U23 World Championships,2023 Krakow U23 World Championships WCSLX Anna LYCHKO
2023,Krakow,U23 World Championships,Time Trial,Time Trial,WCSLX,22,31,Katerina BEKOVA,BEKOVA,Katerina,CZE,62.08,5.68,110.07%,,2023 Krakow U23 World Championships,2023 Krakow U23 World Championships WCSLX Katerina BEKOVA
2023,Krakow,U23 World Championships,Time Trial,Time Trial,WCSLX,23,32,Jaimee WILSON,WILSON,Jaimee,NZL,62.16,5.76,110.21%,,2023 Krakow U23 World Championships,2023 Krakow U23 World Championships WCSLX Jaimee WILSON
2023,Krakow,U23 World Championships,Time Trial,Time Trial,WCSLX,24,26,Pipi UHL,UHL,Pipi,NZL,62.19,5.79,110.27%,,2023 Krakow U23 World Championships,2023 Krakow U23 World Championships WCSLX Pipi UHL
2023,Krakow,U23 World Championships,Time Trial,Time Trial,WCSLX,25,23,Leire GONI,GONI,Leire,ESP,62.2,5.8,110.28%,,2023 Krakow U23 World Championships,2023 Krakow U23 World Championships WCSLX Leire GONI
2023,Krakow,U23 World Championships,Time Trial,Time Trial,WCSLX,26,5,Sona STANOVSKA,STANOVSKA,Sona,SVK,62.51,6.11,110.83%,,2023 Krakow U23 World Championships,2023 Krakow U23 World Championships WCSLX Sona STANOVSKA
2023,Krakow,U23 World Championships,Time Trial,Time Trial,WCSLX,27,30,Maite ODRIOZOLA,ODRIOZOLA,Maite,ESP,63.12,6.72,111.91%,,2023 Krakow U23 World Championships,2023 Krakow U23 World Championships WCSLX Maite ODRIOZOLA
2023,Krakow,U23 World Championships,Time Trial,Time Trial,WCSLX,28,43,Dominika DANEK,DANEK,Dominika,POL,63.16,6.76,111.99%,,2023 Krakow U23 World Championships,2023 Krakow U23 World Championships WCSLX Dominika DANEK
2023,Krakow,U23 World Championships,Time Trial,Time Trial,WCSLX,29,38,Svenja MATTI,MATTI,Svenja,SUI,63.64,7.24,112.84%,,2023 Krakow U23 World Championships,2023 Krakow U23 World Championships WCSLX Svenja MATTI
2023,Krakow,U23 World Championships,Time Trial,Time Trial,WCSLX,30,27,Clara GONZALEZ,GONZALEZ,Clara,ESP,64.3,7.9,114.01%,,2023 Krakow U23 World Championships,2023 Krakow U23 World Championships WCSLX Clara GONZALEZ
2023,Krakow,U23 World Championships,Time Trial,Time Trial,WCSLX,31,29,Janina KRIESINGER,KRIESINGER,Janina,BEL,64.95,8.55,115.16%,,2023 Krakow U23 World Championships,2023 Krakow U23 World Championships WCSLX Janina KRIESINGER
2023,Krakow,U23 World Championships,Time Trial,Time Trial,WCSLX,32,7,Eva Alina HOCEVAR,HOCEVAR,Eva Alina,SLO,65.35,8.95,115.87%,,2023 Krakow U23 World Championships,2023 Krakow U23 World Championships WCSLX Eva Alina HOCEVAR
2023,Krakow,U23 World Championships,Time Trial,Time Trial,WCSLX,33,33,Abby COLLINS,COLLINS,Abby,AUS,66.23,9.83,117.43%,,2023 Krakow U23 World Championships,2023 Krakow U23 World Championships WCSLX Abby COLLINS
2023,Krakow,U23 World Championships,Time Trial,Time Trial,WCSLX,34,41,Dominika BRZESKA,BRZESKA,Dominika,POL,66.62,10.22,118.12%,,2023 Krakow U23 World Championships,2023 Krakow U23 World Championships WCSLX Dominika BRZESKA
2023,Krakow,U23 World Championships,Time Trial,Time Trial,WCSLX,35,49,Oleksandra HORLOVA,HORLOVA,Oleksandra,UKR,66.87,10.47,118.56%,,2023 Krakow U23 World Championships,2023 Krakow U23 World Championships WCSLX Oleksandra HORLOVA
2023,Krakow,U23 World Championships,Time Trial,Time Trial,WCSLX,36,45,Zuzanna CECURSKA,CECURSKA,Zuzanna,POL,67.3,10.9,119.33%,,2023 Krakow U23 World Championships,2023 Krakow U23 World Championships WCSLX Zuzanna CECURSKA
2023,Krakow,U23 World Championships,Time Trial,Time Trial,WCSLX,37,37,Beatriz DA MOTTA,DA MOTTA,Beatriz,BRA,68.23,11.83,120.98%,,2023 Krakow U23 World Championships,2023 Krakow U23 World Championships WCSLX Beatriz DA MOTTA
2023,Krakow,U23 World Championships,Time Trial,Time Trial,WCSLX,38,40,Elorri ERDOIS,ERDOIS,Elorri,BEL,68.83,12.43,122.04%,,2023 Krakow U23 World Championships,2023 Krakow U23 World Championships WCSLX Elorri ERDOIS
2023,Krakow,U23 World Championships,Time Trial,Time Trial,WCSLX,39,22,Kurumi ITO,ITO,Kurumi,JPN,68.93,12.53,122.22%,,2023 Krakow U23 World Championships,2023 Krakow U23 World Championships WCSLX Kurumi ITO
2023,Krakow,U23 World Championships,Time Trial,Time Trial,WCSLX,40,24,Marcella ALTMAN,ALTMAN,Marcella,USA,71.9,15.5,127.48%,,2023 Krakow U23 World Championships,2023 Krakow U23 World Championships WCSLX Marcella ALTMAN
2023,Krakow,U23 World Championships,Time Trial,Time Trial,WCSLX,41,47,Blandine XHEMAJLJI,XHEMAJLJI,Blandine,KOS,75.88,19.48,134.54%,,2023 Krakow U23 World Championships,2023 Krakow U23 World Championships WCSLX Blandine XHEMAJLJI
2023,Krakow,U23 World Championships,Time Trial,Time Trial,WCSLX,42,35,Jaruwan NIAMTHONG,NIAMTHONG,Jaruwan,THA,83.03,26.63,147.22%,,2023 Krakow U23 World Championships,2023 Krakow U23 World Championships WCSLX Jaruwan NIAMTHONG
2023,Krakow,U23 World Championships,Time Trial,Time Trial,WCSLX,43,46,Emilie ARMANI,ARMANI,Emilie,ECU,97.28,40.88,172.48%,,2023 Krakow U23 World Championships,2023 Krakow U23 World Championships WCSLX Emilie ARMANI
2023,Krakow,U23 World Championships,Time Trial,Time Trial,WCSLX,44,42,Veronika SALASEVICIUTE-TURBINOVA,SALASEVICIUTE-TURBINOVA,Veronika,LTU,80.91,24.51,143.46%,FLT (6),2023 Krakow U23 World Championships,2023 Krakow U23 World Championships WCSLX Veronika SALASEVICIUTE-TURBINOVA
2023,Krakow,U23 World Championships,Time Trial,Time Trial,WCSLX,45,15,Lucie NESNIDALOVA,NESNIDALOVA,Lucie,CZE,72.91,16.51,129.27%,FLT (4),2023 Krakow U23 World Championships,2023 Krakow U23 World Championships WCSLX Lucie NESNIDALOVA
2023,Krakow,U23 World Championships,Time Trial,Time Trial,WCSLX,46,25,Georgia O'CALLAGHAN,O'CALLAGHAN,Georgia,AUS,63.2,6.8,112.06%,FLT (3),2023 Krakow U23 World Championships,2023 Krakow U23 World Championships WCSLX Georgia O'CALLAGHAN
2023,Krakow,U23 World Championships,Time Trial,Time Trial,WCSLX,47,36,Anastassiya ANANYEVA,ANANYEVA,Anastassiya,KAZ,75.68,19.28,134.18%,,2023 Krakow U23 World Championships,2023 Krakow U23 World Championships WCSLX Anastassiya ANANYEVA
2022,Ivrea,Junior World Championships,Time Trial,Time Trial,WCSLX,1,1,Evy LEIBFARTH,LEIBFARTH,Evy,USA,55.95,0,100.00%,,2022 Ivrea Junior World Championships,2022 Ivrea Junior World Championships WCSLX Evy LEIBFARTH
2022,Ivrea,Junior World Championships,Time Trial,Time Trial,WCSLX,2,42,Sonja NEUBAUER,NEUBAUER,Sonja,GER,57.05,1.1,101.97%,,2022 Ivrea Junior World Championships,2022 Ivrea Junior World Championships WCSLX Sonja NEUBAUER
2022,Ivrea,Junior World Championships,Time Trial,Time Trial,WCSLX,2,20,Zoe LAURENT,LAURENT,Zoe,FRA,57.05,1.1,101.97%,,2022 Ivrea Junior World Championships,2022 Ivrea Junior World Championships WCSLX Zoe LAURENT
2022,Ivrea,Junior World Championships,Time Trial,Time Trial,WCSLX,4,3,Haizea SEGURA,SEGURA,Haizea,ESP,57.73,1.78,103.18%,,2022 Ivrea Junior World Championships,2022 Ivrea Junior World Championships WCSLX Haizea SEGURA
2022,Ivrea,Junior World Championships,Time Trial,Time Trial,WCSLX,5,43,Paulina PIRRO,PIRRO,Paulina,GER,57.97,2.02,103.61%,,2022 Ivrea Junior World Championships,2022 Ivrea Junior World Championships WCSLX Paulina PIRRO
2022,Ivrea,Junior World Championships,Time Trial,Time Trial,WCSLX,6,33,Arina KONTCHAKOV,KONTCHAKOV,Arina,GBR,58.46,2.51,104.49%,,2022 Ivrea Junior World Championships,2022 Ivrea Junior World Championships WCSLX Arina KONTCHAKOV
2022,Ivrea,Junior World Championships,Time Trial,Time Trial,WCSLX,7,10,Naja PINTERIC,PINTERIC,Naja,SLO,58.71,2.76,104.93%,,2022 Ivrea Junior World Championships,2022 Ivrea Junior World Championships WCSLX Naja PINTERIC
2022,Ivrea,Junior World Championships,Time Trial,Time Trial,WCSLX,8,2,Zuzana PANKOVA,PANKOVA,Zuzana,SVK,58.84,2.89,105.17%,,2022 Ivrea Junior World Championships,2022 Ivrea Junior World Championships WCSLX Zuzana PANKOVA
2022,Ivrea,Junior World Championships,Time Trial,Time Trial,WCSLX,8,27,Jessica DUC,DUC,Jessica,SUI,58.84,2.89,105.17%,,2022 Ivrea Junior World Championships,2022 Ivrea Junior World Championships WCSLX Jessica DUC
2022,Ivrea,Junior World Championships,Time Trial,Time Trial,WCSLX,10,18,Olga SAMKOVA,SAMKOVA,Olga,CZE,58.99,3.04,105.43%,,2022 Ivrea Junior World Championships,2022 Ivrea Junior World Championships WCSLX Olga SAMKOVA
2022,Ivrea,Junior World Championships,Time Trial,Time Trial,WCSLX,11,21,Klara KNEBLOVA,KNEBLOVA,Klara,CZE,59.08,3.13,105.59%,,2022 Ivrea Junior World Championships,2022 Ivrea Junior World Championships WCSLX Klara KNEBLOVA
2022,Ivrea,Junior World Championships,Time Trial,Time Trial,WCSLX,12,24,Petronela IZOVA,IZOVA,Petronela,SVK,59.2,3.25,105.81%,,2022 Ivrea Junior World Championships,2022 Ivrea Junior World Championships WCSLX Petronela IZOVA
2022,Ivrea,Junior World Championships,Time Trial,Time Trial,WCSLX,13,37,Leire GONI,GONI,Leire,ESP,59.4,3.45,106.17%,,2022 Ivrea Junior World Championships,2022 Ivrea Junior World Championships WCSLX Leire GONI
2022,Ivrea,Junior World Championships,Time Trial,Time Trial,WCSLX,14,30,Clara DELAHAYE,DELAHAYE,Clara,FRA,59.57,3.62,106.47%,,2022 Ivrea Junior World Championships,2022 Ivrea Junior World Championships WCSLX Clara DELAHAYE
2022,Ivrea,Junior World Championships,Time Trial,Time Trial,WCSLX,15,15,Charlotte WILD,WILD,Charlotte,GER,60.06,4.11,107.35%,,2022 Ivrea Junior World Championships,2022 Ivrea Junior World Championships WCSLX Charlotte WILD
2022,Ivrea,Junior World Championships,Time Trial,Time Trial,WCSLX,16,35,Hannah RHODES,RHODES,Hannah,GBR,60.24,4.29,107.67%,,2022 Ivrea Junior World Championships,2022 Ivrea Junior World Championships WCSLX Hannah RHODES
2022,Ivrea,Junior World Championships,Time Trial,Time Trial,WCSLX,17,31,Katerina SVEHLOVA,SVEHLOVA,Katerina,CZE,60.46,4.51,108.06%,,2022 Ivrea Junior World Championships,2022 Ivrea Junior World Championships WCSLX Katerina SVEHLOVA
2022,Ivrea,Junior World Championships,Time Trial,Time Trial,WCSLX,18,14,Katherine SHATTOCK,SHATTOCK,Katherine,GBR,60.94,4.99,108.92%,,2022 Ivrea Junior World Championships,2022 Ivrea Junior World Championships WCSLX Katherine SHATTOCK
2022,Ivrea,Junior World Championships,Time Trial,Time Trial,WCSLX,19,26,Malen GUTIERREZ,GUTIERREZ,Malen,ESP,61.93,5.98,110.69%,,2022 Ivrea Junior World Championships,2022 Ivrea Junior World Championships WCSLX Malen GUTIERREZ
2022,Ivrea,Junior World Championships,Time Trial,Time Trial,WCSLX,20,17,Lucia PISTONI,PISTONI,Lucia,ITA,62.76,6.81,112.17%,,2022 Ivrea Junior World Championships,2022 Ivrea Junior World Championships WCSLX Lucia PISTONI
2022,Ivrea,Junior World Championships,Time Trial,Time Trial,WCSLX,21,5,Sophie GILFILLAN,GILFILLAN,Sophie,CAN,64.99,9.04,116.16%,,2022 Ivrea Junior World Championships,2022 Ivrea Junior World Championships WCSLX Sophie GILFILLAN
2022,Ivrea,Junior World Championships,Time Trial,Time Trial,WCSLX,22,39,Nahia OTEIZA,OTEIZA,Nahia,FRA,65.56,9.61,117.18%,,2022 Ivrea Junior World Championships,2022 Ivrea Junior World Championships WCSLX Nahia OTEIZA
2022,Ivrea,Junior World Championships,Time Trial,Time Trial,WCSLX,23,48,Pipi UHL,UHL,Pipi,NZL,65.9,9.95,117.78%,,2022 Ivrea Junior World Championships,2022 Ivrea Junior World Championships WCSLX Pipi UHL
2022,Ivrea,Junior World Championships,Time Trial,Time Trial,WCSLX,24,28,Maite ODRIOZOLA,ODRIOZOLA,Maite,ESP,66.18,10.23,118.28%,,2022 Ivrea Junior World Championships,2022 Ivrea Junior World Championships WCSLX Maite ODRIOZOLA
2022,Ivrea,Junior World Championships,Time Trial,Time Trial,WCSLX,25,34,Ladina HEEL,HEEL,Ladina,SUI,66.35,10.4,118.59%,,2022 Ivrea Junior World Championships,2022 Ivrea Junior World Championships WCSLX Ladina HEEL
2022,Ivrea,Junior World Championships,Time Trial,Time Trial,WCSLX,26,12,Katarzyna LIBER,LIBER,Katarzyna,POL,66.47,10.52,118.80%,,2022 Ivrea Junior World Championships,2022 Ivrea Junior World Championships WCSLX Katarzyna LIBER
2022,Ivrea,Junior World Championships,Time Trial,Time Trial,WCSLX,27,49,Caterina PIGNAT,PIGNAT,Caterina,ITA,66.79,10.84,119.37%,,2022 Ivrea Junior World Championships,2022 Ivrea Junior World Championships WCSLX Caterina PIGNAT
2022,Ivrea,Junior World Championships,Time Trial,Time Trial,WCSLX,28,36,Dominika BRZESKA,BRZESKA,Dominika,POL,67.45,11.5,120.55%,,2022 Ivrea Junior World Championships,2022 Ivrea Junior World Championships WCSLX Dominika BRZESKA
2022,Ivrea,Junior World Championships,Time Trial,Time Trial,WCSLX,29,13,Nerea CASTIGLIONE,CASTIGLIONE,Nerea,ARG,69.53,13.58,124.27%,,2022 Ivrea Junior World Championships,2022 Ivrea Junior World Championships WCSLX Nerea CASTIGLIONE
2022,Ivrea,Junior World Championships,Time Trial,Time Trial,WCSLX,30,29,Marcella ALTMAN,ALTMAN,Marcella,USA,83.83,27.88,149.83%,,2022 Ivrea Junior World Championships,2022 Ivrea Junior World Championships WCSLX Marcella ALTMAN
2022,Ivrea,Junior World Championships,Time Trial,Time Trial,WCSLX,31,7,Jacqueline KIMMEL,KIMMEL,Jacqueline,USA,71.77,15.82,128.28%,FLT (6),2022 Ivrea Junior World Championships,2022 Ivrea Junior World Championships WCSLX Jacqueline KIMMEL
2022,Ivrea,Junior World Championships,Time Trial,Time Trial,WCSLX,32,22,Barbora CARSKA,CARSKA,Barbora,SVK,73.01,17.06,130.49%,FLT (6),2022 Ivrea Junior World Championships,2022 Ivrea Junior World Championships WCSLX Barbora CARSKA
2022,Ivrea,Junior World Championships,Time Trial,Time Trial,WCSLX,33,47,Lucie KRECH,KRECH,Lucie,GER,59.82,3.87,106.92%,FLT (5),2022 Ivrea Junior World Championships,2022 Ivrea Junior World Championships WCSLX Lucie KRECH
2022,Ivrea,Junior World Championships,Time Trial,Time Trial,WCSLX,34,9,Ema LAMPIC,LAMPIC,Ema,SLO,67.17,11.22,120.05%,FLT (5),2022 Ivrea Junior World Championships,2022 Ivrea Junior World Championships WCSLX Ema LAMPIC
2022,Ivrea,Junior World Championships,Time Trial,Time Trial,WCSLX,35,45,Holly SHEAFF,SHEAFF,Holly,NZL,75.98,20.03,135.80%,FLT (5),2022 Ivrea Junior World Championships,2022 Ivrea Junior World Championships WCSLX Holly SHEAFF
2022,Ivrea,Junior World Championships,Time Trial,Time Trial,WCSLX,36,19,Grace DOONEY,DOONEY,Grace,NZL,92.37,36.42,165.09%,FLT (5),2022 Ivrea Junior World Championships,2022 Ivrea Junior World Championships WCSLX Grace DOONEY
2022,Ivrea,Junior World Championships,Time Trial,Time Trial,WCSLX,37,50,Eva GUCCIONE,GUCCIONE,Eva,NZL,105.62,49.67,188.78%,FLT (5),2022 Ivrea Junior World Championships,2022 Ivrea Junior World Championships WCSLX Eva GUCCIONE
2022,Ivrea,Junior World Championships,Time Trial,Time Trial,WCSLX,38,16,Yekaterina TARANTSEVA,TARANTSEVA,Yekaterina,KAZ,67.5,11.55,120.64%,FLT (4),2022 Ivrea Junior World Championships,2022 Ivrea Junior World Championships WCSLX Yekaterina TARANTSEVA
2022,Ivrea,Junior World Championships,Time Trial,Time Trial,WCSLX,39,46,Lena QUEMERAIS,QUEMERAIS,Lena,FRA,62.99,7.04,112.58%,FLT (R),2022 Ivrea Junior World Championships,2022 Ivrea Junior World Championships WCSLX Lena QUEMERAIS
2022,Ivrea,Junior World Championships,Time Trial,Time Trial,WCSLX,40,23,Anastassiya ANANYEVA,ANANYEVA,Anastassiya,KAZ,77.06,21.11,137.73%,FLT (R),2022 Ivrea Junior World Championships,2022 Ivrea Junior World Championships WCSLX Anastassiya ANANYEVA
2022,Ivrea,Junior World Championships,Time Trial,Time Trial,WCSLX,41,4,Laura PLATA,PLATA,Laura,USA,79.57,23.62,142.22%,FLT (3),2022 Ivrea Junior World Championships,2022 Ivrea Junior World Championships WCSLX Laura PLATA
2022,Ivrea,Junior World Championships,Time Trial,Time Trial,WCSLX,42,6,Beatrice OLSON,OLSON,Beatrice,CAN,59.68,3.73,106.67%,FLT (1),2022 Ivrea Junior World Championships,2022 Ivrea Junior World Championships WCSLX Beatrice OLSON
2022,Ivrea,Junior World Championships,Time Trial,Time Trial,WCSLX,43,44,Fia BUETIKOFER,BUETIKOFER,Fia,SUI,63.83,7.88,114.08%,FLT (1),2022 Ivrea Junior World Championships,2022 Ivrea Junior World Championships WCSLX Fia BUETIKOFER
2022,Ivrea,U23 World Championships,Time Trial,Time Trial,MCSLX,1,17,Anatole DELASSUS,DELASSUS,Anatole,FRA,47.76,0,100.00%,,2022 Ivrea U23 World Championships,2022 Ivrea U23 World Championships MCSLX Anatole DELASSUS
2022,Ivrea,U23 World Championships,Time Trial,Time Trial,MCSLX,2,16,Jan ROHRER,ROHRER,Jan,SUI,48.14,0.38,100.80%,,2022 Ivrea U23 World Championships,2022 Ivrea U23 World Championships MCSLX Jan ROHRER
2022,Ivrea,U23 World Championships,Time Trial,Time Trial,MCSLX,3,22,Jakub KREJCI,KREJCI,Jakub,CZE,48.3,0.54,101.13%,,2022 Ivrea U23 World Championships,2022 Ivrea U23 World Championships MCSLX Jakub KREJCI
2022,Ivrea,U23 World Championships,Time Trial,Time Trial,MCSLX,4,8,Gael ADISSON,ADISSON,Gael,FRA,48.74,0.98,102.05%,,2022 Ivrea U23 World Championships,2022 Ivrea U23 World Championships MCSLX Gael ADISSON
2022,Ivrea,U23 World Championships,Time Trial,Time Trial,MCSLX,5,14,Ben HAYLETT,HAYLETT,Ben,GBR,49.26,1.5,103.14%,,2022 Ivrea U23 World Championships,2022 Ivrea U23 World Championships MCSLX Ben HAYLETT
2022,Ivrea,U23 World Championships,Time Trial,Time Trial,MCSLX,6,6,Tine KANCLER,KANCLER,Tine,SLO,49.33,1.57,103.29%,,2022 Ivrea U23 World Championships,2022 Ivrea U23 World Championships MCSLX Tine KANCLER
2022,Ivrea,U23 World Championships,Time Trial,Time Trial,MCSLX,7,10,Jake BROWN,BROWN,Jake,GBR,49.64,1.88,103.94%,,2022 Ivrea U23 World Championships,2022 Ivrea U23 World Championships MCSLX Jake BROWN
2022,Ivrea,U23 World Championships,Time Trial,Time Trial,MCSLX,8,78,Tomas ZIMA,ZIMA,Tomas,CZE,49.67,1.91,104.00%,,2022 Ivrea U23 World Championships,2022 Ivrea U23 World Championships MCSLX Tomas ZIMA
2022,Ivrea,U23 World Championships,Time Trial,Time Trial,MCSLX,9,1,Felix OSCHMAUTZ,OSCHMAUTZ,Felix,AUT,49.71,1.95,104.08%,,2022 Ivrea U23 World Championships,2022 Ivrea U23 World Championships MCSLX Felix OSCHMAUTZ
2022,Ivrea,U23 World Championships,Time Trial,Time Trial,MCSLX,10,13,Gabriel DE COSTER,DE COSTER,Gabriel,BEL,49.89,2.13,104.46%,,2022 Ivrea U23 World Championships,2022 Ivrea U23 World Championships MCSLX Gabriel DE COSTER
2022,Ivrea,U23 World Championships,Time Trial,Time Trial,MCSLX,11,26,Pitt ROHRER,ROHRER,Pitt,SUI,49.99,2.23,104.67%,,2022 Ivrea U23 World Championships,2022 Ivrea U23 World Championships MCSLX Pitt ROHRER
2022,Ivrea,U23 World Championships,Time Trial,Time Trial,MCSLX,12,75,Christian STANZEL,STANZEL,Christian,GER,50.13,2.37,104.96%,,2022 Ivrea U23 World Championships,2022 Ivrea U23 World Championships MCSLX Christian STANZEL
2022,Ivrea,U23 World Championships,Time Trial,Time Trial,MCSLX,13,45,David BURGOS,BURGOS,David,ESP,50.19,2.43,105.09%,,2022 Ivrea U23 World Championships,2022 Ivrea U23 World Championships MCSLX David BURGOS
2022,Ivrea,U23 World Championships,Time Trial,Time Trial,MCSLX,14,28,Etienne CHAPPELL,CHAPPELL,Etienne,GBR,50.21,2.45,105.13%,,2022 Ivrea U23 World Championships,2022 Ivrea U23 World Championships MCSLX Etienne CHAPPELL
2022,Ivrea,U23 World Championships,Time Trial,Time Trial,MCSLX,15,32,Jonny DICKSON,DICKSON,Jonny,GBR,50.27,2.51,105.26%,,2022 Ivrea U23 World Championships,2022 Ivrea U23 World Championships MCSLX Jonny DICKSON
2022,Ivrea,U23 World Championships,Time Trial,Time Trial,MCSLX,16,41,Vincent DELAHAYE,DELAHAYE,Vincent,FRA,50.35,2.59,105.42%,,2022 Ivrea U23 World Championships,2022 Ivrea U23 World Championships MCSLX Vincent DELAHAYE
2022,Ivrea,U23 World Championships,Time Trial,Time Trial,MCSLX,17,57,Oliver PUCHNER,PUCHNER,Oliver,NZL,50.41,2.65,105.55%,,2022 Ivrea U23 World Championships,2022 Ivrea U23 World Championships MCSLX Oliver PUCHNER
2022,Ivrea,U23 World Championships,Time Trial,Time Trial,MCSLX,18,73,Dario CUESTA,CUESTA,Dario,ESP,50.53,2.77,105.80%,,2022 Ivrea U23 World Championships,2022 Ivrea U23 World Championships MCSLX Dario CUESTA
2022,Ivrea,U23 World Championships,Time Trial,Time Trial,MCSLX,19,7,Vojtech HEGER,HEGER,Vojtech,CZE,50.56,2.8,105.86%,,2022 Ivrea U23 World Championships,2022 Ivrea U23 World Championships MCSLX Vojtech HEGER
2022,Ivrea,U23 World Championships,Time Trial,Time Trial,MCSLX,20,39,Joshua DIETZ,DIETZ,Joshua,GER,50.84,3.08,106.45%,,2022 Ivrea U23 World Championships,2022 Ivrea U23 World Championships MCSLX Joshua DIETZ
2022,Ivrea,U23 World Championships,Time Trial,Time Trial,MCSLX,21,30,George SNOOK,SNOOK,George,NZL,50.89,3.13,106.55%,,2022 Ivrea U23 World Championships,2022 Ivrea U23 World Championships MCSLX George SNOOK
2022,Ivrea,U23 World Championships,Time Trial,Time Trial,MCSLX,22,60,Jan BARTA,BARTA,Jan,CZE,50.94,3.18,106.66%,,2022 Ivrea U23 World Championships,2022 Ivrea U23 World Championships MCSLX Jan BARTA
2022,Ivrea,U23 World Championships,Time Trial,Time Trial,MCSLX,23,34,Michal CIAGLO,CIAGLO,Michal,POL,50.98,3.22,106.74%,,2022 Ivrea U23 World Championships,2022 Ivrea U23 World Championships MCSLX Michal CIAGLO
2022,Ivrea,U23 World Championships,Time Trial,Time Trial,MCSLX,24,11,Marko PETEK,PETEK,Marko,SLO,51.05,3.29,106.89%,,2022 Ivrea U23 World Championships,2022 Ivrea U23 World Championships MCSLX Marko PETEK
2022,Ivrea,U23 World Championships,Time Trial,Time Trial,MCSLX,25,20,Guilherme RODRIGUES,RODRIGUES,Guilherme,BRA,51.16,3.4,107.12%,,2022 Ivrea U23 World Championships,2022 Ivrea U23 World Championships MCSLX Guilherme RODRIGUES
2022,Ivrea,U23 World Championships,Time Trial,Time Trial,MCSLX,26,3,Alex BALDONI,BALDONI,Alex,CAN,51.43,3.67,107.68%,,2022 Ivrea U23 World Championships,2022 Ivrea U23 World Championships MCSLX Alex BALDONI
2022,Ivrea,U23 World Championships,Time Trial,Time Trial,MCSLX,27,80,Ilja BURAN,BURAN,Ilja,SVK,51.84,4.08,108.54%,,2022 Ivrea U23 World Championships,2022 Ivrea U23 World Championships MCSLX Ilja BURAN
2022,Ivrea,U23 World Championships,Time Trial,Time Trial,MCSLX,28,38,Michel UHL,UHL,Michel,NZL,51.91,4.15,108.69%,,2022 Ivrea U23 World Championships,2022 Ivrea U23 World Championships MCSLX Michel UHL
2022,Ivrea,U23 World Championships,Time Trial,Time Trial,MCSLX,29,58,Pierre Louis SAUSSEREAU,SAUSSEREAU,Pierre Louis,FRA,51.93,4.17,108.73%,,2022 Ivrea U23 World Championships,2022 Ivrea U23 World Championships MCSLX Pierre Louis SAUSSEREAU
2022,Ivrea,U23 World Championships,Time Trial,Time Trial,MCSLX,30,61,Davide GHISETTI,GHISETTI,Davide,ITA,52.19,4.43,109.28%,,2022 Ivrea U23 World Championships,2022 Ivrea U23 World Championships MCSLX Davide GHISETTI
2022,Ivrea,U23 World Championships,Time Trial,Time Trial,MCSLX,31,15,Zack MUTTON,MUTTON,Zack,NZL,52.21,4.45,109.32%,,2022 Ivrea U23 World Championships,2022 Ivrea U23 World Championships MCSLX Zack MUTTON
2022,Ivrea,U23 World Championships,Time Trial,Time Trial,MCSLX,32,59,Tadeusz KUCHNO,KUCHNO,Tadeusz,POL,52.22,4.46,109.34%,,2022 Ivrea U23 World Championships,2022 Ivrea U23 World Championships MCSLX Tadeusz KUCHNO
2022,Ivrea,U23 World Championships,Time Trial,Time Trial,MCSLX,33,5,Kaelin FRIEDENSON,FRIEDENSON,Kaelin,USA,52.58,4.82,110.09%,,2022 Ivrea U23 World Championships,2022 Ivrea U23 World Championships MCSLX Kaelin FRIEDENSON
2022,Ivrea,U23 World Championships,Time Trial,Time Trial,MCSLX,34,4,Mael RIVARD,RIVARD,Mael,CAN,52.6,4.84,110.13%,,2022 Ivrea U23 World Championships,2022 Ivrea U23 World Championships MCSLX Mael RIVARD
2022,Ivrea,U23 World Championships,Time Trial,Time Trial,MCSLX,35,54,Calvin WIDMER,WIDMER,Calvin,SUI,52.63,4.87,110.20%,,2022 Ivrea U23 World Championships,2022 Ivrea U23 World Championships MCSLX Calvin WIDMER
2022,Ivrea,U23 World Championships,Time Trial,Time Trial,MCSLX,36,62,Tillmann ROELLER,ROELLER,Tillmann,GER,52.68,4.92,110.30%,,2022 Ivrea U23 World Championships,2022 Ivrea U23 World Championships MCSLX Tillmann ROELLER
2022,Ivrea,U23 World Championships,Time Trial,Time Trial,MCSLX,37,25,Adam GONSENICA,GONSENICA,Adam,SVK,52.81,5.05,110.57%,,2022 Ivrea U23 World Championships,2022 Ivrea U23 World Championships MCSLX Adam GONSENICA
2022,Ivrea,U23 World Championships,Time Trial,Time Trial,MCSLX,38,81,Victor HENNIN,HENNIN,Victor,BEL,52.9,5.14,110.76%,,2022 Ivrea U23 World Championships,2022 Ivrea U23 World Championships MCSLX Victor HENNIN
2022,Ivrea,U23 World Championships,Time Trial,Time Trial,MCSLX,39,23,Lorand GJOSHI,GJOSHI,Lorand,KOS,52.94,5.18,110.85%,,2022 Ivrea U23 World Championships,2022 Ivrea U23 World Championships MCSLX Lorand GJOSHI
2022,Ivrea,U23 World Championships,Time Trial,Time Trial,MCSLX,40,18,Maxime AUBERTIN,AUBERTIN,Maxime,BEL,53.01,5.25,110.99%,,2022 Ivrea U23 World Championships,2022 Ivrea U23 World Championships MCSLX Maxime AUBERTIN
2022,Ivrea,U23 World Championships,Time Trial,Time Trial,MCSLX,41,31,Mathis SOUDI,SOUDI,Mathis,MAR,53.17,5.41,111.33%,,2022 Ivrea U23 World Championships,2022 Ivrea U23 World Championships MCSLX Mathis SOUDI
2022,Ivrea,U23 World Championships,Time Trial,Time Trial,MCSLX,42,51,Leonardo GRIMANDI,GRIMANDI,Leonardo,ITA,53.29,5.53,111.58%,,2022 Ivrea U23 World Championships,2022 Ivrea U23 World Championships MCSLX Leonardo GRIMANDI
2022,Ivrea,U23 World Championships,Time Trial,Time Trial,MCSLX,43,46,Kaua DA SILVA,DA SILVA,Kaua,BRA,53.45,5.69,111.91%,,2022 Ivrea U23 World Championships,2022 Ivrea U23 World Championships MCSLX Kaua DA SILVA
2022,Ivrea,U23 World Championships,Time Trial,Time Trial,MCSLX,44,43,Maximilian GALOVIC,GALOVIC,Maximilian,SVK,53.56,5.8,112.14%,,2022 Ivrea U23 World Championships,2022 Ivrea U23 World Championships MCSLX Maximilian GALOVIC
2022,Ivrea,U23 World Championships,Time Trial,Time Trial,MCSLX,45,72,Giacomo BARZON,BARZON,Giacomo,ITA,53.64,5.88,112.31%,,2022 Ivrea U23 World Championships,2022 Ivrea U23 World Championships MCSLX Giacomo BARZON
2022,Ivrea,U23 World Championships,Time Trial,Time Trial,MCSLX,46,76,Benjamin ROSS,ROSS,Benjamin,AUS,53.86,6.1,112.77%,,2022 Ivrea U23 World Championships,2022 Ivrea U23 World Championships MCSLX Benjamin ROSS
2022,Ivrea,U23 World Championships,Time Trial,Time Trial,MCSLX,47,35,Terence SARAMANDIF,SARAMANDIF,Terence,MRI,54,6.24,113.07%,,2022 Ivrea U23 World Championships,2022 Ivrea U23 World Championships MCSLX Terence SARAMANDIF
2022,Ivrea,U23 World Championships,Time Trial,Time Trial,MCSLX,48,74,Yuuki TANAKA,TANAKA,Yuuki,JPN,54.3,6.54,113.69%,,2022 Ivrea U23 World Championships,2022 Ivrea U23 World Championships MCSLX Yuuki TANAKA
2022,Ivrea,U23 World Championships,Time Trial,Time Trial,MCSLX,49,42,Lachlan BASSETT,BASSETT,Lachlan,AUS,54.54,6.78,114.20%,,2022 Ivrea U23 World Championships,2022 Ivrea U23 World Championships MCSLX Lachlan BASSETT
2022,Ivrea,U23 World Championships,Time Trial,Time Trial,MCSLX,50,40,Joshua MONTALTO,MONTALTO,Joshua,AUS,54.6,6.84,114.32%,,2022 Ivrea U23 World Championships,2022 Ivrea U23 World Championships MCSLX Joshua MONTALTO
2022,Ivrea,U23 World Championships,Time Trial,Time Trial,MCSLX,51,2,Trevor BOYD,BOYD,Trevor,CAN,54.68,6.92,114.49%,,2022 Ivrea U23 World Championships,2022 Ivrea U23 World Championships MCSLX Trevor BOYD
2022,Ivrea,U23 World Championships,Time Trial,Time Trial,MCSLX,51,24,Daniel PEREZ,PEREZ,Daniel,ESP,54.68,6.92,114.49%,,2022 Ivrea U23 World Championships,2022 Ivrea U23 World Championships MCSLX Daniel PEREZ
2022,Ivrea,U23 World Championships,Time Trial,Time Trial,MCSLX,53,67,Noe ANDEREGG,ANDEREGG,Noe,SUI,54.9,7.14,114.95%,,2022 Ivrea U23 World Championships,2022 Ivrea U23 World Championships MCSLX Noe ANDEREGG
2022,Ivrea,U23 World Championships,Time Trial,Time Trial,MCSLX,54,66,Tom MORLEY,MORLEY,Tom,IRL,54.93,7.17,115.01%,,2022 Ivrea U23 World Championships,2022 Ivrea U23 World Championships MCSLX Tom MORLEY
2022,Ivrea,U23 World Championships,Time Trial,Time Trial,MCSLX,55,52,Szymon NOWOBILSKI,NOWOBILSKI,Szymon,POL,54.94,7.18,115.03%,,2022 Ivrea U23 World Championships,2022 Ivrea U23 World Championships MCSLX Szymon NOWOBILSKI
2022,Ivrea,U23 World Championships,Time Trial,Time Trial,MCSLX,56,71,Michal WOS,WOS,Michal,POL,54.97,7.21,115.10%,,2022 Ivrea U23 World Championships,2022 Ivrea U23 World Championships MCSLX Michal WOS
2022,Ivrea,U23 World Championships,Time Trial,Time Trial,MCSLX,57,68,Oleksandr FEDORENKO,FEDORENKO,Oleksandr,UKR,55.36,7.6,115.91%,,2022 Ivrea U23 World Championships,2022 Ivrea U23 World Championships MCSLX Oleksandr FEDORENKO
2022,Ivrea,U23 World Championships,Time Trial,Time Trial,MCSLX,58,37,Murillo SORGETZ,SORGETZ,Murillo,BRA,55.47,7.71,116.14%,,2022 Ivrea U23 World Championships,2022 Ivrea U23 World Championships MCSLX Murillo SORGETZ
2022,Ivrea,U23 World Championships,Time Trial,Time Trial,MCSLX,59,64,Nahuel ESCOBAR PUGGIA,ESCOBAR PUGGIA,Nahuel,ARG,55.56,7.8,116.33%,,2022 Ivrea U23 World Championships,2022 Ivrea U23 World Championships MCSLX Nahuel ESCOBAR PUGGIA
2022,Ivrea,U23 World Championships,Time Trial,Time Trial,MCSLX,60,21,Rutger HOEDEMAKER,HOEDEMAKER,Rutger,NED,55.71,7.95,116.65%,,2022 Ivrea U23 World Championships,2022 Ivrea U23 World Championships MCSLX Rutger HOEDEMAKER
2022,Ivrea,U23 World Championships,Time Trial,Time Trial,MCSLX,61,53,Kosuke SAITO,SAITO,Kosuke,JPN,56.71,8.95,118.74%,,2022 Ivrea U23 World Championships,2022 Ivrea U23 World Championships MCSLX Kosuke SAITO
2022,Ivrea,U23 World Championships,Time Trial,Time Trial,MCSLX,62,79,Ossian FIANDER,FIANDER,Ossian,SWE,57.23,9.47,119.83%,,2022 Ivrea U23 World Championships,2022 Ivrea U23 World Championships MCSLX Ossian FIANDER
2022,Ivrea,U23 World Championships,Time Trial,Time Trial,MCSLX,63,69,Matus HROMEK,HROMEK,Matus,SVK,57.41,9.65,120.21%,,2022 Ivrea U23 World Championships,2022 Ivrea U23 World Championships MCSLX Matus HROMEK
2022,Ivrea,U23 World Championships,Time Trial,Time Trial,MCSLX,64,29,Nicolas TRIPANO,TRIPANO,Nicolas,ARG,57.77,10.01,120.96%,,2022 Ivrea U23 World Championships,2022 Ivrea U23 World Championships MCSLX Nicolas TRIPANO
2022,Ivrea,U23 World Championships,Time Trial,Time Trial,MCSLX,65,12,Yusuke MUTO,MUTO,Yusuke,JPN,57.91,10.15,121.25%,,2022 Ivrea U23 World Championships,2022 Ivrea U23 World Championships MCSLX Yusuke MUTO
2022,Ivrea,U23 World Championships,Time Trial,Time Trial,MCSLX,66,36,Thomas UKALOVIC,UKALOVIC,Thomas,CRO,58.03,10.27,121.50%,,2022 Ivrea U23 World Championships,2022 Ivrea U23 World Championships MCSLX Thomas UKALOVIC
2022,Ivrea,U23 World Championships,Time Trial,Time Trial,MCSLX,67,19,Nour AIT KADDOUR,AIT KADDOUR,Nour,MAR,58.07,10.31,121.59%,,2022 Ivrea U23 World Championships,2022 Ivrea U23 World Championships MCSLX Nour AIT KADDOUR
2022,Ivrea,U23 World Championships,Time Trial,Time Trial,MCSLX,68,63,Tobias FANTINI,FANTINI,Tobias,ARG,58.74,10.98,122.99%,,2022 Ivrea U23 World Championships,2022 Ivrea U23 World Championships MCSLX Tobias FANTINI
2022,Ivrea,U23 World Championships,Time Trial,Time Trial,MCSLX,69,47,Enrico DIETZ,DIETZ,Enrico,GER,59.59,11.83,124.77%,,2022 Ivrea U23 World Championships,2022 Ivrea U23 World Championships MCSLX Enrico DIETZ
2022,Ivrea,U23 World Championships,Time Trial,Time Trial,MCSLX,70,44,Edgars GRAVITIS,GRAVITIS,Edgars,LAT,59.87,12.11,125.36%,,2022 Ivrea U23 World Championships,2022 Ivrea U23 World Championships MCSLX Edgars GRAVITIS
2022,Ivrea,U23 World Championships,Time Trial,Time Trial,MCSLX,71,50,Panagiotis ARVANITIS,ARVANITIS,Panagiotis,GRE,61.14,13.38,128.02%,,2022 Ivrea U23 World Championships,2022 Ivrea U23 World Championships MCSLX Panagiotis ARVANITIS
2022,Ivrea,U23 World Championships,Time Trial,Time Trial,MCSLX,72,56,Ricardo FENTANES,FENTANES,Ricardo,MEX,61.19,13.43,128.12%,,2022 Ivrea U23 World Championships,2022 Ivrea U23 World Championships MCSLX Ricardo FENTANES
2022,Ivrea,U23 World Championships,Time Trial,Time Trial,MCSLX,73,77,Daniel SHAMIEH,SHAMIEH,Daniel,AUS,65.32,17.56,136.77%,,2022 Ivrea U23 World Championships,2022 Ivrea U23 World Championships MCSLX Daniel SHAMIEH
2022,Ivrea,U23 World Championships,Time Trial,Time Trial,MCSLX,74,55,Alexandr KHUDYAKOV,KHUDYAKOV,Alexandr,KAZ,68.04,20.28,142.46%,,2022 Ivrea U23 World Championships,2022 Ivrea U23 World Championships MCSLX Alexandr KHUDYAKOV
2022,Ivrea,U23 World Championships,Time Trial,Time Trial,MCSLX,75,27,Valentyn VOLKOV,VOLKOV,Valentyn,UKR,86.22,38.46,180.53%,FLT (6),2022 Ivrea U23 World Championships,2022 Ivrea U23 World Championships MCSLX Valentyn VOLKOV
2022,Ivrea,U23 World Championships,Time Trial,Time Trial,MCSLX,76,9,Pau ECHANIZ,ECHANIZ,Pau,ESP,66.6,18.84,139.45%,FLT (R),2022 Ivrea U23 World Championships,2022 Ivrea U23 World Championships MCSLX Pau ECHANIZ
2022,Ivrea,U23 World Championships,Time Trial,Time Trial,MCSLX,77,70,Marino SPAGNOL,SPAGNOL,Marino,ITA,62.93,15.17,131.76%,FLT (1),2022 Ivrea U23 World Championships,2022 Ivrea U23 World Championships MCSLX Marino SPAGNOL
2022,Ivrea,Junior World Championships,Time Trial,Time Trial,MCSLX,1,3,Titouan CASTRYCK,CASTRYCK,Titouan,FRA,48.95,0,100.00%,,2022 Ivrea Junior World Championships,2022 Ivrea Junior World Championships MCSLX Titouan CASTRYCK
2022,Ivrea,Junior World Championships,Time Trial,Time Trial,MCSLX,2,62,Matyas NOVAK,NOVAK,Matyas,CZE,50.27,1.32,102.70%,,2022 Ivrea Junior World Championships,2022 Ivrea Junior World Championships MCSLX Matyas NOVAK
2022,Ivrea,Junior World Championships,Time Trial,Time Trial,MCSLX,3,68,Martin CORNU,CORNU,Martin,FRA,50.72,1.77,103.62%,,2022 Ivrea Junior World Championships,2022 Ivrea Junior World Championships MCSLX Martin CORNU
2022,Ivrea,Junior World Championships,Time Trial,Time Trial,MCSLX,4,71,Ben BROWN,BROWN,Ben,GBR,50.77,1.82,103.72%,,2022 Ivrea Junior World Championships,2022 Ivrea Junior World Championships MCSLX Ben BROWN
2022,Ivrea,Junior World Championships,Time Trial,Time Trial,MCSLX,5,67,Manel CONTRERAS,CONTRERAS,Manel,ESP,51.25,2.3,104.70%,,2022 Ivrea Junior World Championships,2022 Ivrea Junior World Championships MCSLX Manel CONTRERAS
2022,Ivrea,Junior World Championships,Time Trial,Time Trial,MCSLX,6,52,Nicolas FEHLMANN,FEHLMANN,Nicolas,SUI,51.78,2.83,105.78%,,2022 Ivrea Junior World Championships,2022 Ivrea Junior World Championships MCSLX Nicolas FEHLMANN
2022,Ivrea,Junior World Championships,Time Trial,Time Trial,MCSLX,7,9,Merle LONG,LONG,Merle,USA,51.96,3.01,106.15%,,2022 Ivrea Junior World Championships,2022 Ivrea Junior World Championships MCSLX Merle LONG
2022,Ivrea,Junior World Championships,Time Trial,Time Trial,MCSLX,8,23,Adam SEMERAD,SEMERAD,Adam,CZE,52,3.05,106.23%,,2022 Ivrea Junior World Championships,2022 Ivrea Junior World Championships MCSLX Adam SEMERAD
2022,Ivrea,Junior World Championships,Time Trial,Time Trial,MCSLX,9,12,Sam LEAVER,LEAVER,Sam,GBR,52.05,3.1,106.33%,,2022 Ivrea Junior World Championships,2022 Ivrea Junior World Championships MCSLX Sam LEAVER
2022,Ivrea,Junior World Championships,Time Trial,Time Trial,MCSLX,10,56,Mark CROSBEE,CROSBEE,Mark,AUS,52.15,3.2,106.54%,,2022 Ivrea Junior World Championships,2022 Ivrea Junior World Championships MCSLX Mark CROSBEE
2022,Ivrea,Junior World Championships,Time Trial,Time Trial,MCSLX,11,54,Javier ARRUABARRENA,ARRUABARRENA,Javier,ESP,52.2,3.25,106.64%,,2022 Ivrea Junior World Championships,2022 Ivrea Junior World Championships MCSLX Javier ARRUABARRENA
2022,Ivrea,Junior World Championships,Time Trial,Time Trial,MCSLX,12,41,Hugo MONASSE,MONASSE,Hugo,FRA,52.44,3.49,107.13%,,2022 Ivrea Junior World Championships,2022 Ivrea Junior World Championships MCSLX Hugo MONASSE
2022,Ivrea,Junior World Championships,Time Trial,Time Trial,MCSLX,13,42,Luis ERSCHIG,ERSCHIG,Luis,GER,52.45,3.5,107.15%,,2022 Ivrea Junior World Championships,2022 Ivrea Junior World Championships MCSLX Luis ERSCHIG
2022,Ivrea,Junior World Championships,Time Trial,Time Trial,MCSLX,14,78,Oscar WYLLIE,WYLLIE,Oscar,GBR,52.53,3.58,107.31%,,2022 Ivrea Junior World Championships,2022 Ivrea Junior World Championships MCSLX Oscar WYLLIE
2022,Ivrea,Junior World Championships,Time Trial,Time Trial,MCSLX,15,39,Xabier FERRAZZI,FERRAZZI,Xabier,ITA,52.69,3.74,107.64%,,2022 Ivrea Junior World Championships,2022 Ivrea Junior World Championships MCSLX Xabier FERRAZZI
2022,Ivrea,Junior World Championships,Time Trial,Time Trial,MCSLX,16,4,Samuel SHARP,SHARP,Samuel,USA,52.79,3.84,107.84%,,2022 Ivrea Junior World Championships,2022 Ivrea Junior World Championships MCSLX Samuel SHARP
2022,Ivrea,Junior World Championships,Time Trial,Time Trial,MCSLX,17,70,Oskar HILLION,HILLION,Oskar,FRA,52.83,3.88,107.93%,,2022 Ivrea Junior World Championships,2022 Ivrea Junior World Championships MCSLX Oskar HILLION
2022,Ivrea,Junior World Championships,Time Trial,Time Trial,MCSLX,18,1,Serhii SOVKO,SOVKO,Serhii,UKR,52.91,3.96,108.09%,,2022 Ivrea Junior World Championships,2022 Ivrea Junior World Championships MCSLX Serhii SOVKO
2022,Ivrea,Junior World Championships,Time Trial,Time Trial,MCSLX,19,17,Jakob SAVLI,SAVLI,Jakob,SLO,52.99,4.04,108.25%,,2022 Ivrea Junior World Championships,2022 Ivrea Junior World Championships MCSLX Jakob SAVLI
2022,Ivrea,Junior World Championships,Time Trial,Time Trial,MCSLX,20,43,Stepan VENC,VENC,Stepan,CZE,53.2,4.25,108.68%,,2022 Ivrea Junior World Championships,2022 Ivrea Junior World Championships MCSLX Stepan VENC
2022,Ivrea,Junior World Championships,Time Trial,Time Trial,MCSLX,21,27,Hamish DALZIEL,DALZIEL,Hamish,AUS,53.25,4.3,108.78%,,2022 Ivrea Junior World Championships,2022 Ivrea Junior World Championships MCSLX Hamish DALZIEL
2022,Ivrea,Junior World Championships,Time Trial,Time Trial,MCSLX,22,20,Moritz KREMSLEHNER,KREMSLEHNER,Moritz,AUT,53.31,4.36,108.91%,,2022 Ivrea Junior World Championships,2022 Ivrea Junior World Championships MCSLX Moritz KREMSLEHNER
2022,Ivrea,Junior World Championships,Time Trial,Time Trial,MCSLX,23,51,Michele Giuseppe PISTONI,PISTONI,Michele Giuseppe,ITA,53.38,4.43,109.05%,,2022 Ivrea Junior World Championships,2022 Ivrea Junior World Championships MCSLX Michele Giuseppe PISTONI
2022,Ivrea,Junior World Championships,Time Trial,Time Trial,MCSLX,24,59,Sebastian MONTALTO,MONTALTO,Sebastian,AUS,53.46,4.51,109.21%,,2022 Ivrea Junior World Championships,2022 Ivrea Junior World Championships MCSLX Sebastian MONTALTO
2022,Ivrea,Junior World Championships,Time Trial,Time Trial,MCSLX,25,79,Michal URBAN,URBAN,Michal,CZE,53.54,4.59,109.38%,,2022 Ivrea Junior World Championships,2022 Ivrea Junior World Championships MCSLX Michal URBAN
2022,Ivrea,Junior World Championships,Time Trial,Time Trial,MCSLX,26,15,Ziga Lin HOCEVAR,HOCEVAR,Ziga Lin,SLO,53.59,4.64,109.48%,,2022 Ivrea Junior World Championships,2022 Ivrea Junior World Championships MCSLX Ziga Lin HOCEVAR
2022,Ivrea,Junior World Championships,Time Trial,Time Trial,MCSLX,27,46,Edward MCDONALD,MCDONALD,Edward,GBR,53.71,4.76,109.72%,,2022 Ivrea Junior World Championships,2022 Ivrea Junior World Championships MCSLX Edward MCDONALD
2022,Ivrea,Junior World Championships,Time Trial,Time Trial,MCSLX,28,66,Tom GOLDSMITH,GOLDSMITH,Tom,NZL,53.79,4.84,109.89%,,2022 Ivrea Junior World Championships,2022 Ivrea Junior World Championships MCSLX Tom GOLDSMITH
2022,Ivrea,Junior World Championships,Time Trial,Time Trial,MCSLX,29,22,Ondrej MACUS,MACUS,Ondrej,SVK,53.91,4.96,110.13%,,2022 Ivrea Junior World Championships,2022 Ivrea Junior World Championships MCSLX Ondrej MACUS
2022,Ivrea,Junior World Championships,Time Trial,Time Trial,MCSLX,30,40,Richard RUMANSKY,RUMANSKY,Richard,SVK,54.01,5.06,110.34%,,2022 Ivrea Junior World Championships,2022 Ivrea Junior World Championships MCSLX Richard RUMANSKY
2022,Ivrea,Junior World Championships,Time Trial,Time Trial,MCSLX,31,60,Elio MAIUTTO,MAIUTTO,Elio,ITA,54.33,5.38,110.99%,,2022 Ivrea Junior World Championships,2022 Ivrea Junior World Championships MCSLX Elio MAIUTTO
2022,Ivrea,Junior World Championships,Time Trial,Time Trial,MCSLX,32,32,David STAFFEN,STAFFEN,David,SVK,54.51,5.56,111.36%,,2022 Ivrea Junior World Championships,2022 Ivrea Junior World Championships MCSLX David STAFFEN
2022,Ivrea,Junior World Championships,Time Trial,Time Trial,MCSLX,33,10,Nathan CHRISTENSEN,CHRISTENSEN,Nathan,CAN,54.69,5.74,111.73%,,2022 Ivrea Junior World Championships,2022 Ivrea Junior World Championships MCSLX Nathan CHRISTENSEN
2022,Ivrea,Junior World Championships,Time Trial,Time Trial,MCSLX,34,6,Bohdan SAKHNO,SAKHNO,Bohdan,UKR,54.78,5.83,111.91%,,2022 Ivrea Junior World Championships,2022 Ivrea Junior World Championships MCSLX Bohdan SAKHNO
2022,Ivrea,Junior World Championships,Time Trial,Time Trial,MCSLX,35,19,Paul PREISL,PREISL,Paul,AUT,54.81,5.86,111.97%,,2022 Ivrea Junior World Championships,2022 Ivrea Junior World Championships MCSLX Paul PREISL
2022,Ivrea,Junior World Championships,Time Trial,Time Trial,MCSLX,36,5,Martins PLAUDIS,PLAUDIS,Martins,LAT,55.16,6.21,112.69%,,2022 Ivrea Junior World Championships,2022 Ivrea Junior World Championships MCSLX Martins PLAUDIS
2022,Ivrea,Junior World Championships,Time Trial,Time Trial,MCSLX,37,38,Niels ZIMMERMANN,ZIMMERMANN,Niels,GER,55.35,6.4,113.07%,,2022 Ivrea Junior World Championships,2022 Ivrea Junior World Championships MCSLX Niels ZIMMERMANN
2022,Ivrea,Junior World Championships,Time Trial,Time Trial,MCSLX,38,8,Kyler James LONG,LONG,Kyler James,USA,55.39,6.44,113.16%,,2022 Ivrea Junior World Championships,2022 Ivrea Junior World Championships MCSLX Kyler James LONG
2022,Ivrea,Junior World Championships,Time Trial,Time Trial,MCSLX,39,36,Marcin KOSCIUKIEWICZ,KOSCIUKIEWICZ,Marcin,POL,55.56,6.61,113.50%,,2022 Ivrea Junior World Championships,2022 Ivrea Junior World Championships MCSLX Marcin KOSCIUKIEWICZ
2022,Ivrea,Junior World Championships,Time Trial,Time Trial,MCSLX,40,48,Imangali MAMBETOV,MAMBETOV,Imangali,KAZ,55.8,6.85,113.99%,,2022 Ivrea Junior World Championships,2022 Ivrea Junior World Championships MCSLX Imangali MAMBETOV
2022,Ivrea,Junior World Championships,Time Trial,Time Trial,MCSLX,41,2,Daniel PARRY,PARRY,Daniel,CAN,55.92,6.97,114.24%,,2022 Ivrea Junior World Championships,2022 Ivrea Junior World Championships MCSLX Daniel PARRY
2022,Ivrea,Junior World Championships,Time Trial,Time Trial,MCSLX,42,65,Wiktor REGIEC,REGIEC,Wiktor,POL,56.15,7.2,114.71%,,2022 Ivrea Junior World Championships,2022 Ivrea Junior World Championships MCSLX Wiktor REGIEC
2022,Ivrea,Junior World Championships,Time Trial,Time Trial,MCSLX,43,37,Patrick GUTKNECHT,GUTKNECHT,Patrick,SUI,56.23,7.28,114.87%,,2022 Ivrea Junior World Championships,2022 Ivrea Junior World Championships MCSLX Patrick GUTKNECHT
2022,Ivrea,Junior World Championships,Time Trial,Time Trial,MCSLX,44,28,Simon ZEITLHOFER,ZEITLHOFER,Simon,AUT,56.4,7.45,115.22%,,2022 Ivrea Junior World Championships,2022 Ivrea Junior World Championships MCSLX Simon ZEITLHOFER
2022,Ivrea,Junior World Championships,Time Trial,Time Trial,MCSLX,45,77,Jonas BUECHNER,BUECHNER,Jonas,GER,56.52,7.57,115.46%,,2022 Ivrea Junior World Championships,2022 Ivrea Junior World Championships MCSLX Jonas BUECHNER
2022,Ivrea,Junior World Championships,Time Trial,Time Trial,MCSLX,46,58,Matthew JEFFERIES,JEFFERIES,Matthew,NZL,56.62,7.67,115.67%,,2022 Ivrea Junior World Championships,2022 Ivrea Junior World Championships MCSLX Matthew JEFFERIES
2022,Ivrea,Junior World Championships,Time Trial,Time Trial,MCSLX,47,49,Vincent BLOOR,BLOOR,Vincent,NZL,56.65,7.7,115.73%,,2022 Ivrea Junior World Championships,2022 Ivrea Junior World Championships MCSLX Vincent BLOOR
2022,Ivrea,Junior World Championships,Time Trial,Time Trial,MCSLX,48,47,George PANKHURST,PANKHURST,George,AUS,56.99,8.04,116.42%,,2022 Ivrea Junior World Championships,2022 Ivrea Junior World Championships MCSLX George PANKHURST
2022,Ivrea,Junior World Championships,Time Trial,Time Trial,MCSLX,49,21,Bohdan POLISHCHUK,POLISHCHUK,Bohdan,UKR,57.12,8.17,116.69%,,2022 Ivrea Junior World Championships,2022 Ivrea Junior World Championships MCSLX Bohdan POLISHCHUK
2022,Ivrea,Junior World Championships,Time Trial,Time Trial,MCSLX,50,76,Ashton BLAIR,BLAIR,Ashton,NZL,57.13,8.18,116.71%,,2022 Ivrea Junior World Championships,2022 Ivrea Junior World Championships MCSLX Ashton BLAIR
2022,Ivrea,Junior World Championships,Time Trial,Time Trial,MCSLX,51,13,Rene JEKLIN,JEKLIN,Rene,SLO,57.27,8.32,117.00%,,2022 Ivrea Junior World Championships,2022 Ivrea Junior World Championships MCSLX Rene JEKLIN
2022,Ivrea,Junior World Championships,Time Trial,Time Trial,MCSLX,52,44,Filip STANKO,STANKO,Filip,SVK,57.57,8.62,117.61%,,2022 Ivrea Junior World Championships,2022 Ivrea Junior World Championships MCSLX Filip STANKO
2022,Ivrea,Junior World Championships,Time Trial,Time Trial,MCSLX,53,29,Marc VICENTE,VICENTE,Marc,ESP,57.66,8.71,117.79%,,2022 Ivrea Junior World Championships,2022 Ivrea Junior World Championships MCSLX Marc VICENTE
2022,Ivrea,Junior World Championships,Time Trial,Time Trial,MCSLX,54,14,Isaac ZIMMERMAN,ZIMMERMAN,Isaac,CAN,57.71,8.76,117.90%,,2022 Ivrea Junior World Championships,2022 Ivrea Junior World Championships MCSLX Isaac ZIMMERMAN
2022,Ivrea,Junior World Championships,Time Trial,Time Trial,MCSLX,55,24,Dominic KASPER,KASPER,Dominic,SUI,58.16,9.21,118.82%,,2022 Ivrea Junior World Championships,2022 Ivrea Junior World Championships MCSLX Dominic KASPER
2022,Ivrea,Junior World Championships,Time Trial,Time Trial,MCSLX,56,34,Mathys MANIET,MANIET,Mathys,BEL,59.2,10.25,120.94%,,2022 Ivrea Junior World Championships,2022 Ivrea Junior World Championships MCSLX Mathys MANIET
2022,Ivrea,Junior World Championships,Time Trial,Time Trial,MCSLX,57,75,Teppei SAITO,SAITO,Teppei,JPN,60.39,11.44,123.37%,,2022 Ivrea Junior World Championships,2022 Ivrea Junior World Championships MCSLX Teppei SAITO
2022,Ivrea,Junior World Championships,Time Trial,Time Trial,MCSLX,58,16,Manuel TRIPANO,TRIPANO,Manuel,ARG,60.64,11.69,123.88%,,2022 Ivrea Junior World Championships,2022 Ivrea Junior World Championships MCSLX Manuel TRIPANO
2022,Ivrea,Junior World Championships,Time Trial,Time Trial,MCSLX,58,64,Ryota IMAGAWA,IMAGAWA,Ryota,JPN,60.64,11.69,123.88%,,2022 Ivrea Junior World Championships,2022 Ivrea Junior World Championships MCSLX Ryota IMAGAWA
2022,Ivrea,Junior World Championships,Time Trial,Time Trial,MCSLX,60,18,Ikenna MBELU,MBELU,Ikenna,ESP,60.82,11.87,124.25%,,2022 Ivrea Junior World Championships,2022 Ivrea Junior World Championships MCSLX Ikenna MBELU
2022,Ivrea,Junior World Championships,Time Trial,Time Trial,MCSLX,61,35,Victor Eduardo CARNEIRO,CARNEIRO,Victor Eduardo,BRA,60.93,11.98,124.47%,,2022 Ivrea Junior World Championships,2022 Ivrea Junior World Championships MCSLX Victor Eduardo CARNEIRO
2022,Ivrea,Junior World Championships,Time Trial,Time Trial,MCSLX,62,45,Tobias CASTIGLIONE,CASTIGLIONE,Tobias,ARG,61.4,12.45,125.43%,,2022 Ivrea Junior World Championships,2022 Ivrea Junior World Championships MCSLX Tobias CASTIGLIONE
2022,Ivrea,Junior World Championships,Time Trial,Time Trial,MCSLX,63,31,Solomon MARAGH,MARAGH,Solomon,JAM,61.67,12.72,125.99%,,2022 Ivrea Junior World Championships,2022 Ivrea Junior World Championships MCSLX Solomon MARAGH
2022,Ivrea,Junior World Championships,Time Trial,Time Trial,MCSLX,64,57,Sebastian KOBER,KOBER,Sebastian,ARG,61.71,12.76,126.07%,,2022 Ivrea Junior World Championships,2022 Ivrea Junior World Championships MCSLX Sebastian KOBER
2022,Ivrea,Junior World Championships,Time Trial,Time Trial,MCSLX,65,72,Alexandr KOROBOV,KOROBOV,Alexandr,KAZ,62.55,13.6,127.78%,,2022 Ivrea Junior World Championships,2022 Ivrea Junior World Championships MCSLX Alexandr KOROBOV
2022,Ivrea,Junior World Championships,Time Trial,Time Trial,MCSLX,66,53,Gustaf FIANDER,FIANDER,Gustaf,SWE,68.99,20.04,140.94%,,2022 Ivrea Junior World Championships,2022 Ivrea Junior World Championships MCSLX Gustaf FIANDER
2022,Ivrea,Junior World Championships,Time Trial,Time Trial,MCSLX,67,7,Matteo-Alexander OLAR,OLAR,Matteo-Alexander,ROU,70.2,21.25,143.41%,,2022 Ivrea Junior World Championships,2022 Ivrea Junior World Championships MCSLX Matteo-Alexander OLAR
2022,Ivrea,Junior World Championships,Time Trial,Time Trial,MCSLX,68,11,Patrick KOZMA,KOZMA,Patrick,ROU,72.38,23.43,147.87%,,2022 Ivrea Junior World Championships,2022 Ivrea Junior World Championships MCSLX Patrick KOZMA
2022,Ivrea,Junior World Championships,Time Trial,Time Trial,MCSLX,69,25,Carl FIANDER,FIANDER,Carl,SWE,84.75,35.8,173.14%,,2022 Ivrea Junior World Championships,2022 Ivrea Junior World Championships MCSLX Carl FIANDER
2022,Ivrea,Junior World Championships,Time Trial,Time Trial,MCSLX,70,61,Masato HAKOMORI,HAKOMORI,Masato,JPN,91.62,42.67,187.17%,,2022 Ivrea Junior World Championships,2022 Ivrea Junior World Championships MCSLX Masato HAKOMORI
2022,Ivrea,Junior World Championships,Time Trial,Time Trial,MCSLX,71,73,Artyom POLTORANIN,POLTORANIN,Artyom,KAZ,87.37,38.42,178.49%,FLT (6),2022 Ivrea Junior World Championships,2022 Ivrea Junior World Championships MCSLX Artyom POLTORANIN
2022,Ivrea,Junior World Championships,Time Trial,Time Trial,MCSLX,72,80,Gabriele GRIMANDI,GRIMANDI,Gabriele,ITA,58.18,9.23,118.86%,FLT (R),2022 Ivrea Junior World Championships,2022 Ivrea Junior World Championships MCSLX Gabriele GRIMANDI
2022,Ivrea,Junior World Championships,Time Trial,Time Trial,MCSLX,73,33,Kasper HOLDRINET,HOLDRINET,Kasper,NED,69.87,20.92,142.74%,FLT (R),2022 Ivrea Junior World Championships,2022 Ivrea Junior World Championships MCSLX Kasper HOLDRINET
2022,Ivrea,Junior World Championships,Time Trial,Time Trial,MCSLX,74,55,Marten KONRAD,KONRAD,Marten,GER,54.23,5.28,110.79%,FLT (3),2022 Ivrea Junior World Championships,2022 Ivrea Junior World Championships MCSLX Marten KONRAD
2022,Ivrea,Junior World Championships,Time Trial,Time Trial,MCSLX,75,50,Jan PIPREK,PIPREK,Jan,POL,61.54,12.59,125.72%,FLT (2),2022 Ivrea Junior World Championships,2022 Ivrea Junior World Championships MCSLX Jan PIPREK
2022,Ivrea,U23 World Championships,Time Trial,Time Trial,WCSLX,1,21,Alena MARX,MARX,Alena,SUI,52.95,0,100.00%,,2022 Ivrea U23 World Championships,2022 Ivrea U23 World Championships WCSLX Alena MARX
2022,Ivrea,U23 World Championships,Time Trial,Time Trial,WCSLX,2,36,Emma VUITTON,VUITTON,Emma,FRA,53.76,0.81,101.53%,,2022 Ivrea U23 World Championships,2022 Ivrea U23 World Championships WCSLX Emma VUITTON
2022,Ivrea,U23 World Championships,Time Trial,Time Trial,WCSLX,3,20,Eva PIETRACHA,PIETRACHA,Eva,FRA,54.2,1.25,102.36%,,2022 Ivrea U23 World Championships,2022 Ivrea U23 World Championships WCSLX Eva PIETRACHA
2022,Ivrea,U23 World Championships,Time Trial,Time Trial,WCSLX,4,12,Romane PRIGENT,PRIGENT,Romane,FRA,54.3,1.35,102.55%,,2022 Ivrea U23 World Championships,2022 Ivrea U23 World Championships WCSLX Romane PRIGENT
2022,Ivrea,U23 World Championships,Time Trial,Time Trial,WCSLX,5,5,Monica DORIA VILARRUBLA,DORIA VILARRUBLA,Monica,AND,54.75,1.8,103.40%,,2022 Ivrea U23 World Championships,2022 Ivrea U23 World Championships WCSLX Monica DORIA VILARRUBLA
2022,Ivrea,U23 World Championships,Time Trial,Time Trial,WCSLX,6,13,Ria SRIBAR,SRIBAR,Ria,USA,54.8,1.85,103.49%,,2022 Ivrea U23 World Championships,2022 Ivrea U23 World Championships WCSLX Ria SRIBAR
2022,Ivrea,U23 World Championships,Time Trial,Time Trial,WCSLX,7,14,Lucie NESNIDALOVA,NESNIDALOVA,Lucie,CZE,54.81,1.86,103.51%,,2022 Ivrea U23 World Championships,2022 Ivrea U23 World Championships WCSLX Lucie NESNIDALOVA
2022,Ivrea,U23 World Championships,Time Trial,Time Trial,WCSLX,8,15,Naemi BRAENDLE,BRAENDLE,Naemi,SUI,54.97,2.02,103.81%,,2022 Ivrea U23 World Championships,2022 Ivrea U23 World Championships WCSLX Naemi BRAENDLE
2022,Ivrea,U23 World Championships,Time Trial,Time Trial,WCSLX,9,28,Phoebe SPICER,SPICER,Phoebe,GBR,55.21,2.26,104.27%,,2022 Ivrea U23 World Championships,2022 Ivrea U23 World Championships WCSLX Phoebe SPICER
2022,Ivrea,U23 World Championships,Time Trial,Time Trial,WCSLX,10,9,Megan HAMER-EVANS,HAMER-EVANS,Megan,GBR,55.36,2.41,104.55%,,2022 Ivrea U23 World Championships,2022 Ivrea U23 World Championships WCSLX Megan HAMER-EVANS
2022,Ivrea,U23 World Championships,Time Trial,Time Trial,WCSLX,11,4,Nikita SETCHELL,SETCHELL,Nikita,GBR,55.37,2.42,104.57%,,2022 Ivrea U23 World Championships,2022 Ivrea U23 World Championships WCSLX Nikita SETCHELL
2022,Ivrea,U23 World Championships,Time Trial,Time Trial,WCSLX,12,11,Antonie GALUSKOVA,GALUSKOVA,Antonie,CZE,55.4,2.45,104.63%,,2022 Ivrea U23 World Championships,2022 Ivrea U23 World Championships WCSLX Antonie GALUSKOVA
2022,Ivrea,U23 World Championships,Time Trial,Time Trial,WCSLX,13,6,Eva Alina HOCEVAR,HOCEVAR,Eva Alina,SLO,55.47,2.52,104.76%,,2022 Ivrea U23 World Championships,2022 Ivrea U23 World Championships WCSLX Eva Alina HOCEVAR
2022,Ivrea,U23 World Championships,Time Trial,Time Trial,WCSLX,14,2,Olatz ARREGUI,ARREGUI,Olatz,ESP,55.86,2.91,105.50%,,2022 Ivrea U23 World Championships,2022 Ivrea U23 World Championships WCSLX Olatz ARREGUI
2022,Ivrea,U23 World Championships,Time Trial,Time Trial,WCSLX,15,18,Marie-Amelie SILVIN,SILVIN,Marie-Amelie,FRA,55.95,3,105.67%,,2022 Ivrea U23 World Championships,2022 Ivrea U23 World Championships WCSLX Marie-Amelie SILVIN
2022,Ivrea,U23 World Championships,Time Trial,Time Trial,WCSLX,16,26,Lois LEAVER,LEAVER,Lois,GBR,56.11,3.16,105.97%,,2022 Ivrea U23 World Championships,2022 Ivrea U23 World Championships WCSLX Lois LEAVER
2022,Ivrea,U23 World Championships,Time Trial,Time Trial,WCSLX,17,17,Omira ESTACIA NETA,ESTACIA NETA,Omira,BRA,56.22,3.27,106.18%,,2022 Ivrea U23 World Championships,2022 Ivrea U23 World Championships WCSLX Omira ESTACIA NETA
2022,Ivrea,U23 World Championships,Time Trial,Time Trial,WCSLX,18,48,Tereza KNEBLOVA,KNEBLOVA,Tereza,CZE,56.36,3.41,106.44%,,2022 Ivrea U23 World Championships,2022 Ivrea U23 World Championships WCSLX Tereza KNEBLOVA
2022,Ivrea,U23 World Championships,Time Trial,Time Trial,WCSLX,19,23,Svenja MATTI,MATTI,Svenja,SUI,57.07,4.12,107.78%,,2022 Ivrea U23 World Championships,2022 Ivrea U23 World Championships WCSLX Svenja MATTI
2022,Ivrea,U23 World Championships,Time Trial,Time Trial,WCSLX,20,31,Clara GONZALEZ,GONZALEZ,Clara,ESP,57.16,4.21,107.95%,,2022 Ivrea U23 World Championships,2022 Ivrea U23 World Championships WCSLX Clara GONZALEZ
2022,Ivrea,U23 World Championships,Time Trial,Time Trial,WCSLX,21,34,Hannah SUESS,SUESS,Hannah,GER,57.16,4.21,107.95%,,2022 Ivrea U23 World Championships,2022 Ivrea U23 World Championships WCSLX Hannah SUESS
2022,Ivrea,U23 World Championships,Time Trial,Time Trial,WCSLX,22,1,Hannah THOMAS,THOMAS,Hannah,NZL,57.34,4.39,108.29%,,2022 Ivrea U23 World Championships,2022 Ivrea U23 World Championships WCSLX Hannah THOMAS
2022,Ivrea,U23 World Championships,Time Trial,Time Trial,WCSLX,23,45,Lea NOVAK,NOVAK,Lea,SLO,57.75,4.8,109.07%,,2022 Ivrea U23 World Championships,2022 Ivrea U23 World Championships WCSLX Lea NOVAK
2022,Ivrea,U23 World Championships,Time Trial,Time Trial,WCSLX,24,35,Marta BERTONCELLI,BERTONCELLI,Marta,ITA,57.93,4.98,109.41%,,2022 Ivrea U23 World Championships,2022 Ivrea U23 World Championships WCSLX Marta BERTONCELLI
2022,Ivrea,U23 World Championships,Time Trial,Time Trial,WCSLX,25,44,Agata SPAGNOL,SPAGNOL,Agata,ITA,58.05,5.1,109.63%,,2022 Ivrea U23 World Championships,2022 Ivrea U23 World Championships WCSLX Agata SPAGNOL
2022,Ivrea,U23 World Championships,Time Trial,Time Trial,WCSLX,26,3,Sona STANOVSKA,STANOVSKA,Sona,SVK,58.98,6.03,111.39%,,2022 Ivrea U23 World Championships,2022 Ivrea U23 World Championships WCSLX Sona STANOVSKA
2022,Ivrea,U23 World Championships,Time Trial,Time Trial,WCSLX,27,8,Aleksandra STACH,STACH,Aleksandra,POL,59.03,6.08,111.48%,,2022 Ivrea U23 World Championships,2022 Ivrea U23 World Championships WCSLX Aleksandra STACH
2022,Ivrea,U23 World Championships,Time Trial,Time Trial,WCSLX,28,49,Sophie WILSON,WILSON,Sophie,AUS,59.11,6.16,111.63%,,2022 Ivrea U23 World Championships,2022 Ivrea U23 World Championships WCSLX Sophie WILSON
2022,Ivrea,U23 World Championships,Time Trial,Time Trial,WCSLX,29,7,Lea BALDONI,BALDONI,Lea,CAN,59.21,6.26,111.82%,,2022 Ivrea U23 World Championships,2022 Ivrea U23 World Championships WCSLX Lea BALDONI
2022,Ivrea,U23 World Championships,Time Trial,Time Trial,WCSLX,30,41,Jaimee WILSON,WILSON,Jaimee,NZL,59.31,6.36,112.01%,,2022 Ivrea U23 World Championships,2022 Ivrea U23 World Championships WCSLX Jaimee WILSON
2022,Ivrea,U23 World Championships,Time Trial,Time Trial,WCSLX,31,38,Ivana CHLEBOVA,CHLEBOVA,Ivana,SVK,59.43,6.48,112.24%,,2022 Ivrea U23 World Championships,2022 Ivrea U23 World Championships WCSLX Ivana CHLEBOVA
2022,Ivrea,U23 World Championships,Time Trial,Time Trial,WCSLX,32,27,Annkatrin PLOCHMANN,PLOCHMANN,Annkatrin,GER,60.38,7.43,114.03%,,2022 Ivrea U23 World Championships,2022 Ivrea U23 World Championships WCSLX Annkatrin PLOCHMANN
2022,Ivrea,U23 World Championships,Time Trial,Time Trial,WCSLX,33,10,Johanna KOECHER,KOECHER,Johanna,SUI,60.69,7.74,114.62%,,2022 Ivrea U23 World Championships,2022 Ivrea U23 World Championships WCSLX Johanna KOECHER
2022,Ivrea,U23 World Championships,Time Trial,Time Trial,WCSLX,34,24,Emily APEL,APEL,Emily,GER,62.11,9.16,117.30%,,2022 Ivrea U23 World Championships,2022 Ivrea U23 World Championships WCSLX Emily APEL
2022,Ivrea,U23 World Championships,Time Trial,Time Trial,WCSLX,35,40,Kahlia CULLWICK,CULLWICK,Kahlia,NZL,62.42,9.47,117.88%,,2022 Ivrea U23 World Championships,2022 Ivrea U23 World Championships WCSLX Kahlia CULLWICK
2022,Ivrea,U23 World Championships,Time Trial,Time Trial,WCSLX,36,19,Franziska HANKE,HANKE,Franziska,GER,62.63,9.68,118.28%,,2022 Ivrea U23 World Championships,2022 Ivrea U23 World Championships WCSLX Franziska HANKE
2022,Ivrea,U23 World Championships,Time Trial,Time Trial,WCSLX,37,32,Anna LYCHKO,LYCHKO,Anna,UKR,62.79,9.84,118.58%,,2022 Ivrea U23 World Championships,2022 Ivrea U23 World Championships WCSLX Anna LYCHKO
2022,Ivrea,U23 World Championships,Time Trial,Time Trial,WCSLX,38,50,Dominika DANEK,DANEK,Dominika,POL,64.16,11.21,121.17%,,2022 Ivrea U23 World Championships,2022 Ivrea U23 World Championships WCSLX Dominika DANEK
2022,Ivrea,U23 World Championships,Time Trial,Time Trial,WCSLX,39,46,Ainhoa LAMEIRO,LAMEIRO,Ainhoa,ESP,67.28,14.33,127.06%,,2022 Ivrea U23 World Championships,2022 Ivrea U23 World Championships WCSLX Ainhoa LAMEIRO
2022,Ivrea,U23 World Championships,Time Trial,Time Trial,WCSLX,40,39,Iris SOMMERNES,SOMMERNES,Iris,NOR,70.93,17.98,133.96%,,2022 Ivrea U23 World Championships,2022 Ivrea U23 World Championships WCSLX Iris SOMMERNES
2022,Ivrea,U23 World Championships,Time Trial,Time Trial,WCSLX,41,30,Kurumi ITO,ITO,Kurumi,JPN,73.65,20.7,139.09%,,2022 Ivrea U23 World Championships,2022 Ivrea U23 World Championships WCSLX Kurumi ITO
2022,Ivrea,U23 World Championships,Time Trial,Time Trial,WCSLX,42,22,Isabel LONG,LONG,Isabel,USA,74.05,21.1,139.85%,,2022 Ivrea U23 World Championships,2022 Ivrea U23 World Championships WCSLX Isabel LONG
2022,Ivrea,U23 World Championships,Time Trial,Time Trial,WCSLX,43,29,River MUTTON,MUTTON,River,NZL,77.21,24.26,145.82%,,2022 Ivrea U23 World Championships,2022 Ivrea U23 World Championships WCSLX River MUTTON
2022,Ivrea,U23 World Championships,Time Trial,Time Trial,WCSLX,44,25,Iisa MAENPAA,MAENPAA,Iisa,FIN,89.11,36.16,168.29%,,2022 Ivrea U23 World Championships,2022 Ivrea U23 World Championships WCSLX Iisa MAENPAA
2022,Ivrea,U23 World Championships,Time Trial,Time Trial,WCSLX,45,43,Francesca MALAGUTI,MALAGUTI,Francesca,ITA,62.3,9.35,117.66%,FLT (R),2022 Ivrea U23 World Championships,2022 Ivrea U23 World Championships WCSLX Francesca MALAGUTI
2022,Ivrea,U23 World Championships,Time Trial,Time Trial,WCSLX,46,33,Beatriz DA MOTTA,DA MOTTA,Beatriz,BRA,72.34,19.39,136.62%,FLT (1),2022 Ivrea U23 World Championships,2022 Ivrea U23 World Championships WCSLX Beatriz DA MOTTA
2022,Ivrea,U23 World Championships,Brackets,Final,WCSLX,1,,Nikita SETCHELL,SETCHELL,Nikita,GBR,,,,,2022 Ivrea U23 World Championships,2022 Ivrea U23 World Championships WCSLX Nikita SETCHELL
2022,Ivrea,U23 World Championships,Brackets,Final,WCSLX,2,,Naemi BRAENDLE,BRAENDLE,Naemi,SUI,,,,,2022 Ivrea U23 World Championships,2022 Ivrea U23 World Championships WCSLX Naemi BRAENDLE
2022,Ivrea,U23 World Championships,Brackets,Final,WCSLX,3,,Monica DORIA VILARRUBLA,DORIA VILARRUBLA,Monica,AND,,,,,2022 Ivrea U23 World Championships,2022 Ivrea U23 World Championships WCSLX Monica DORIA VILARRUBLA
2022,Ivrea,U23 World Championships,Brackets,Final,WCSLX,4,,Eva PIETRACHA,PIETRACHA,Eva,FRA,,,,,2022 Ivrea U23 World Championships,2022 Ivrea U23 World Championships WCSLX Eva PIETRACHA
2022,Ivrea,U23 World Championships,Brackets,Semi-Final,WCSLX,5,,Alena MARX,MARX,Alena,SUI,,,,,2022 Ivrea U23 World Championships,2022 Ivrea U23 World Championships WCSLX Alena MARX
2022,Ivrea,U23 World Championships,Brackets,Semi-Final,WCSLX,6,,Kurumi ITO,ITO,Kurumi,JPN,,,,,2022 Ivrea U23 World Championships,2022 Ivrea U23 World Championships WCSLX Kurumi ITO
2022,Ivrea,U23 World Championships,Brackets,Semi-Final,WCSLX,7,,Emma VUITTON,VUITTON,Emma,FRA,,,,,2022 Ivrea U23 World Championships,2022 Ivrea U23 World Championships WCSLX Emma VUITTON
2022,Ivrea,U23 World Championships,Brackets,Semi-Final,WCSLX,8,,Clara GONZALEZ,GONZALEZ,Clara,ESP,,,,,2022 Ivrea U23 World Championships,2022 Ivrea U23 World Championships WCSLX Clara GONZALEZ
2022,Ivrea,U23 World Championships,Brackets,Quarter-Final,WCSLX,9,,Ria SRIBAR,SRIBAR,Ria,USA,,,,,2022 Ivrea U23 World Championships,2022 Ivrea U23 World Championships WCSLX Ria SRIBAR
2022,Ivrea,U23 World Championships,Brackets,Quarter-Final,WCSLX,10,,Megan HAMER-EVANS,HAMER-EVANS,Megan,GBR,,,,,2022 Ivrea U23 World Championships,2022 Ivrea U23 World Championships WCSLX Megan HAMER-EVANS
2022,Ivrea,U23 World Championships,Brackets,Quarter-Final,WCSLX,11,,Lois LEAVER,LEAVER,Lois,GBR,,,,,2022 Ivrea U23 World Championships,2022 Ivrea U23 World Championships WCSLX Lois LEAVER
2022,Ivrea,U23 World Championships,Brackets,Quarter-Final,WCSLX,12,,Hannah SUESS,SUESS,Hannah,GER,,,,,2022 Ivrea U23 World Championships,2022 Ivrea U23 World Championships WCSLX Hannah SUESS
2022,Ivrea,U23 World Championships,Brackets,Quarter-Final,WCSLX,13,,Eva Alina HOCEVAR,HOCEVAR,Eva Alina,SLO,,,,,2022 Ivrea U23 World Championships,2022 Ivrea U23 World Championships WCSLX Eva Alina HOCEVAR
2022,Ivrea,U23 World Championships,Brackets,Quarter-Final,WCSLX,14,,Olatz ARREGUI,ARREGUI,Olatz,ESP,,,,,2022 Ivrea U23 World Championships,2022 Ivrea U23 World Championships WCSLX Olatz ARREGUI
2022,Ivrea,U23 World Championships,Brackets,Quarter-Final,WCSLX,15,,Marta BERTONCELLI,BERTONCELLI,Marta,ITA,,,,,2022 Ivrea U23 World Championships,2022 Ivrea U23 World Championships WCSLX Marta BERTONCELLI
2022,Ivrea,U23 World Championships,Brackets,Quarter-Final,WCSLX,16,,Aleksandra STACH,STACH,Aleksandra,POL,,,,,2022 Ivrea U23 World Championships,2022 Ivrea U23 World Championships WCSLX Aleksandra STACH
2022,Ivrea,U23 World Championships,Brackets,Heats,WCSLX,17,,Romane PRIGENT,PRIGENT,Romane,FRA,,,,,2022 Ivrea U23 World Championships,2022 Ivrea U23 World Championships WCSLX Romane PRIGENT
2022,Ivrea,U23 World Championships,Brackets,Heats,WCSLX,18,,Tereza KNEBLOVA,KNEBLOVA,Tereza,CZE,,,,,2022 Ivrea U23 World Championships,2022 Ivrea U23 World Championships WCSLX Tereza KNEBLOVA
2022,Ivrea,U23 World Championships,Brackets,Heats,WCSLX,19,,Svenja MATTI,MATTI,Svenja,SUI,,,,,2022 Ivrea U23 World Championships,2022 Ivrea U23 World Championships WCSLX Svenja MATTI
2022,Ivrea,U23 World Championships,Brackets,Heats,WCSLX,20,,Lea NOVAK,NOVAK,Lea,SLO,,,,,2022 Ivrea U23 World Championships,2022 Ivrea U23 World Championships WCSLX Lea NOVAK
2022,Ivrea,U23 World Championships,Brackets,Heats,WCSLX,21,,Sona STANOVSKA,STANOVSKA,Sona,SVK,,,,,2022 Ivrea U23 World Championships,2022 Ivrea U23 World Championships WCSLX Sona STANOVSKA
2022,Ivrea,U23 World Championships,Brackets,Heats,WCSLX,22,,Sophie WILSON,WILSON,Sophie,AUS,,,,,2022 Ivrea U23 World Championships,2022 Ivrea U23 World Championships WCSLX Sophie WILSON
2022,Ivrea,U23 World Championships,Brackets,Heats,WCSLX,23,,Lea BALDONI,BALDONI,Lea,CAN,,,,,2022 Ivrea U23 World Championships,2022 Ivrea U23 World Championships WCSLX Lea BALDONI
2022,Ivrea,U23 World Championships,Brackets,Heats,WCSLX,24,,Iisa MAENPAA,MAENPAA,Iisa,FIN,,,,,2022 Ivrea U23 World Championships,2022 Ivrea U23 World Championships WCSLX Iisa MAENPAA
2022,Ivrea,U23 World Championships,Brackets,Heats,WCSLX,25,,Lucie NESNIDALOVA,NESNIDALOVA,Lucie,CZE,,,,,2022 Ivrea U23 World Championships,2022 Ivrea U23 World Championships WCSLX Lucie NESNIDALOVA
2022,Ivrea,U23 World Championships,Brackets,Heats,WCSLX,26,,Phoebe SPICER,SPICER,Phoebe,GBR,,,,,2022 Ivrea U23 World Championships,2022 Ivrea U23 World Championships WCSLX Phoebe SPICER
2022,Ivrea,U23 World Championships,Brackets,Heats,WCSLX,27,,Antonie GALUSKOVA,GALUSKOVA,Antonie,CZE,,,,,2022 Ivrea U23 World Championships,2022 Ivrea U23 World Championships WCSLX Antonie GALUSKOVA
2022,Ivrea,U23 World Championships,Brackets,Heats,WCSLX,28,,Marie-Amelie SILVIN,SILVIN,Marie-Amelie,FRA,,,,,2022 Ivrea U23 World Championships,2022 Ivrea U23 World Championships WCSLX Marie-Amelie SILVIN
2022,Ivrea,U23 World Championships,Brackets,Heats,WCSLX,29,,Omira ESTACIA NETA,ESTACIA NETA,Omira,BRA,,,,,2022 Ivrea U23 World Championships,2022 Ivrea U23 World Championships WCSLX Omira ESTACIA NETA
2022,Ivrea,U23 World Championships,Brackets,Heats,WCSLX,30,,Hannah THOMAS,THOMAS,Hannah,NZL,,,,,2022 Ivrea U23 World Championships,2022 Ivrea U23 World Championships WCSLX Hannah THOMAS
2022,Ivrea,U23 World Championships,Brackets,Heats,WCSLX,31,,Anna LYCHKO,LYCHKO,Anna,UKR,,,,,2022 Ivrea U23 World Championships,2022 Ivrea U23 World Championships WCSLX Anna LYCHKO
2022,Ivrea,U23 World Championships,Brackets,Heats,WCSLX,32,,Iris SOMMERNES,SOMMERNES,Iris,NOR,,,,,2022 Ivrea U23 World Championships,2022 Ivrea U23 World Championships WCSLX Iris SOMMERNES
2022,Ivrea,Junior World Championships,Brackets,Final,WCSLX,1,,Evy LEIBFARTH,LEIBFARTH,Evy,USA,,,,,2022 Ivrea Junior World Championships,2022 Ivrea Junior World Championships WCSLX Evy LEIBFARTH
2022,Ivrea,Junior World Championships,Brackets,Final,WCSLX,2,,Zuzana PANKOVA,PANKOVA,Zuzana,SVK,,,,,2022 Ivrea Junior World Championships,2022 Ivrea Junior World Championships WCSLX Zuzana PANKOVA
2022,Ivrea,Junior World Championships,Brackets,Final,WCSLX,3,,Charlotte WILD,WILD,Charlotte,GER,,,,,2022 Ivrea Junior World Championships,2022 Ivrea Junior World Championships WCSLX Charlotte WILD
2022,Ivrea,Junior World Championships,Brackets,Final,WCSLX,4,,Malen GUTIERREZ,GUTIERREZ,Malen,ESP,,,,,2022 Ivrea Junior World Championships,2022 Ivrea Junior World Championships WCSLX Malen GUTIERREZ
2022,Ivrea,Junior World Championships,Brackets,Semi-Final,WCSLX,5,,Naja PINTERIC,PINTERIC,Naja,SLO,,,,,2022 Ivrea Junior World Championships,2022 Ivrea Junior World Championships WCSLX Naja PINTERIC
2022,Ivrea,Junior World Championships,Brackets,Semi-Final,WCSLX,6,,Leire GONI,GONI,Leire,ESP,,,,,2022 Ivrea Junior World Championships,2022 Ivrea Junior World Championships WCSLX Leire GONI
2022,Ivrea,Junior World Championships,Brackets,Semi-Final,WCSLX,7,,Haizea SEGURA,SEGURA,Haizea,ESP,,,,,2022 Ivrea Junior World Championships,2022 Ivrea Junior World Championships WCSLX Haizea SEGURA
2022,Ivrea,Junior World Championships,Brackets,Semi-Final,WCSLX,8,,Arina KONTCHAKOV,KONTCHAKOV,Arina,GBR,,,,,2022 Ivrea Junior World Championships,2022 Ivrea Junior World Championships WCSLX Arina KONTCHAKOV
2022,Ivrea,Junior World Championships,Brackets,Quarter-Final,WCSLX,9,,Petronela IZOVA,IZOVA,Petronela,SVK,,,,,2022 Ivrea Junior World Championships,2022 Ivrea Junior World Championships WCSLX Petronela IZOVA
2022,Ivrea,Junior World Championships,Brackets,Quarter-Final,WCSLX,10,,Maite ODRIOZOLA,ODRIOZOLA,Maite,ESP,,,,,2022 Ivrea Junior World Championships,2022 Ivrea Junior World Championships WCSLX Maite ODRIOZOLA
2022,Ivrea,Junior World Championships,Brackets,Quarter-Final,WCSLX,11,,Katarzyna LIBER,LIBER,Katarzyna,POL,,,,,2022 Ivrea Junior World Championships,2022 Ivrea Junior World Championships WCSLX Katarzyna LIBER
2022,Ivrea,Junior World Championships,Brackets,Quarter-Final,WCSLX,12,,Marcella ALTMAN,ALTMAN,Marcella,USA,,,,,2022 Ivrea Junior World Championships,2022 Ivrea Junior World Championships WCSLX Marcella ALTMAN
2022,Ivrea,Junior World Championships,Brackets,Quarter-Final,WCSLX,13,,Sonja NEUBAUER,NEUBAUER,Sonja,GER,,,,,2022 Ivrea Junior World Championships,2022 Ivrea Junior World Championships WCSLX Sonja NEUBAUER
2022,Ivrea,Junior World Championships,Brackets,Quarter-Final,WCSLX,14,,Klara KNEBLOVA,KNEBLOVA,Klara,CZE,,,,,2022 Ivrea Junior World Championships,2022 Ivrea Junior World Championships WCSLX Klara KNEBLOVA
2022,Ivrea,Junior World Championships,Brackets,Quarter-Final,WCSLX,15,,Sophie GILFILLAN,GILFILLAN,Sophie,CAN,,,,,2022 Ivrea Junior World Championships,2022 Ivrea Junior World Championships WCSLX Sophie GILFILLAN
2022,Ivrea,Junior World Championships,Brackets,Quarter-Final,WCSLX,16,,Yekaterina TARANTSEVA,TARANTSEVA,Yekaterina,KAZ,,,,,2022 Ivrea Junior World Championships,2022 Ivrea Junior World Championships WCSLX Yekaterina TARANTSEVA
2022,Ivrea,Junior World Championships,Brackets,Heats,WCSLX,17,,Zoe LAURENT,LAURENT,Zoe,FRA,,,,,2022 Ivrea Junior World Championships,2022 Ivrea Junior World Championships WCSLX Zoe LAURENT
2022,Ivrea,Junior World Championships,Brackets,Heats,WCSLX,18,,Paulina PIRRO,PIRRO,Paulina,GER,,,,,2022 Ivrea Junior World Championships,2022 Ivrea Junior World Championships WCSLX Paulina PIRRO
2022,Ivrea,Junior World Championships,Brackets,Heats,WCSLX,19,,Jessica DUC,DUC,Jessica,SUI,,,,,2022 Ivrea Junior World Championships,2022 Ivrea Junior World Championships WCSLX Jessica DUC
2022,Ivrea,Junior World Championships,Brackets,Heats,WCSLX,20,,Olga SAMKOVA,SAMKOVA,Olga,CZE,,,,,2022 Ivrea Junior World Championships,2022 Ivrea Junior World Championships WCSLX Olga SAMKOVA
2022,Ivrea,Junior World Championships,Brackets,Heats,WCSLX,21,,Katerina SVEHLOVA,SVEHLOVA,Katerina,CZE,,,,,2022 Ivrea Junior World Championships,2022 Ivrea Junior World Championships WCSLX Katerina SVEHLOVA
2022,Ivrea,Junior World Championships,Brackets,Heats,WCSLX,22,,Katherine SHATTOCK,SHATTOCK,Katherine,GBR,,,,,2022 Ivrea Junior World Championships,2022 Ivrea Junior World Championships WCSLX Katherine SHATTOCK
2022,Ivrea,Junior World Championships,Brackets,Heats,WCSLX,23,,Nahia OTEIZA,OTEIZA,Nahia,FRA,,,,,2022 Ivrea Junior World Championships,2022 Ivrea Junior World Championships WCSLX Nahia OTEIZA
2022,Ivrea,Junior World Championships,Brackets,Heats,WCSLX,24,,Nerea CASTIGLIONE,CASTIGLIONE,Nerea,ARG,,,,,2022 Ivrea Junior World Championships,2022 Ivrea Junior World Championships WCSLX Nerea CASTIGLIONE
2022,Ivrea,Junior World Championships,Brackets,Heats,WCSLX,25,,Clara DELAHAYE,DELAHAYE,Clara,FRA,,,,,2022 Ivrea Junior World Championships,2022 Ivrea Junior World Championships WCSLX Clara DELAHAYE
2022,Ivrea,Junior World Championships,Brackets,Heats,WCSLX,26,,Hannah RHODES,RHODES,Hannah,GBR,,,,,2022 Ivrea Junior World Championships,2022 Ivrea Junior World Championships WCSLX Hannah RHODES
2022,Ivrea,Junior World Championships,Brackets,Heats,WCSLX,27,,Lucia PISTONI,PISTONI,Lucia,ITA,,,,,2022 Ivrea Junior World Championships,2022 Ivrea Junior World Championships WCSLX Lucia PISTONI
2022,Ivrea,Junior World Championships,Brackets,Heats,WCSLX,28,,Pipi UHL,UHL,Pipi,NZL,,,,,2022 Ivrea Junior World Championships,2022 Ivrea Junior World Championships WCSLX Pipi UHL
2022,Ivrea,Junior World Championships,Brackets,Heats,WCSLX,29,,Ladina HEEL,HEEL,Ladina,SUI,,,,,2022 Ivrea Junior World Championships,2022 Ivrea Junior World Championships WCSLX Ladina HEEL
2022,Ivrea,Junior World Championships,Brackets,Heats,WCSLX,30,,Caterina PIGNAT,PIGNAT,Caterina,ITA,,,,,2022 Ivrea Junior World Championships,2022 Ivrea Junior World Championships WCSLX Caterina PIGNAT
2022,Ivrea,Junior World Championships,Brackets,Heats,WCSLX,31,,Dominika BRZESKA,BRZESKA,Dominika,POL,,,,,2022 Ivrea Junior World Championships,2022 Ivrea Junior World Championships WCSLX Dominika BRZESKA
2022,Ivrea,Junior World Championships,Brackets,Heats,WCSLX,32,,Jacqueline KIMMEL,KIMMEL,Jacqueline,USA,,,,,2022 Ivrea Junior World Championships,2022 Ivrea Junior World Championships WCSLX Jacqueline KIMMEL
2022,Ivrea,Junior World Championships,Brackets,Final,MCSLX,1,,Hugo MONASSE,MONASSE,Hugo,FRA,,,,,2022 Ivrea Junior World Championships,2022 Ivrea Junior World Championships MCSLX Hugo MONASSE
2022,Ivrea,Junior World Championships,Brackets,Final,MCSLX,2,,Martin CORNU,CORNU,Martin,FRA,,,,,2022 Ivrea Junior World Championships,2022 Ivrea Junior World Championships MCSLX Martin CORNU
2022,Ivrea,Junior World Championships,Brackets,Final,MCSLX,3,,Serhii SOVKO,SOVKO,Serhii,UKR,,,,,2022 Ivrea Junior World Championships,2022 Ivrea Junior World Championships MCSLX Serhii SOVKO
2022,Ivrea,Junior World Championships,Brackets,Final,MCSLX,4,,Oskar HILLION,HILLION,Oskar,FRA,,,,,2022 Ivrea Junior World Championships,2022 Ivrea Junior World Championships MCSLX Oskar HILLION
2022,Ivrea,Junior World Championships,Brackets,Semi-Final,MCSLX,5,,Merle LONG,LONG,Merle,USA,,,,,2022 Ivrea Junior World Championships,2022 Ivrea Junior World Championships MCSLX Merle LONG
2022,Ivrea,Junior World Championships,Brackets,Semi-Final,MCSLX,6,,Luis ERSCHIG,ERSCHIG,Luis,GER,,,,,2022 Ivrea Junior World Championships,2022 Ivrea Junior World Championships MCSLX Luis ERSCHIG
2022,Ivrea,Junior World Championships,Brackets,Semi-Final,MCSLX,7,,Adam SEMERAD,SEMERAD,Adam,CZE,,,,,2022 Ivrea Junior World Championships,2022 Ivrea Junior World Championships MCSLX Adam SEMERAD
2022,Ivrea,Junior World Championships,Brackets,Semi-Final,MCSLX,8,,Oscar WYLLIE,WYLLIE,Oscar,GBR,,,,,2022 Ivrea Junior World Championships,2022 Ivrea Junior World Championships MCSLX Oscar WYLLIE
2022,Ivrea,Junior World Championships,Brackets,Quarter-Final,MCSLX,9,,Javier ARRUABARRENA,ARRUABARRENA,Javier,ESP,,,,,2022 Ivrea Junior World Championships,2022 Ivrea Junior World Championships MCSLX Javier ARRUABARRENA
2022,Ivrea,Junior World Championships,Brackets,Quarter-Final,MCSLX,10,,Samuel SHARP,SHARP,Samuel,USA,,,,,2022 Ivrea Junior World Championships,2022 Ivrea Junior World Championships MCSLX Samuel SHARP
2022,Ivrea,Junior World Championships,Brackets,Quarter-Final,MCSLX,11,,Stepan VENC,VENC,Stepan,CZE,,,,,2022 Ivrea Junior World Championships,2022 Ivrea Junior World Championships MCSLX Stepan VENC
2022,Ivrea,Junior World Championships,Brackets,Quarter-Final,MCSLX,12,,Marcin KOSCIUKIEWICZ,KOSCIUKIEWICZ,Marcin,POL,,,,,2022 Ivrea Junior World Championships,2022 Ivrea Junior World Championships MCSLX Marcin KOSCIUKIEWICZ
2022,Ivrea,Junior World Championships,Brackets,Quarter-Final,MCSLX,13,,Matyas NOVAK,NOVAK,Matyas,CZE,,,,,2022 Ivrea Junior World Championships,2022 Ivrea Junior World Championships MCSLX Matyas NOVAK
2022,Ivrea,Junior World Championships,Brackets,Quarter-Final,MCSLX,14,,Sam LEAVER,LEAVER,Sam,GBR,,,,,2022 Ivrea Junior World Championships,2022 Ivrea Junior World Championships MCSLX Sam LEAVER
2022,Ivrea,Junior World Championships,Brackets,Quarter-Final,MCSLX,15,,Tom GOLDSMITH,GOLDSMITH,Tom,NZL,,,,,2022 Ivrea Junior World Championships,2022 Ivrea Junior World Championships MCSLX Tom GOLDSMITH
2022,Ivrea,Junior World Championships,Brackets,Quarter-Final,MCSLX,16,,Mathys MANIET,MANIET,Mathys,BEL,,,,,2022 Ivrea Junior World Championships,2022 Ivrea Junior World Championships MCSLX Mathys MANIET
2022,Ivrea,Junior World Championships,Brackets,Heats,MCSLX,17,,Titouan CASTRYCK,CASTRYCK,Titouan,FRA,,,,,2022 Ivrea Junior World Championships,2022 Ivrea Junior World Championships MCSLX Titouan CASTRYCK
2022,Ivrea,Junior World Championships,Brackets,Heats,MCSLX,18,,Manel CONTRERAS,CONTRERAS,Manel,ESP,,,,,2022 Ivrea Junior World Championships,2022 Ivrea Junior World Championships MCSLX Manel CONTRERAS
2022,Ivrea,Junior World Championships,Brackets,Heats,MCSLX,19,,Ondrej MACUS,MACUS,Ondrej,SVK,,,,,2022 Ivrea Junior World Championships,2022 Ivrea Junior World Championships MCSLX Ondrej MACUS
2022,Ivrea,Junior World Championships,Brackets,Heats,MCSLX,20,,Martins PLAUDIS,PLAUDIS,Martins,LAT,,,,,2022 Ivrea Junior World Championships,2022 Ivrea Junior World Championships MCSLX Martins PLAUDIS
2022,Ivrea,Junior World Championships,Brackets,Heats,MCSLX,21,,Imangali MAMBETOV,MAMBETOV,Imangali,KAZ,,,,,2022 Ivrea Junior World Championships,2022 Ivrea Junior World Championships MCSLX Imangali MAMBETOV
2022,Ivrea,Junior World Championships,Brackets,Heats,MCSLX,22,,Teppei SAITO,SAITO,Teppei,JPN,,,,,2022 Ivrea Junior World Championships,2022 Ivrea Junior World Championships MCSLX Teppei SAITO
2022,Ivrea,Junior World Championships,Brackets,Heats,MCSLX,23,,Manuel TRIPANO,TRIPANO,Manuel,ARG,,,,,2022 Ivrea Junior World Championships,2022 Ivrea Junior World Championships MCSLX Manuel TRIPANO
2022,Ivrea,Junior World Championships,Brackets,Heats,MCSLX,24,,Victor Eduardo CARNEIRO,CARNEIRO,Victor Eduardo,BRA,,,,,2022 Ivrea Junior World Championships,2022 Ivrea Junior World Championships MCSLX Victor Eduardo CARNEIRO
2022,Ivrea,Junior World Championships,Brackets,Heats,MCSLX,25,,Ben BROWN,BROWN,Ben,GBR,,,,,2022 Ivrea Junior World Championships,2022 Ivrea Junior World Championships MCSLX Ben BROWN
2022,Ivrea,Junior World Championships,Brackets,Heats,MCSLX,26,,Nicolas FEHLMANN,FEHLMANN,Nicolas,SUI,,,,,2022 Ivrea Junior World Championships,2022 Ivrea Junior World Championships MCSLX Nicolas FEHLMANN
2022,Ivrea,Junior World Championships,Brackets,Heats,MCSLX,27,,Mark CROSBEE,CROSBEE,Mark,AUS,,,,,2022 Ivrea Junior World Championships,2022 Ivrea Junior World Championships MCSLX Mark CROSBEE
2022,Ivrea,Junior World Championships,Brackets,Heats,MCSLX,28,,Xabier FERRAZZI,FERRAZZI,Xabier,ITA,,,,,2022 Ivrea Junior World Championships,2022 Ivrea Junior World Championships MCSLX Xabier FERRAZZI
2022,Ivrea,Junior World Championships,Brackets,Heats,MCSLX,29,,Jakob SAVLI,SAVLI,Jakob,SLO,,,,,2022 Ivrea Junior World Championships,2022 Ivrea Junior World Championships MCSLX Jakob SAVLI
2022,Ivrea,Junior World Championships,Brackets,Heats,MCSLX,30,,Moritz KREMSLEHNER,KREMSLEHNER,Moritz,AUT,,,,,2022 Ivrea Junior World Championships,2022 Ivrea Junior World Championships MCSLX Moritz KREMSLEHNER
2022,Ivrea,Junior World Championships,Brackets,Heats,MCSLX,31,,Nathan CHRISTENSEN,CHRISTENSEN,Nathan,CAN,,,,,2022 Ivrea Junior World Championships,2022 Ivrea Junior World Championships MCSLX Nathan CHRISTENSEN
2022,Ivrea,Junior World Championships,Brackets,Heats,MCSLX,32,,Solomon MARAGH,MARAGH,Solomon,JAM,,,,,2022 Ivrea Junior World Championships,2022 Ivrea Junior World Championships MCSLX Solomon MARAGH
2022,Ivrea,U23 World Championships,Brackets,Heats,MCSLX,1,,Gael ADISSON,ADISSON,Gael,FRA,,,,,2022 Ivrea U23 World Championships,2022 Ivrea U23 World Championships MCSLX Gael ADISSON
2022,Ivrea,U23 World Championships,Brackets,Heats,MCSLX,2,,Etienne CHAPPELL,CHAPPELL,Etienne,GBR,,,,,2022 Ivrea U23 World Championships,2022 Ivrea U23 World Championships MCSLX Etienne CHAPPELL
2022,Ivrea,U23 World Championships,Brackets,Heats,MCSLX,3,,Jan ROHRER,ROHRER,Jan,SUI,,,,,2022 Ivrea U23 World Championships,2022 Ivrea U23 World Championships MCSLX Jan ROHRER
2022,Ivrea,U23 World Championships,Brackets,Heats,MCSLX,4,,Tomas ZIMA,ZIMA,Tomas,CZE,,,,,2022 Ivrea U23 World Championships,2022 Ivrea U23 World Championships MCSLX Tomas ZIMA
2022,Ivrea,U23 World Championships,Brackets,Heats,MCSLX,5,,Ben HAYLETT,HAYLETT,Ben,GBR,,,,,2022 Ivrea U23 World Championships,2022 Ivrea U23 World Championships MCSLX Ben HAYLETT
2022,Ivrea,U23 World Championships,Brackets,Heats,MCSLX,6,,Guilherme RODRIGUES,RODRIGUES,Guilherme,BRA,,,,,2022 Ivrea U23 World Championships,2022 Ivrea U23 World Championships MCSLX Guilherme RODRIGUES
2022,Ivrea,U23 World Championships,Brackets,Heats,MCSLX,7,,Felix OSCHMAUTZ,OSCHMAUTZ,Felix,AUT,,,,,2022 Ivrea U23 World Championships,2022 Ivrea U23 World Championships MCSLX Felix OSCHMAUTZ
2022,Ivrea,U23 World Championships,Brackets,Heats,MCSLX,8,,Kaelin FRIEDENSON,FRIEDENSON,Kaelin,USA,,,,,2022 Ivrea U23 World Championships,2022 Ivrea U23 World Championships MCSLX Kaelin FRIEDENSON
2022,Ivrea,U23 World Championships,Brackets,Heats,MCSLX,9,,Anatole DELASSUS,DELASSUS,Anatole,FRA,,,,,2022 Ivrea U23 World Championships,2022 Ivrea U23 World Championships MCSLX Anatole DELASSUS
2022,Ivrea,U23 World Championships,Brackets,Heats,MCSLX,10,,Jakub KREJCI,KREJCI,Jakub,CZE,,,,,2022 Ivrea U23 World Championships,2022 Ivrea U23 World Championships MCSLX Jakub KREJCI
2022,Ivrea,U23 World Championships,Brackets,Heats,MCSLX,11,,Mathis SOUDI,SOUDI,Mathis,MAR,,,,,2022 Ivrea U23 World Championships,2022 Ivrea U23 World Championships MCSLX Mathis SOUDI
2022,Ivrea,U23 World Championships,Brackets,Heats,MCSLX,12,,Yuuki TANAKA,TANAKA,Yuuki,JPN,,,,,2022 Ivrea U23 World Championships,2022 Ivrea U23 World Championships MCSLX Yuuki TANAKA
2022,Ivrea,U23 World Championships,Brackets,Heats,MCSLX,13,,Tine KANCLER,KANCLER,Tine,SLO,,,,,2022 Ivrea U23 World Championships,2022 Ivrea U23 World Championships MCSLX Tine KANCLER
2022,Ivrea,U23 World Championships,Brackets,Heats,MCSLX,14,,Jake BROWN,BROWN,Jake,GBR,,,,,2022 Ivrea U23 World Championships,2022 Ivrea U23 World Championships MCSLX Jake BROWN
2022,Ivrea,U23 World Championships,Brackets,Heats,MCSLX,15,,David BURGOS,BURGOS,David,ESP,,,,,2022 Ivrea U23 World Championships,2022 Ivrea U23 World Championships MCSLX David BURGOS
2022,Ivrea,U23 World Championships,Brackets,Heats,MCSLX,16,,Tom MORLEY,MORLEY,Tom,IRL,,,,,2022 Ivrea U23 World Championships,2022 Ivrea U23 World Championships MCSLX Tom MORLEY
2022,Ivrea,U23 World Championships,Brackets,Heats,MCSLX,17,,Pitt ROHRER,ROHRER,Pitt,SUI,,,,,2022 Ivrea U23 World Championships,2022 Ivrea U23 World Championships MCSLX Pitt ROHRER
2022,Ivrea,U23 World Championships,Brackets,Heats,MCSLX,18,,Christian STANZEL,STANZEL,Christian,GER,,,,,2022 Ivrea U23 World Championships,2022 Ivrea U23 World Championships MCSLX Christian STANZEL
2022,Ivrea,U23 World Championships,Brackets,Heats,MCSLX,19,,Oliver PUCHNER,PUCHNER,Oliver,NZL,,,,,2022 Ivrea U23 World Championships,2022 Ivrea U23 World Championships MCSLX Oliver PUCHNER
2022,Ivrea,U23 World Championships,Brackets,Heats,MCSLX,20,,Dario CUESTA,CUESTA,Dario,ESP,,,,,2022 Ivrea U23 World Championships,2022 Ivrea U23 World Championships MCSLX Dario CUESTA
2022,Ivrea,U23 World Championships,Brackets,Heats,MCSLX,21,,Vojtech HEGER,HEGER,Vojtech,CZE,,,,,2022 Ivrea U23 World Championships,2022 Ivrea U23 World Championships MCSLX Vojtech HEGER
2022,Ivrea,U23 World Championships,Brackets,Heats,MCSLX,22,,Joshua DIETZ,DIETZ,Joshua,GER,,,,,2022 Ivrea U23 World Championships,2022 Ivrea U23 World Championships MCSLX Joshua DIETZ
2022,Ivrea,U23 World Championships,Brackets,Heats,MCSLX,23,,Alex BALDONI,BALDONI,Alex,CAN,,,,,2022 Ivrea U23 World Championships,2022 Ivrea U23 World Championships MCSLX Alex BALDONI
2022,Ivrea,U23 World Championships,Brackets,Heats,MCSLX,24,,Ilja BURAN,BURAN,Ilja,SVK,,,,,2022 Ivrea U23 World Championships,2022 Ivrea U23 World Championships MCSLX Ilja BURAN
2022,Ivrea,U23 World Championships,Brackets,Heats,MCSLX,25,,Gabriel DE COSTER,DE COSTER,Gabriel,BEL,,,,,2022 Ivrea U23 World Championships,2022 Ivrea U23 World Championships MCSLX Gabriel DE COSTER
2022,Ivrea,U23 World Championships,Brackets,Heats,MCSLX,26,,Jonny DICKSON,DICKSON,Jonny,GBR,,,,,2022 Ivrea U23 World Championships,2022 Ivrea U23 World Championships MCSLX Jonny DICKSON
2022,Ivrea,U23 World Championships,Brackets,Heats,MCSLX,27,,Vincent DELAHAYE,DELAHAYE,Vincent,FRA,,,,,2022 Ivrea U23 World Championships,2022 Ivrea U23 World Championships MCSLX Vincent DELAHAYE
2022,Ivrea,U23 World Championships,Brackets,Heats,MCSLX,28,,Michal CIAGLO,CIAGLO,Michal,POL,,,,,2022 Ivrea U23 World Championships,2022 Ivrea U23 World Championships MCSLX Michal CIAGLO
2022,Ivrea,U23 World Championships,Brackets,Heats,MCSLX,29,,Davide GHISETTI,GHISETTI,Davide,ITA,,,,,2022 Ivrea U23 World Championships,2022 Ivrea U23 World Championships MCSLX Davide GHISETTI
2022,Ivrea,U23 World Championships,Brackets,Heats,MCSLX,30,,Lorand GJOSHI,GJOSHI,Lorand,KOS,,,,,2022 Ivrea U23 World Championships,2022 Ivrea U23 World Championships MCSLX Lorand GJOSHI
2022,Ivrea,U23 World Championships,Brackets,Heats,MCSLX,31,,Benjamin ROSS,ROSS,Benjamin,AUS,,,,,2022 Ivrea U23 World Championships,2022 Ivrea U23 World Championships MCSLX Benjamin ROSS
2022,Ivrea,U23 World Championships,Brackets,Heats,MCSLX,32,,Terence SARAMANDIF,SARAMANDIF,Terence,MRI,,,,,2022 Ivrea U23 World Championships,2022 Ivrea U23 World Championships MCSLX Terence SARAMANDIF